pattern_id,review,text_sentiment,language_pattern,pattern_type,review_processed,label_text,source_file,review_rating,normalized_key,vader_compound,textblob_polarity,textblob_subjectivity,label_source
TR0001,"The food looked delicious, but I do not like it.",negative,English/Malay/Manglish,contrast_tail,the food looked delicious but i dislike it CONTRAST_FOCUS i dislike it CONTRAST_FOCUS i dislike it,i dislike it.,curated_multilingual_patterns,,"the food looked delicious, but i do not like it.",,,,team-curated linguistic pattern label
TR0002,"The food looked delicious, however I dislike the taste.",negative,English/Malay/Manglish,contrast_tail,the food looked delicious however i dislike the taste CONTRAST_FOCUS i dislike the taste CONTRAST_FOCUS i dislike the taste,i dislike the taste.,curated_multilingual_patterns,,"the food looked delicious, however i dislike the taste.",,,,team-curated linguistic pattern label
TR0003,"The food looked delicious, yet the food was stale.",negative,English/Malay/Manglish,contrast_tail,the food looked delicious yet the food was stale CONTRAST_FOCUS the food was stale CONTRAST_FOCUS the food was stale,the food was stale.,curated_multilingual_patterns,,"the food looked delicious, yet the food was stale.",,,,team-curated linguistic pattern label
TR0004,"The food looked delicious, tapi I cannot recommend it.",negative,English/Malay/Manglish,contrast_tail,the food looked delicious but i cannot NOT_recommend NOT_it CONTRAST_FOCUS i cannot NOT_recommend NOT_it CONTRAST_FOCUS i cannot NOT_recommend NOT_it,i cannot recommend it.,curated_multilingual_patterns,,"the food looked delicious, tapi i cannot recommend it.",,,,team-curated linguistic pattern label
TR0005,"The food looked delicious, tetapi it tastes awful.",negative,English/Malay/Manglish,contrast_tail,the food looked delicious but it tastes awful CONTRAST_FOCUS it tastes awful CONTRAST_FOCUS it tastes awful,it tastes awful.,curated_multilingual_patterns,,"the food looked delicious, tetapi it tastes awful.",,,,team-curated linguistic pattern label
TR0006,"The food looked delicious, but food tak sedap.",negative,English/Malay/Manglish,contrast_tail,the food looked delicious but food bad tasting CONTRAST_FOCUS food bad tasting CONTRAST_FOCUS food bad tasting,food bad tasting.,curated_multilingual_patterns,,"the food looked delicious, but food tak sedap.",,,,team-curated linguistic pattern label
TR0007,"The food looked delicious, however saya tak puas hati.",negative,English/Malay/Manglish,contrast_tail,the food looked delicious however saya dissatisfied CONTRAST_FOCUS saya dissatisfied CONTRAST_FOCUS saya dissatisfied,saya dissatisfied.,curated_multilingual_patterns,,"the food looked delicious, however saya tak puas hati.",,,,team-curated linguistic pattern label
TR0008,"The food looked delicious, yet service teruk gila.",negative,English/Malay/Manglish,contrast_tail,the food looked delicious yet service very terrible CONTRAST_FOCUS service very terrible CONTRAST_FOCUS service very terrible,service very terrible.,curated_multilingual_patterns,,"the food looked delicious, yet service teruk gila.",,,,team-curated linguistic pattern label
TR0009,"The food looked delicious, tapi order langsung tak sampai.",negative,English/Malay/Manglish,contrast_tail,the food looked delicious but order langsung not NOT_arrived CONTRAST_FOCUS order langsung not NOT_arrived CONTRAST_FOCUS order langsung not NOT_arrived,order langsung not arrived.,curated_multilingual_patterns,,"the food looked delicious, tapi order langsung tak sampai.",,,,team-curated linguistic pattern label
TR0010,"The food looked delicious, tetapi app tak boleh guna.",negative,English/Malay/Manglish,contrast_tail,the food looked delicious but app unusable CONTRAST_FOCUS app unusable CONTRAST_FOCUS app unusable,app unusable.,curated_multilingual_patterns,,"the food looked delicious, tetapi app tak boleh guna.",,,,team-curated linguistic pattern label
TR0011,"The menu looked good, however I do not like it.",negative,English/Malay/Manglish,contrast_tail,the menu looked good however i dislike it CONTRAST_FOCUS i dislike it CONTRAST_FOCUS i dislike it,i dislike it.,curated_multilingual_patterns,,"the menu looked good, however i do not like it.",,,,team-curated linguistic pattern label
TR0012,"The menu looked good, yet I dislike the taste.",negative,English/Malay/Manglish,contrast_tail,the menu looked good yet i dislike the taste CONTRAST_FOCUS i dislike the taste CONTRAST_FOCUS i dislike the taste,i dislike the taste.,curated_multilingual_patterns,,"the menu looked good, yet i dislike the taste.",,,,team-curated linguistic pattern label
TR0013,"The menu looked good, tapi the food was stale.",negative,English/Malay/Manglish,contrast_tail,the menu looked good but the food was stale CONTRAST_FOCUS the food was stale CONTRAST_FOCUS the food was stale,the food was stale.,curated_multilingual_patterns,,"the menu looked good, tapi the food was stale.",,,,team-curated linguistic pattern label
TR0014,"The menu looked good, tetapi I cannot recommend it.",negative,English/Malay/Manglish,contrast_tail,the menu looked good but i cannot NOT_recommend NOT_it CONTRAST_FOCUS i cannot NOT_recommend NOT_it CONTRAST_FOCUS i cannot NOT_recommend NOT_it,i cannot recommend it.,curated_multilingual_patterns,,"the menu looked good, tetapi i cannot recommend it.",,,,team-curated linguistic pattern label
TR0015,"The menu looked good, but it tastes awful.",negative,English/Malay/Manglish,contrast_tail,the menu looked good but it tastes awful CONTRAST_FOCUS it tastes awful CONTRAST_FOCUS it tastes awful,it tastes awful.,curated_multilingual_patterns,,"the menu looked good, but it tastes awful.",,,,team-curated linguistic pattern label
TR0016,"The menu looked good, however food tak sedap.",negative,English/Malay/Manglish,contrast_tail,the menu looked good however food bad tasting CONTRAST_FOCUS food bad tasting CONTRAST_FOCUS food bad tasting,food bad tasting.,curated_multilingual_patterns,,"the menu looked good, however food tak sedap.",,,,team-curated linguistic pattern label
TR0017,"The menu looked good, yet saya tak puas hati.",negative,English/Malay/Manglish,contrast_tail,the menu looked good yet saya dissatisfied CONTRAST_FOCUS saya dissatisfied CONTRAST_FOCUS saya dissatisfied,saya dissatisfied.,curated_multilingual_patterns,,"the menu looked good, yet saya tak puas hati.",,,,team-curated linguistic pattern label
TR0018,"The menu looked good, tapi service teruk gila.",negative,English/Malay/Manglish,contrast_tail,the menu looked good but service very terrible CONTRAST_FOCUS service very terrible CONTRAST_FOCUS service very terrible,service very terrible.,curated_multilingual_patterns,,"the menu looked good, tapi service teruk gila.",,,,team-curated linguistic pattern label
TR0019,"The menu looked good, tetapi order langsung tak sampai.",negative,English/Malay/Manglish,contrast_tail,the menu looked good but order langsung not NOT_arrived CONTRAST_FOCUS order langsung not NOT_arrived CONTRAST_FOCUS order langsung not NOT_arrived,order langsung not arrived.,curated_multilingual_patterns,,"the menu looked good, tetapi order langsung tak sampai.",,,,team-curated linguistic pattern label
TR0020,"The menu looked good, but app tak boleh guna.",negative,English/Malay/Manglish,contrast_tail,the menu looked good but app unusable CONTRAST_FOCUS app unusable CONTRAST_FOCUS app unusable,app unusable.,curated_multilingual_patterns,,"the menu looked good, but app tak boleh guna.",,,,team-curated linguistic pattern label
TR0021,"Packaging was nice, yet I do not like it.",negative,English/Malay/Manglish,contrast_tail,packaging was nice yet i dislike it CONTRAST_FOCUS i dislike it CONTRAST_FOCUS i dislike it,i dislike it.,curated_multilingual_patterns,,"packaging was nice, yet i do not like it.",,,,team-curated linguistic pattern label
TR0022,"Packaging was nice, tapi I dislike the taste.",negative,English/Malay/Manglish,contrast_tail,packaging was nice but i dislike the taste CONTRAST_FOCUS i dislike the taste CONTRAST_FOCUS i dislike the taste,i dislike the taste.,curated_multilingual_patterns,,"packaging was nice, tapi i dislike the taste.",,,,team-curated linguistic pattern label
TR0023,"Packaging was nice, tetapi the food was stale.",negative,English/Malay/Manglish,contrast_tail,packaging was nice but the food was stale CONTRAST_FOCUS the food was stale CONTRAST_FOCUS the food was stale,the food was stale.,curated_multilingual_patterns,,"packaging was nice, tetapi the food was stale.",,,,team-curated linguistic pattern label
TR0024,"Packaging was nice, but I cannot recommend it.",negative,English/Malay/Manglish,contrast_tail,packaging was nice but i cannot NOT_recommend NOT_it CONTRAST_FOCUS i cannot NOT_recommend NOT_it CONTRAST_FOCUS i cannot NOT_recommend NOT_it,i cannot recommend it.,curated_multilingual_patterns,,"packaging was nice, but i cannot recommend it.",,,,team-curated linguistic pattern label
TR0025,"Packaging was nice, however it tastes awful.",negative,English/Malay/Manglish,contrast_tail,packaging was nice however it tastes awful CONTRAST_FOCUS it tastes awful CONTRAST_FOCUS it tastes awful,it tastes awful.,curated_multilingual_patterns,,"packaging was nice, however it tastes awful.",,,,team-curated linguistic pattern label
TR0026,"Packaging was nice, yet food tak sedap.",negative,English/Malay/Manglish,contrast_tail,packaging was nice yet food bad tasting CONTRAST_FOCUS food bad tasting CONTRAST_FOCUS food bad tasting,food bad tasting.,curated_multilingual_patterns,,"packaging was nice, yet food tak sedap.",,,,team-curated linguistic pattern label
TR0027,"Packaging was nice, tapi saya tak puas hati.",negative,English/Malay/Manglish,contrast_tail,packaging was nice but saya dissatisfied CONTRAST_FOCUS saya dissatisfied CONTRAST_FOCUS saya dissatisfied,saya dissatisfied.,curated_multilingual_patterns,,"packaging was nice, tapi saya tak puas hati.",,,,team-curated linguistic pattern label
TR0028,"Packaging was nice, tetapi service teruk gila.",negative,English/Malay/Manglish,contrast_tail,packaging was nice but service very terrible CONTRAST_FOCUS service very terrible CONTRAST_FOCUS service very terrible,service very terrible.,curated_multilingual_patterns,,"packaging was nice, tetapi service teruk gila.",,,,team-curated linguistic pattern label
TR0029,"Packaging was nice, but order langsung tak sampai.",negative,English/Malay/Manglish,contrast_tail,packaging was nice but order langsung not NOT_arrived CONTRAST_FOCUS order langsung not NOT_arrived CONTRAST_FOCUS order langsung not NOT_arrived,order langsung not arrived.,curated_multilingual_patterns,,"packaging was nice, but order langsung tak sampai.",,,,team-curated linguistic pattern label
TR0030,"Packaging was nice, however app tak boleh guna.",negative,English/Malay/Manglish,contrast_tail,packaging was nice however app unusable CONTRAST_FOCUS app unusable CONTRAST_FOCUS app unusable,app unusable.,curated_multilingual_patterns,,"packaging was nice, however app tak boleh guna.",,,,team-curated linguistic pattern label
TR0031,"Delivery was fast, tapi I do not like it.",negative,English/Malay/Manglish,contrast_tail,delivery was fast but i dislike it CONTRAST_FOCUS i dislike it CONTRAST_FOCUS i dislike it,i dislike it.,curated_multilingual_patterns,,"delivery was fast, tapi i do not like it.",,,,team-curated linguistic pattern label
TR0032,"Delivery was fast, tetapi I dislike the taste.",negative,English/Malay/Manglish,contrast_tail,delivery was fast but i dislike the taste CONTRAST_FOCUS i dislike the taste CONTRAST_FOCUS i dislike the taste,i dislike the taste.,curated_multilingual_patterns,,"delivery was fast, tetapi i dislike the taste.",,,,team-curated linguistic pattern label
TR0033,"Delivery was fast, but the food was stale.",negative,English/Malay/Manglish,contrast_tail,delivery was fast but the food was stale CONTRAST_FOCUS the food was stale CONTRAST_FOCUS the food was stale,the food was stale.,curated_multilingual_patterns,,"delivery was fast, but the food was stale.",,,,team-curated linguistic pattern label
TR0034,"Delivery was fast, however I cannot recommend it.",negative,English/Malay/Manglish,contrast_tail,delivery was fast however i cannot NOT_recommend NOT_it CONTRAST_FOCUS i cannot NOT_recommend NOT_it CONTRAST_FOCUS i cannot NOT_recommend NOT_it,i cannot recommend it.,curated_multilingual_patterns,,"delivery was fast, however i cannot recommend it.",,,,team-curated linguistic pattern label
TR0035,"Delivery was fast, yet it tastes awful.",negative,English/Malay/Manglish,contrast_tail,delivery was fast yet it tastes awful CONTRAST_FOCUS it tastes awful CONTRAST_FOCUS it tastes awful,it tastes awful.,curated_multilingual_patterns,,"delivery was fast, yet it tastes awful.",,,,team-curated linguistic pattern label
TR0036,"Delivery was fast, tapi food tak sedap.",negative,English/Malay/Manglish,contrast_tail,delivery was fast but food bad tasting CONTRAST_FOCUS food bad tasting CONTRAST_FOCUS food bad tasting,food bad tasting.,curated_multilingual_patterns,,"delivery was fast, tapi food tak sedap.",,,,team-curated linguistic pattern label
TR0037,"Delivery was fast, tetapi saya tak puas hati.",negative,English/Malay/Manglish,contrast_tail,delivery was fast but saya dissatisfied CONTRAST_FOCUS saya dissatisfied CONTRAST_FOCUS saya dissatisfied,saya dissatisfied.,curated_multilingual_patterns,,"delivery was fast, tetapi saya tak puas hati.",,,,team-curated linguistic pattern label
TR0038,"Delivery was fast, but service teruk gila.",negative,English/Malay/Manglish,contrast_tail,delivery was fast but service very terrible CONTRAST_FOCUS service very terrible CONTRAST_FOCUS service very terrible,service very terrible.,curated_multilingual_patterns,,"delivery was fast, but service teruk gila.",,,,team-curated linguistic pattern label
TR0039,"Delivery was fast, however order langsung tak sampai.",negative,English/Malay/Manglish,contrast_tail,delivery was fast however order langsung not NOT_arrived CONTRAST_FOCUS order langsung not NOT_arrived CONTRAST_FOCUS order langsung not NOT_arrived,order langsung not arrived.,curated_multilingual_patterns,,"delivery was fast, however order langsung tak sampai.",,,,team-curated linguistic pattern label
TR0040,"Delivery was fast, yet app tak boleh guna.",negative,English/Malay/Manglish,contrast_tail,delivery was fast yet app unusable CONTRAST_FOCUS app unusable CONTRAST_FOCUS app unusable,app unusable.,curated_multilingual_patterns,,"delivery was fast, yet app tak boleh guna.",,,,team-curated linguistic pattern label
TR0041,"Harga murah, tetapi I do not like it.",negative,English/Malay/Manglish,contrast_tail,harga cheap but i dislike it CONTRAST_FOCUS i dislike it CONTRAST_FOCUS i dislike it,i dislike it.,curated_multilingual_patterns,,"harga murah, tetapi i do not like it.",,,,team-curated linguistic pattern label
TR0042,"Harga murah, but I dislike the taste.",negative,English/Malay/Manglish,contrast_tail,harga cheap but i dislike the taste CONTRAST_FOCUS i dislike the taste CONTRAST_FOCUS i dislike the taste,i dislike the taste.,curated_multilingual_patterns,,"harga murah, but i dislike the taste.",,,,team-curated linguistic pattern label
TR0043,"Harga murah, however the food was stale.",negative,English/Malay/Manglish,contrast_tail,harga cheap however the food was stale CONTRAST_FOCUS the food was stale CONTRAST_FOCUS the food was stale,the food was stale.,curated_multilingual_patterns,,"harga murah, however the food was stale.",,,,team-curated linguistic pattern label
TR0044,"Harga murah, yet I cannot recommend it.",negative,English/Malay/Manglish,contrast_tail,harga cheap yet i cannot NOT_recommend NOT_it CONTRAST_FOCUS i cannot NOT_recommend NOT_it CONTRAST_FOCUS i cannot NOT_recommend NOT_it,i cannot recommend it.,curated_multilingual_patterns,,"harga murah, yet i cannot recommend it.",,,,team-curated linguistic pattern label
TR0045,"Harga murah, tapi it tastes awful.",negative,English/Malay/Manglish,contrast_tail,harga cheap but it tastes awful CONTRAST_FOCUS it tastes awful CONTRAST_FOCUS it tastes awful,it tastes awful.,curated_multilingual_patterns,,"harga murah, tapi it tastes awful.",,,,team-curated linguistic pattern label
TR0046,"Harga murah, tetapi food tak sedap.",negative,English/Malay/Manglish,contrast_tail,harga cheap but food bad tasting CONTRAST_FOCUS food bad tasting CONTRAST_FOCUS food bad tasting,food bad tasting.,curated_multilingual_patterns,,"harga murah, tetapi food tak sedap.",,,,team-curated linguistic pattern label
TR0047,"Harga murah, but saya tak puas hati.",negative,English/Malay/Manglish,contrast_tail,harga cheap but saya dissatisfied CONTRAST_FOCUS saya dissatisfied CONTRAST_FOCUS saya dissatisfied,saya dissatisfied.,curated_multilingual_patterns,,"harga murah, but saya tak puas hati.",,,,team-curated linguistic pattern label
TR0048,"Harga murah, however service teruk gila.",negative,English/Malay/Manglish,contrast_tail,harga cheap however service very terrible CONTRAST_FOCUS service very terrible CONTRAST_FOCUS service very terrible,service very terrible.,curated_multilingual_patterns,,"harga murah, however service teruk gila.",,,,team-curated linguistic pattern label
TR0049,"Harga murah, yet order langsung tak sampai.",negative,English/Malay/Manglish,contrast_tail,harga cheap yet order langsung not NOT_arrived CONTRAST_FOCUS order langsung not NOT_arrived CONTRAST_FOCUS order langsung not NOT_arrived,order langsung not arrived.,curated_multilingual_patterns,,"harga murah, yet order langsung tak sampai.",,,,team-curated linguistic pattern label
TR0050,"Harga murah, tapi app tak boleh guna.",negative,English/Malay/Manglish,contrast_tail,harga cheap but app unusable CONTRAST_FOCUS app unusable CONTRAST_FOCUS app unusable,app unusable.,curated_multilingual_patterns,,"harga murah, tapi app tak boleh guna.",,,,team-curated linguistic pattern label
TR0051,"Makanan nampak sedap, but I do not like it.",negative,English/Malay/Manglish,contrast_tail,makanan nampak delicious but i dislike it CONTRAST_FOCUS i dislike it CONTRAST_FOCUS i dislike it,i dislike it.,curated_multilingual_patterns,,"makanan nampak sedap, but i do not like it.",,,,team-curated linguistic pattern label
TR0052,"Makanan nampak sedap, however I dislike the taste.",negative,English/Malay/Manglish,contrast_tail,makanan nampak delicious however i dislike the taste CONTRAST_FOCUS i dislike the taste CONTRAST_FOCUS i dislike the taste,i dislike the taste.,curated_multilingual_patterns,,"makanan nampak sedap, however i dislike the taste.",,,,team-curated linguistic pattern label
TR0053,"Makanan nampak sedap, yet the food was stale.",negative,English/Malay/Manglish,contrast_tail,makanan nampak delicious yet the food was stale CONTRAST_FOCUS the food was stale CONTRAST_FOCUS the food was stale,the food was stale.,curated_multilingual_patterns,,"makanan nampak sedap, yet the food was stale.",,,,team-curated linguistic pattern label
TR0054,"Makanan nampak sedap, tapi I cannot recommend it.",negative,English/Malay/Manglish,contrast_tail,makanan nampak delicious but i cannot NOT_recommend NOT_it CONTRAST_FOCUS i cannot NOT_recommend NOT_it CONTRAST_FOCUS i cannot NOT_recommend NOT_it,i cannot recommend it.,curated_multilingual_patterns,,"makanan nampak sedap, tapi i cannot recommend it.",,,,team-curated linguistic pattern label
TR0055,"Makanan nampak sedap, tetapi it tastes awful.",negative,English/Malay/Manglish,contrast_tail,makanan nampak delicious but it tastes awful CONTRAST_FOCUS it tastes awful CONTRAST_FOCUS it tastes awful,it tastes awful.,curated_multilingual_patterns,,"makanan nampak sedap, tetapi it tastes awful.",,,,team-curated linguistic pattern label
TR0056,"Makanan nampak sedap, but food tak sedap.",negative,English/Malay/Manglish,contrast_tail,makanan nampak delicious but food bad tasting CONTRAST_FOCUS food bad tasting CONTRAST_FOCUS food bad tasting,food bad tasting.,curated_multilingual_patterns,,"makanan nampak sedap, but food tak sedap.",,,,team-curated linguistic pattern label
TR0057,"Makanan nampak sedap, however saya tak puas hati.",negative,English/Malay/Manglish,contrast_tail,makanan nampak delicious however saya dissatisfied CONTRAST_FOCUS saya dissatisfied CONTRAST_FOCUS saya dissatisfied,saya dissatisfied.,curated_multilingual_patterns,,"makanan nampak sedap, however saya tak puas hati.",,,,team-curated linguistic pattern label
TR0058,"Makanan nampak sedap, yet service teruk gila.",negative,English/Malay/Manglish,contrast_tail,makanan nampak delicious yet service very terrible CONTRAST_FOCUS service very terrible CONTRAST_FOCUS service very terrible,service very terrible.,curated_multilingual_patterns,,"makanan nampak sedap, yet service teruk gila.",,,,team-curated linguistic pattern label
TR0059,"Makanan nampak sedap, tapi order langsung tak sampai.",negative,English/Malay/Manglish,contrast_tail,makanan nampak delicious but order langsung not NOT_arrived CONTRAST_FOCUS order langsung not NOT_arrived CONTRAST_FOCUS order langsung not NOT_arrived,order langsung not arrived.,curated_multilingual_patterns,,"makanan nampak sedap, tapi order langsung tak sampai.",,,,team-curated linguistic pattern label
TR0060,"Makanan nampak sedap, tetapi app tak boleh guna.",negative,English/Malay/Manglish,contrast_tail,makanan nampak delicious but app unusable CONTRAST_FOCUS app unusable CONTRAST_FOCUS app unusable,app unusable.,curated_multilingual_patterns,,"makanan nampak sedap, tetapi app tak boleh guna.",,,,team-curated linguistic pattern label
TR0061,"App design memang cantik, however I do not like it.",negative,English/Malay/Manglish,contrast_tail,app design memang beautiful however i dislike it CONTRAST_FOCUS i dislike it CONTRAST_FOCUS i dislike it,i dislike it.,curated_multilingual_patterns,,"app design memang cantik, however i do not like it.",,,,team-curated linguistic pattern label
TR0062,"App design memang cantik, yet I dislike the taste.",negative,English/Malay/Manglish,contrast_tail,app design memang beautiful yet i dislike the taste CONTRAST_FOCUS i dislike the taste CONTRAST_FOCUS i dislike the taste,i dislike the taste.,curated_multilingual_patterns,,"app design memang cantik, yet i dislike the taste.",,,,team-curated linguistic pattern label
TR0063,"App design memang cantik, tapi the food was stale.",negative,English/Malay/Manglish,contrast_tail,app design memang beautiful but the food was stale CONTRAST_FOCUS the food was stale CONTRAST_FOCUS the food was stale,the food was stale.,curated_multilingual_patterns,,"app design memang cantik, tapi the food was stale.",,,,team-curated linguistic pattern label
TR0064,"App design memang cantik, tetapi I cannot recommend it.",negative,English/Malay/Manglish,contrast_tail,app design memang beautiful but i cannot NOT_recommend NOT_it CONTRAST_FOCUS i cannot NOT_recommend NOT_it CONTRAST_FOCUS i cannot NOT_recommend NOT_it,i cannot recommend it.,curated_multilingual_patterns,,"app design memang cantik, tetapi i cannot recommend it.",,,,team-curated linguistic pattern label
TR0065,"App design memang cantik, but it tastes awful.",negative,English/Malay/Manglish,contrast_tail,app design memang beautiful but it tastes awful CONTRAST_FOCUS it tastes awful CONTRAST_FOCUS it tastes awful,it tastes awful.,curated_multilingual_patterns,,"app design memang cantik, but it tastes awful.",,,,team-curated linguistic pattern label
TR0066,"App design memang cantik, however food tak sedap.",negative,English/Malay/Manglish,contrast_tail,app design memang beautiful however food bad tasting CONTRAST_FOCUS food bad tasting CONTRAST_FOCUS food bad tasting,food bad tasting.,curated_multilingual_patterns,,"app design memang cantik, however food tak sedap.",,,,team-curated linguistic pattern label
TR0067,"App design memang cantik, yet saya tak puas hati.",negative,English/Malay/Manglish,contrast_tail,app design memang beautiful yet saya dissatisfied CONTRAST_FOCUS saya dissatisfied CONTRAST_FOCUS saya dissatisfied,saya dissatisfied.,curated_multilingual_patterns,,"app design memang cantik, yet saya tak puas hati.",,,,team-curated linguistic pattern label
TR0068,"App design memang cantik, tapi service teruk gila.",negative,English/Malay/Manglish,contrast_tail,app design memang beautiful but service very terrible CONTRAST_FOCUS service very terrible CONTRAST_FOCUS service very terrible,service very terrible.,curated_multilingual_patterns,,"app design memang cantik, tapi service teruk gila.",,,,team-curated linguistic pattern label
TR0069,"App design memang cantik, tetapi order langsung tak sampai.",negative,English/Malay/Manglish,contrast_tail,app design memang beautiful but order langsung not NOT_arrived CONTRAST_FOCUS order langsung not NOT_arrived CONTRAST_FOCUS order langsung not NOT_arrived,order langsung not arrived.,curated_multilingual_patterns,,"app design memang cantik, tetapi order langsung tak sampai.",,,,team-curated linguistic pattern label
TR0070,"App design memang cantik, but app tak boleh guna.",negative,English/Malay/Manglish,contrast_tail,app design memang beautiful but app unusable CONTRAST_FOCUS app unusable CONTRAST_FOCUS app unusable,app unusable.,curated_multilingual_patterns,,"app design memang cantik, but app tak boleh guna.",,,,team-curated linguistic pattern label
TR0071,"Driver sampai cepat, yet I do not like it.",negative,English/Malay/Manglish,contrast_tail,driver sampai fast yet i dislike it CONTRAST_FOCUS i dislike it CONTRAST_FOCUS i dislike it,i dislike it.,curated_multilingual_patterns,,"driver sampai cepat, yet i do not like it.",,,,team-curated linguistic pattern label
TR0072,"Driver sampai cepat, tapi I dislike the taste.",negative,English/Malay/Manglish,contrast_tail,driver sampai fast but i dislike the taste CONTRAST_FOCUS i dislike the taste CONTRAST_FOCUS i dislike the taste,i dislike the taste.,curated_multilingual_patterns,,"driver sampai cepat, tapi i dislike the taste.",,,,team-curated linguistic pattern label
TR0073,"Driver sampai cepat, tetapi the food was stale.",negative,English/Malay/Manglish,contrast_tail,driver sampai fast but the food was stale CONTRAST_FOCUS the food was stale CONTRAST_FOCUS the food was stale,the food was stale.,curated_multilingual_patterns,,"driver sampai cepat, tetapi the food was stale.",,,,team-curated linguistic pattern label
TR0074,"Driver sampai cepat, but I cannot recommend it.",negative,English/Malay/Manglish,contrast_tail,driver sampai fast but i cannot NOT_recommend NOT_it CONTRAST_FOCUS i cannot NOT_recommend NOT_it CONTRAST_FOCUS i cannot NOT_recommend NOT_it,i cannot recommend it.,curated_multilingual_patterns,,"driver sampai cepat, but i cannot recommend it.",,,,team-curated linguistic pattern label
TR0075,"Driver sampai cepat, however it tastes awful.",negative,English/Malay/Manglish,contrast_tail,driver sampai fast however it tastes awful CONTRAST_FOCUS it tastes awful CONTRAST_FOCUS it tastes awful,it tastes awful.,curated_multilingual_patterns,,"driver sampai cepat, however it tastes awful.",,,,team-curated linguistic pattern label
TR0076,"Driver sampai cepat, yet food tak sedap.",negative,English/Malay/Manglish,contrast_tail,driver sampai fast yet food bad tasting CONTRAST_FOCUS food bad tasting CONTRAST_FOCUS food bad tasting,food bad tasting.,curated_multilingual_patterns,,"driver sampai cepat, yet food tak sedap.",,,,team-curated linguistic pattern label
TR0077,"Driver sampai cepat, tapi saya tak puas hati.",negative,English/Malay/Manglish,contrast_tail,driver sampai fast but saya dissatisfied CONTRAST_FOCUS saya dissatisfied CONTRAST_FOCUS saya dissatisfied,saya dissatisfied.,curated_multilingual_patterns,,"driver sampai cepat, tapi saya tak puas hati.",,,,team-curated linguistic pattern label
TR0078,"Driver sampai cepat, tetapi service teruk gila.",negative,English/Malay/Manglish,contrast_tail,driver sampai fast but service very terrible CONTRAST_FOCUS service very terrible CONTRAST_FOCUS service very terrible,service very terrible.,curated_multilingual_patterns,,"driver sampai cepat, tetapi service teruk gila.",,,,team-curated linguistic pattern label
TR0079,"Driver sampai cepat, but order langsung tak sampai.",negative,English/Malay/Manglish,contrast_tail,driver sampai fast but order langsung not NOT_arrived CONTRAST_FOCUS order langsung not NOT_arrived CONTRAST_FOCUS order langsung not NOT_arrived,order langsung not arrived.,curated_multilingual_patterns,,"driver sampai cepat, but order langsung tak sampai.",,,,team-curated linguistic pattern label
TR0080,"Driver sampai cepat, however app tak boleh guna.",negative,English/Malay/Manglish,contrast_tail,driver sampai fast however app unusable CONTRAST_FOCUS app unusable CONTRAST_FOCUS app unusable,app unusable.,curated_multilingual_patterns,,"driver sampai cepat, however app tak boleh guna.",,,,team-curated linguistic pattern label
TR0081,"Promo looks attractive, tapi I do not like it.",negative,English/Malay/Manglish,contrast_tail,promo looks attractive but i dislike it CONTRAST_FOCUS i dislike it CONTRAST_FOCUS i dislike it,i dislike it.,curated_multilingual_patterns,,"promo looks attractive, tapi i do not like it.",,,,team-curated linguistic pattern label
TR0082,"Promo looks attractive, tetapi I dislike the taste.",negative,English/Malay/Manglish,contrast_tail,promo looks attractive but i dislike the taste CONTRAST_FOCUS i dislike the taste CONTRAST_FOCUS i dislike the taste,i dislike the taste.,curated_multilingual_patterns,,"promo looks attractive, tetapi i dislike the taste.",,,,team-curated linguistic pattern label
TR0083,"Promo looks attractive, but the food was stale.",negative,English/Malay/Manglish,contrast_tail,promo looks attractive but the food was stale CONTRAST_FOCUS the food was stale CONTRAST_FOCUS the food was stale,the food was stale.,curated_multilingual_patterns,,"promo looks attractive, but the food was stale.",,,,team-curated linguistic pattern label
TR0084,"Promo looks attractive, however I cannot recommend it.",negative,English/Malay/Manglish,contrast_tail,promo looks attractive however i cannot NOT_recommend NOT_it CONTRAST_FOCUS i cannot NOT_recommend NOT_it CONTRAST_FOCUS i cannot NOT_recommend NOT_it,i cannot recommend it.,curated_multilingual_patterns,,"promo looks attractive, however i cannot recommend it.",,,,team-curated linguistic pattern label
TR0085,"Promo looks attractive, yet it tastes awful.",negative,English/Malay/Manglish,contrast_tail,promo looks attractive yet it tastes awful CONTRAST_FOCUS it tastes awful CONTRAST_FOCUS it tastes awful,it tastes awful.,curated_multilingual_patterns,,"promo looks attractive, yet it tastes awful.",,,,team-curated linguistic pattern label
TR0086,"Promo looks attractive, tapi food tak sedap.",negative,English/Malay/Manglish,contrast_tail,promo looks attractive but food bad tasting CONTRAST_FOCUS food bad tasting CONTRAST_FOCUS food bad tasting,food bad tasting.,curated_multilingual_patterns,,"promo looks attractive, tapi food tak sedap.",,,,team-curated linguistic pattern label
TR0087,"Promo looks attractive, tetapi saya tak puas hati.",negative,English/Malay/Manglish,contrast_tail,promo looks attractive but saya dissatisfied CONTRAST_FOCUS saya dissatisfied CONTRAST_FOCUS saya dissatisfied,saya dissatisfied.,curated_multilingual_patterns,,"promo looks attractive, tetapi saya tak puas hati.",,,,team-curated linguistic pattern label
TR0088,"Promo looks attractive, but service teruk gila.",negative,English/Malay/Manglish,contrast_tail,promo looks attractive but service very terrible CONTRAST_FOCUS service very terrible CONTRAST_FOCUS service very terrible,service very terrible.,curated_multilingual_patterns,,"promo looks attractive, but service teruk gila.",,,,team-curated linguistic pattern label
TR0089,"Promo looks attractive, however order langsung tak sampai.",negative,English/Malay/Manglish,contrast_tail,promo looks attractive however order langsung not NOT_arrived CONTRAST_FOCUS order langsung not NOT_arrived CONTRAST_FOCUS order langsung not NOT_arrived,order langsung not arrived.,curated_multilingual_patterns,,"promo looks attractive, however order langsung tak sampai.",,,,team-curated linguistic pattern label
TR0090,"Promo looks attractive, yet app tak boleh guna.",negative,English/Malay/Manglish,contrast_tail,promo looks attractive yet app unusable CONTRAST_FOCUS app unusable CONTRAST_FOCUS app unusable,app unusable.,curated_multilingual_patterns,,"promo looks attractive, yet app tak boleh guna.",,,,team-curated linguistic pattern label
TR0091,"Restaurant rating was high, tetapi I do not like it.",negative,English/Malay/Manglish,contrast_tail,restaura not NOT_rating NOT_was NOT_high but i dislike it CONTRAST_FOCUS i dislike it CONTRAST_FOCUS i dislike it,i dislike it.,curated_multilingual_patterns,,"restaurant rating was high, tetapi i do not like it.",,,,team-curated linguistic pattern label
TR0092,"Restaurant rating was high, but I dislike the taste.",negative,English/Malay/Manglish,contrast_tail,restaura not NOT_rating NOT_was NOT_high but i dislike the taste CONTRAST_FOCUS i dislike the taste CONTRAST_FOCUS i dislike the taste,i dislike the taste.,curated_multilingual_patterns,,"restaurant rating was high, but i dislike the taste.",,,,team-curated linguistic pattern label
TR0093,"Restaurant rating was high, however the food was stale.",negative,English/Malay/Manglish,contrast_tail,restaura not NOT_rating NOT_was NOT_high however the food was stale CONTRAST_FOCUS the food was stale CONTRAST_FOCUS the food was stale,the food was stale.,curated_multilingual_patterns,,"restaurant rating was high, however the food was stale.",,,,team-curated linguistic pattern label
TR0094,"Restaurant rating was high, yet I cannot recommend it.",negative,English/Malay/Manglish,contrast_tail,restaura not NOT_rating NOT_was NOT_high yet i cannot NOT_recommend NOT_it CONTRAST_FOCUS i cannot NOT_recommend NOT_it CONTRAST_FOCUS i cannot NOT_recommend NOT_it,i cannot recommend it.,curated_multilingual_patterns,,"restaurant rating was high, yet i cannot recommend it.",,,,team-curated linguistic pattern label
TR0095,"Restaurant rating was high, tapi it tastes awful.",negative,English/Malay/Manglish,contrast_tail,restaura not NOT_rating NOT_was NOT_high but it tastes awful CONTRAST_FOCUS it tastes awful CONTRAST_FOCUS it tastes awful,it tastes awful.,curated_multilingual_patterns,,"restaurant rating was high, tapi it tastes awful.",,,,team-curated linguistic pattern label
TR0096,"Restaurant rating was high, tetapi food tak sedap.",negative,English/Malay/Manglish,contrast_tail,restaura not NOT_rating NOT_was NOT_high but food bad tasting CONTRAST_FOCUS food bad tasting CONTRAST_FOCUS food bad tasting,food bad tasting.,curated_multilingual_patterns,,"restaurant rating was high, tetapi food tak sedap.",,,,team-curated linguistic pattern label
TR0097,"Restaurant rating was high, but saya tak puas hati.",negative,English/Malay/Manglish,contrast_tail,restaura not NOT_rating NOT_was NOT_high but saya dissatisfied CONTRAST_FOCUS saya dissatisfied CONTRAST_FOCUS saya dissatisfied,saya dissatisfied.,curated_multilingual_patterns,,"restaurant rating was high, but saya tak puas hati.",,,,team-curated linguistic pattern label
TR0098,"Restaurant rating was high, however service teruk gila.",negative,English/Malay/Manglish,contrast_tail,restaura not NOT_rating NOT_was NOT_high however service very terrible CONTRAST_FOCUS service very terrible CONTRAST_FOCUS service very terrible,service very terrible.,curated_multilingual_patterns,,"restaurant rating was high, however service teruk gila.",,,,team-curated linguistic pattern label
TR0099,"Restaurant rating was high, yet order langsung tak sampai.",negative,English/Malay/Manglish,contrast_tail,restaura not NOT_rating NOT_was NOT_high yet order langsung not NOT_arrived CONTRAST_FOCUS order langsung not NOT_arrived CONTRAST_FOCUS order langsung not NOT_arrived,order langsung not arrived.,curated_multilingual_patterns,,"restaurant rating was high, yet order langsung tak sampai.",,,,team-curated linguistic pattern label
TR0100,"Restaurant rating was high, tapi app tak boleh guna.",negative,English/Malay/Manglish,contrast_tail,restaura not NOT_rating NOT_was NOT_high but app unusable CONTRAST_FOCUS app unusable CONTRAST_FOCUS app unusable,app unusable.,curated_multilingual_patterns,,"restaurant rating was high, tapi app tak boleh guna.",,,,team-curated linguistic pattern label
TR0101,"The restaurant was busy, however the food was excellent.",positive,English/Malay/Manglish,contrast_tail,the restaura not NOT_was NOT_busy however the food was excellent not CONTRAST_FOCUS the food was excellent not CONTRAST_FOCUS the food was excellent not,the food was excellent not.,curated_multilingual_patterns,,"the restaurant was busy, however the food was excellent.",,,,team-curated linguistic pattern label
TR0102,"The restaurant was busy, yet I loved the meal.",positive,English/Malay/Manglish,contrast_tail,the restaura not NOT_was NOT_busy yet i loved the meal CONTRAST_FOCUS i loved the meal CONTRAST_FOCUS i loved the meal,i loved the meal.,curated_multilingual_patterns,,"the restaurant was busy, yet i loved the meal.",,,,team-curated linguistic pattern label
TR0103,"The restaurant was busy, tapi the driver was very helpful.",positive,English/Malay/Manglish,contrast_tail,the restaura not NOT_was NOT_busy but the driver was very helpful CONTRAST_FOCUS the driver was very helpful CONTRAST_FOCUS the driver was very helpful,the driver was very helpful.,curated_multilingual_patterns,,"the restaurant was busy, tapi the driver was very helpful.",,,,team-curated linguistic pattern label
TR0104,"The restaurant was busy, tetapi I would order again.",positive,English/Malay/Manglish,contrast_tail,the restaura not NOT_was NOT_busy but i would order again CONTRAST_FOCUS i would order again CONTRAST_FOCUS i would order again,i would order again.,curated_multilingual_patterns,,"the restaurant was busy, tetapi i would order again.",,,,team-curated linguistic pattern label
TR0105,"The restaurant was busy, but everything ended well.",positive,English/Malay/Manglish,contrast_tail,the restaura not NOT_was NOT_busy but everything ended well CONTRAST_FOCUS everything ended well CONTRAST_FOCUS everything ended well,everything ended well.,curated_multilingual_patterns,,"the restaurant was busy, but everything ended well.",,,,team-curated linguistic pattern label
TR0106,"The restaurant was busy, however makanan sedap gila.",positive,English/Malay/Manglish,contrast_tail,the restaura not NOT_was NOT_busy however makanan very delicious CONTRAST_FOCUS makanan very delicious CONTRAST_FOCUS makanan very delicious,makanan very delicious.,curated_multilingual_patterns,,"the restaurant was busy, however makanan sedap gila.",,,,team-curated linguistic pattern label
TR0107,"The restaurant was busy, yet saya sangat puas hati.",positive,English/Malay/Manglish,contrast_tail,the restaura not NOT_was NOT_busy yet saya sangat satisfied CONTRAST_FOCUS saya sangat satisfied CONTRAST_FOCUS saya sangat satisfied,saya sangat satisfied.,curated_multilingual_patterns,,"the restaurant was busy, yet saya sangat puas hati.",,,,team-curated linguistic pattern label
TR0108,"The restaurant was busy, tapi delivery cepat dan bagus.",positive,English/Malay/Manglish,contrast_tail,the restaura not NOT_was NOT_busy but delivery fast dan good CONTRAST_FOCUS delivery fast dan good CONTRAST_FOCUS delivery fast dan good,delivery fast dan good.,curated_multilingual_patterns,,"the restaurant was busy, tapi delivery cepat dan bagus.",,,,team-curated linguistic pattern label
TR0109,"The restaurant was busy, tetapi app senang guna.",positive,English/Malay/Manglish,contrast_tail,the restaura not NOT_was NOT_busy but app senang guna CONTRAST_FOCUS app senang guna CONTRAST_FOCUS app senang guna,app senang guna.,curated_multilingual_patterns,,"the restaurant was busy, tetapi app senang guna.",,,,team-curated linguistic pattern label
TR0110,"The restaurant was busy, but customer service memang mantap.",positive,English/Malay/Manglish,contrast_tail,the restaura not NOT_was NOT_busy but customer service memang excellent CONTRAST_FOCUS customer service memang excellent CONTRAST_FOCUS customer service memang excellent,customer service memang excellent.,curated_multilingual_patterns,,"the restaurant was busy, but customer service memang mantap.",,,,team-curated linguistic pattern label
TR0111,"The app was confusing, yet the food was excellent.",positive,English/Malay/Manglish,contrast_tail,the app was confusing yet the food was excellent not CONTRAST_FOCUS the food was excellent not CONTRAST_FOCUS the food was excellent not,the food was excellent not.,curated_multilingual_patterns,,"the app was confusing, yet the food was excellent.",,,,team-curated linguistic pattern label
TR0112,"The app was confusing, tapi I loved the meal.",positive,English/Malay/Manglish,contrast_tail,the app was confusing but i loved the meal CONTRAST_FOCUS i loved the meal CONTRAST_FOCUS i loved the meal,i loved the meal.,curated_multilingual_patterns,,"the app was confusing, tapi i loved the meal.",,,,team-curated linguistic pattern label
TR0113,"The app was confusing, tetapi the driver was very helpful.",positive,English/Malay/Manglish,contrast_tail,the app was confusing but the driver was very helpful CONTRAST_FOCUS the driver was very helpful CONTRAST_FOCUS the driver was very helpful,the driver was very helpful.,curated_multilingual_patterns,,"the app was confusing, tetapi the driver was very helpful.",,,,team-curated linguistic pattern label
TR0114,"The app was confusing, but I would order again.",positive,English/Malay/Manglish,contrast_tail,the app was confusing but i would order again CONTRAST_FOCUS i would order again CONTRAST_FOCUS i would order again,i would order again.,curated_multilingual_patterns,,"the app was confusing, but i would order again.",,,,team-curated linguistic pattern label
TR0115,"The app was confusing, however everything ended well.",positive,English/Malay/Manglish,contrast_tail,the app was confusing however everything ended well CONTRAST_FOCUS everything ended well CONTRAST_FOCUS everything ended well,everything ended well.,curated_multilingual_patterns,,"the app was confusing, however everything ended well.",,,,team-curated linguistic pattern label
TR0116,"The app was confusing, yet makanan sedap gila.",positive,English/Malay/Manglish,contrast_tail,the app was confusing yet makanan very delicious CONTRAST_FOCUS makanan very delicious CONTRAST_FOCUS makanan very delicious,makanan very delicious.,curated_multilingual_patterns,,"the app was confusing, yet makanan sedap gila.",,,,team-curated linguistic pattern label
TR0117,"The app was confusing, tapi saya sangat puas hati.",positive,English/Malay/Manglish,contrast_tail,the app was confusing but saya sangat satisfied CONTRAST_FOCUS saya sangat satisfied CONTRAST_FOCUS saya sangat satisfied,saya sangat satisfied.,curated_multilingual_patterns,,"the app was confusing, tapi saya sangat puas hati.",,,,team-curated linguistic pattern label
TR0118,"The app was confusing, tetapi delivery cepat dan bagus.",positive,English/Malay/Manglish,contrast_tail,the app was confusing but delivery fast dan good CONTRAST_FOCUS delivery fast dan good CONTRAST_FOCUS delivery fast dan good,delivery fast dan good.,curated_multilingual_patterns,,"the app was confusing, tetapi delivery cepat dan bagus.",,,,team-curated linguistic pattern label
TR0119,"The app was confusing, but app senang guna.",positive,English/Malay/Manglish,contrast_tail,the app was confusing but app senang guna CONTRAST_FOCUS app senang guna CONTRAST_FOCUS app senang guna,app senang guna.,curated_multilingual_patterns,,"the app was confusing, but app senang guna.",,,,team-curated linguistic pattern label
TR0120,"The app was confusing, however customer service memang mantap.",positive,English/Malay/Manglish,contrast_tail,the app was confusing however customer service memang excellent CONTRAST_FOCUS customer service memang excellent CONTRAST_FOCUS customer service memang excellent,customer service memang excellent.,curated_multilingual_patterns,,"the app was confusing, however customer service memang mantap.",,,,team-curated linguistic pattern label
TR0121,"Delivery started late, tapi the food was excellent.",positive,English/Malay/Manglish,contrast_tail,delivery started late but the food was excellent not CONTRAST_FOCUS the food was excellent not CONTRAST_FOCUS the food was excellent not,the food was excellent not.,curated_multilingual_patterns,,"delivery started late, tapi the food was excellent.",,,,team-curated linguistic pattern label
TR0122,"Delivery started late, tetapi I loved the meal.",positive,English/Malay/Manglish,contrast_tail,delivery started late but i loved the meal CONTRAST_FOCUS i loved the meal CONTRAST_FOCUS i loved the meal,i loved the meal.,curated_multilingual_patterns,,"delivery started late, tetapi i loved the meal.",,,,team-curated linguistic pattern label
TR0123,"Delivery started late, but the driver was very helpful.",positive,English/Malay/Manglish,contrast_tail,delivery started late but the driver was very helpful CONTRAST_FOCUS the driver was very helpful CONTRAST_FOCUS the driver was very helpful,the driver was very helpful.,curated_multilingual_patterns,,"delivery started late, but the driver was very helpful.",,,,team-curated linguistic pattern label
TR0124,"Delivery started late, however I would order again.",positive,English/Malay/Manglish,contrast_tail,delivery started late however i would order again CONTRAST_FOCUS i would order again CONTRAST_FOCUS i would order again,i would order again.,curated_multilingual_patterns,,"delivery started late, however i would order again.",,,,team-curated linguistic pattern label
TR0125,"Delivery started late, yet everything ended well.",positive,English/Malay/Manglish,contrast_tail,delivery started late yet everything ended well CONTRAST_FOCUS everything ended well CONTRAST_FOCUS everything ended well,everything ended well.,curated_multilingual_patterns,,"delivery started late, yet everything ended well.",,,,team-curated linguistic pattern label
TR0126,"Delivery started late, tapi makanan sedap gila.",positive,English/Malay/Manglish,contrast_tail,delivery started late but makanan very delicious CONTRAST_FOCUS makanan very delicious CONTRAST_FOCUS makanan very delicious,makanan very delicious.,curated_multilingual_patterns,,"delivery started late, tapi makanan sedap gila.",,,,team-curated linguistic pattern label
TR0127,"Delivery started late, tetapi saya sangat puas hati.",positive,English/Malay/Manglish,contrast_tail,delivery started late but saya sangat satisfied CONTRAST_FOCUS saya sangat satisfied CONTRAST_FOCUS saya sangat satisfied,saya sangat satisfied.,curated_multilingual_patterns,,"delivery started late, tetapi saya sangat puas hati.",,,,team-curated linguistic pattern label
TR0128,"Delivery started late, but delivery cepat dan bagus.",positive,English/Malay/Manglish,contrast_tail,delivery started late but delivery fast dan good CONTRAST_FOCUS delivery fast dan good CONTRAST_FOCUS delivery fast dan good,delivery fast dan good.,curated_multilingual_patterns,,"delivery started late, but delivery cepat dan bagus.",,,,team-curated linguistic pattern label
TR0129,"Delivery started late, however app senang guna.",positive,English/Malay/Manglish,contrast_tail,delivery started late however app senang guna CONTRAST_FOCUS app senang guna CONTRAST_FOCUS app senang guna,app senang guna.,curated_multilingual_patterns,,"delivery started late, however app senang guna.",,,,team-curated linguistic pattern label
TR0130,"Delivery started late, yet customer service memang mantap.",positive,English/Malay/Manglish,contrast_tail,delivery started late yet customer service memang excellent CONTRAST_FOCUS customer service memang excellent CONTRAST_FOCUS customer service memang excellent,customer service memang excellent.,curated_multilingual_patterns,,"delivery started late, yet customer service memang mantap.",,,,team-curated linguistic pattern label
TR0131,"Packaging looked damaged, tetapi the food was excellent.",positive,English/Malay/Manglish,contrast_tail,packaging looked damaged but the food was excellent not CONTRAST_FOCUS the food was excellent not CONTRAST_FOCUS the food was excellent not,the food was excellent not.,curated_multilingual_patterns,,"packaging looked damaged, tetapi the food was excellent.",,,,team-curated linguistic pattern label
TR0132,"Packaging looked damaged, but I loved the meal.",positive,English/Malay/Manglish,contrast_tail,packaging looked damaged but i loved the meal CONTRAST_FOCUS i loved the meal CONTRAST_FOCUS i loved the meal,i loved the meal.,curated_multilingual_patterns,,"packaging looked damaged, but i loved the meal.",,,,team-curated linguistic pattern label
TR0133,"Packaging looked damaged, however the driver was very helpful.",positive,English/Malay/Manglish,contrast_tail,packaging looked damaged however the driver was very helpful CONTRAST_FOCUS the driver was very helpful CONTRAST_FOCUS the driver was very helpful,the driver was very helpful.,curated_multilingual_patterns,,"packaging looked damaged, however the driver was very helpful.",,,,team-curated linguistic pattern label
TR0134,"Packaging looked damaged, yet I would order again.",positive,English/Malay/Manglish,contrast_tail,packaging looked damaged yet i would order again CONTRAST_FOCUS i would order again CONTRAST_FOCUS i would order again,i would order again.,curated_multilingual_patterns,,"packaging looked damaged, yet i would order again.",,,,team-curated linguistic pattern label
TR0135,"Packaging looked damaged, tapi everything ended well.",positive,English/Malay/Manglish,contrast_tail,packaging looked damaged but everything ended well CONTRAST_FOCUS everything ended well CONTRAST_FOCUS everything ended well,everything ended well.,curated_multilingual_patterns,,"packaging looked damaged, tapi everything ended well.",,,,team-curated linguistic pattern label
TR0136,"Packaging looked damaged, tetapi makanan sedap gila.",positive,English/Malay/Manglish,contrast_tail,packaging looked damaged but makanan very delicious CONTRAST_FOCUS makanan very delicious CONTRAST_FOCUS makanan very delicious,makanan very delicious.,curated_multilingual_patterns,,"packaging looked damaged, tetapi makanan sedap gila.",,,,team-curated linguistic pattern label
TR0137,"Packaging looked damaged, but saya sangat puas hati.",positive,English/Malay/Manglish,contrast_tail,packaging looked damaged but saya sangat satisfied CONTRAST_FOCUS saya sangat satisfied CONTRAST_FOCUS saya sangat satisfied,saya sangat satisfied.,curated_multilingual_patterns,,"packaging looked damaged, but saya sangat puas hati.",,,,team-curated linguistic pattern label
TR0138,"Packaging looked damaged, however delivery cepat dan bagus.",positive,English/Malay/Manglish,contrast_tail,packaging looked damaged however delivery fast dan good CONTRAST_FOCUS delivery fast dan good CONTRAST_FOCUS delivery fast dan good,delivery fast dan good.,curated_multilingual_patterns,,"packaging looked damaged, however delivery cepat dan bagus.",,,,team-curated linguistic pattern label
TR0139,"Packaging looked damaged, yet app senang guna.",positive,English/Malay/Manglish,contrast_tail,packaging looked damaged yet app senang guna CONTRAST_FOCUS app senang guna CONTRAST_FOCUS app senang guna,app senang guna.,curated_multilingual_patterns,,"packaging looked damaged, yet app senang guna.",,,,team-curated linguistic pattern label
TR0140,"Packaging looked damaged, tapi customer service memang mantap.",positive,English/Malay/Manglish,contrast_tail,packaging looked damaged but customer service memang excellent CONTRAST_FOCUS customer service memang excellent CONTRAST_FOCUS customer service memang excellent,customer service memang excellent.,curated_multilingual_patterns,,"packaging looked damaged, tapi customer service memang mantap.",,,,team-curated linguistic pattern label
TR0141,"Harga agak mahal, but the food was excellent.",positive,English/Malay/Manglish,contrast_tail,harga agak expensive but the food was excellent not CONTRAST_FOCUS the food was excellent not CONTRAST_FOCUS the food was excellent not,the food was excellent not.,curated_multilingual_patterns,,"harga agak mahal, but the food was excellent.",,,,team-curated linguistic pattern label
TR0142,"Harga agak mahal, however I loved the meal.",positive,English/Malay/Manglish,contrast_tail,harga agak expensive however i loved the meal CONTRAST_FOCUS i loved the meal CONTRAST_FOCUS i loved the meal,i loved the meal.,curated_multilingual_patterns,,"harga agak mahal, however i loved the meal.",,,,team-curated linguistic pattern label
TR0143,"Harga agak mahal, yet the driver was very helpful.",positive,English/Malay/Manglish,contrast_tail,harga agak expensive yet the driver was very helpful CONTRAST_FOCUS the driver was very helpful CONTRAST_FOCUS the driver was very helpful,the driver was very helpful.,curated_multilingual_patterns,,"harga agak mahal, yet the driver was very helpful.",,,,team-curated linguistic pattern label
TR0144,"Harga agak mahal, tapi I would order again.",positive,English/Malay/Manglish,contrast_tail,harga agak expensive but i would order again CONTRAST_FOCUS i would order again CONTRAST_FOCUS i would order again,i would order again.,curated_multilingual_patterns,,"harga agak mahal, tapi i would order again.",,,,team-curated linguistic pattern label
TR0145,"Harga agak mahal, tetapi everything ended well.",positive,English/Malay/Manglish,contrast_tail,harga agak expensive but everything ended well CONTRAST_FOCUS everything ended well CONTRAST_FOCUS everything ended well,everything ended well.,curated_multilingual_patterns,,"harga agak mahal, tetapi everything ended well.",,,,team-curated linguistic pattern label
TR0146,"Harga agak mahal, but makanan sedap gila.",positive,English/Malay/Manglish,contrast_tail,harga agak expensive but makanan very delicious CONTRAST_FOCUS makanan very delicious CONTRAST_FOCUS makanan very delicious,makanan very delicious.,curated_multilingual_patterns,,"harga agak mahal, but makanan sedap gila.",,,,team-curated linguistic pattern label
TR0147,"Harga agak mahal, however saya sangat puas hati.",positive,English/Malay/Manglish,contrast_tail,harga agak expensive however saya sangat satisfied CONTRAST_FOCUS saya sangat satisfied CONTRAST_FOCUS saya sangat satisfied,saya sangat satisfied.,curated_multilingual_patterns,,"harga agak mahal, however saya sangat puas hati.",,,,team-curated linguistic pattern label
TR0148,"Harga agak mahal, yet delivery cepat dan bagus.",positive,English/Malay/Manglish,contrast_tail,harga agak expensive yet delivery fast dan good CONTRAST_FOCUS delivery fast dan good CONTRAST_FOCUS delivery fast dan good,delivery fast dan good.,curated_multilingual_patterns,,"harga agak mahal, yet delivery cepat dan bagus.",,,,team-curated linguistic pattern label
TR0149,"Harga agak mahal, tapi app senang guna.",positive,English/Malay/Manglish,contrast_tail,harga agak expensive but app senang guna CONTRAST_FOCUS app senang guna CONTRAST_FOCUS app senang guna,app senang guna.,curated_multilingual_patterns,,"harga agak mahal, tapi app senang guna.",,,,team-curated linguistic pattern label
TR0150,"Harga agak mahal, tetapi customer service memang mantap.",positive,English/Malay/Manglish,contrast_tail,harga agak expensive but customer service memang excellent CONTRAST_FOCUS customer service memang excellent CONTRAST_FOCUS customer service memang excellent,customer service memang excellent.,curated_multilingual_patterns,,"harga agak mahal, tetapi customer service memang mantap.",,,,team-curated linguistic pattern label
TR0151,"Mula mula service lambat, however the food was excellent.",positive,English/Malay/Manglish,contrast_tail,mula mula service late however the food was excellent not CONTRAST_FOCUS the food was excellent not CONTRAST_FOCUS the food was excellent not,the food was excellent not.,curated_multilingual_patterns,,"mula mula service lambat, however the food was excellent.",,,,team-curated linguistic pattern label
TR0152,"Mula mula service lambat, yet I loved the meal.",positive,English/Malay/Manglish,contrast_tail,mula mula service late yet i loved the meal CONTRAST_FOCUS i loved the meal CONTRAST_FOCUS i loved the meal,i loved the meal.,curated_multilingual_patterns,,"mula mula service lambat, yet i loved the meal.",,,,team-curated linguistic pattern label
TR0153,"Mula mula service lambat, tapi the driver was very helpful.",positive,English/Malay/Manglish,contrast_tail,mula mula service late but the driver was very helpful CONTRAST_FOCUS the driver was very helpful CONTRAST_FOCUS the driver was very helpful,the driver was very helpful.,curated_multilingual_patterns,,"mula mula service lambat, tapi the driver was very helpful.",,,,team-curated linguistic pattern label
TR0154,"Mula mula service lambat, tetapi I would order again.",positive,English/Malay/Manglish,contrast_tail,mula mula service late but i would order again CONTRAST_FOCUS i would order again CONTRAST_FOCUS i would order again,i would order again.,curated_multilingual_patterns,,"mula mula service lambat, tetapi i would order again.",,,,team-curated linguistic pattern label
TR0155,"Mula mula service lambat, but everything ended well.",positive,English/Malay/Manglish,contrast_tail,mula mula service late but everything ended well CONTRAST_FOCUS everything ended well CONTRAST_FOCUS everything ended well,everything ended well.,curated_multilingual_patterns,,"mula mula service lambat, but everything ended well.",,,,team-curated linguistic pattern label
TR0156,"Mula mula service lambat, however makanan sedap gila.",positive,English/Malay/Manglish,contrast_tail,mula mula service late however makanan very delicious CONTRAST_FOCUS makanan very delicious CONTRAST_FOCUS makanan very delicious,makanan very delicious.,curated_multilingual_patterns,,"mula mula service lambat, however makanan sedap gila.",,,,team-curated linguistic pattern label
TR0157,"Mula mula service lambat, yet saya sangat puas hati.",positive,English/Malay/Manglish,contrast_tail,mula mula service late yet saya sangat satisfied CONTRAST_FOCUS saya sangat satisfied CONTRAST_FOCUS saya sangat satisfied,saya sangat satisfied.,curated_multilingual_patterns,,"mula mula service lambat, yet saya sangat puas hati.",,,,team-curated linguistic pattern label
TR0158,"Mula mula service lambat, tapi delivery cepat dan bagus.",positive,English/Malay/Manglish,contrast_tail,mula mula service late but delivery fast dan good CONTRAST_FOCUS delivery fast dan good CONTRAST_FOCUS delivery fast dan good,delivery fast dan good.,curated_multilingual_patterns,,"mula mula service lambat, tapi delivery cepat dan bagus.",,,,team-curated linguistic pattern label
TR0159,"Mula mula service lambat, tetapi app senang guna.",positive,English/Malay/Manglish,contrast_tail,mula mula service late but app senang guna CONTRAST_FOCUS app senang guna CONTRAST_FOCUS app senang guna,app senang guna.,curated_multilingual_patterns,,"mula mula service lambat, tetapi app senang guna.",,,,team-curated linguistic pattern label
TR0160,"Mula mula service lambat, but customer service memang mantap.",positive,English/Malay/Manglish,contrast_tail,mula mula service late but customer service memang excellent CONTRAST_FOCUS customer service memang excellent CONTRAST_FOCUS customer service memang excellent,customer service memang excellent.,curated_multilingual_patterns,,"mula mula service lambat, but customer service memang mantap.",,,,team-curated linguistic pattern label
TR0161,"Driver tersalah jalan, yet the food was excellent.",positive,English/Malay/Manglish,contrast_tail,driver tersalah jalan yet the food was excellent not CONTRAST_FOCUS the food was excellent not CONTRAST_FOCUS the food was excellent not,the food was excellent not.,curated_multilingual_patterns,,"driver tersalah jalan, yet the food was excellent.",,,,team-curated linguistic pattern label
TR0162,"Driver tersalah jalan, tapi I loved the meal.",positive,English/Malay/Manglish,contrast_tail,driver tersalah jalan but i loved the meal CONTRAST_FOCUS i loved the meal CONTRAST_FOCUS i loved the meal,i loved the meal.,curated_multilingual_patterns,,"driver tersalah jalan, tapi i loved the meal.",,,,team-curated linguistic pattern label
TR0163,"Driver tersalah jalan, tetapi the driver was very helpful.",positive,English/Malay/Manglish,contrast_tail,driver tersalah jalan but the driver was very helpful CONTRAST_FOCUS the driver was very helpful CONTRAST_FOCUS the driver was very helpful,the driver was very helpful.,curated_multilingual_patterns,,"driver tersalah jalan, tetapi the driver was very helpful.",,,,team-curated linguistic pattern label
TR0164,"Driver tersalah jalan, but I would order again.",positive,English/Malay/Manglish,contrast_tail,driver tersalah jalan but i would order again CONTRAST_FOCUS i would order again CONTRAST_FOCUS i would order again,i would order again.,curated_multilingual_patterns,,"driver tersalah jalan, but i would order again.",,,,team-curated linguistic pattern label
TR0165,"Driver tersalah jalan, however everything ended well.",positive,English/Malay/Manglish,contrast_tail,driver tersalah jalan however everything ended well CONTRAST_FOCUS everything ended well CONTRAST_FOCUS everything ended well,everything ended well.,curated_multilingual_patterns,,"driver tersalah jalan, however everything ended well.",,,,team-curated linguistic pattern label
TR0166,"Driver tersalah jalan, yet makanan sedap gila.",positive,English/Malay/Manglish,contrast_tail,driver tersalah jalan yet makanan very delicious CONTRAST_FOCUS makanan very delicious CONTRAST_FOCUS makanan very delicious,makanan very delicious.,curated_multilingual_patterns,,"driver tersalah jalan, yet makanan sedap gila.",,,,team-curated linguistic pattern label
TR0167,"Driver tersalah jalan, tapi saya sangat puas hati.",positive,English/Malay/Manglish,contrast_tail,driver tersalah jalan but saya sangat satisfied CONTRAST_FOCUS saya sangat satisfied CONTRAST_FOCUS saya sangat satisfied,saya sangat satisfied.,curated_multilingual_patterns,,"driver tersalah jalan, tapi saya sangat puas hati.",,,,team-curated linguistic pattern label
TR0168,"Driver tersalah jalan, tetapi delivery cepat dan bagus.",positive,English/Malay/Manglish,contrast_tail,driver tersalah jalan but delivery fast dan good CONTRAST_FOCUS delivery fast dan good CONTRAST_FOCUS delivery fast dan good,delivery fast dan good.,curated_multilingual_patterns,,"driver tersalah jalan, tetapi delivery cepat dan bagus.",,,,team-curated linguistic pattern label
TR0169,"Driver tersalah jalan, but app senang guna.",positive,English/Malay/Manglish,contrast_tail,driver tersalah jalan but app senang guna CONTRAST_FOCUS app senang guna CONTRAST_FOCUS app senang guna,app senang guna.,curated_multilingual_patterns,,"driver tersalah jalan, but app senang guna.",,,,team-curated linguistic pattern label
TR0170,"Driver tersalah jalan, however customer service memang mantap.",positive,English/Malay/Manglish,contrast_tail,driver tersalah jalan however customer service memang excellent CONTRAST_FOCUS customer service memang excellent CONTRAST_FOCUS customer service memang excellent,customer service memang excellent.,curated_multilingual_patterns,,"driver tersalah jalan, however customer service memang mantap.",,,,team-curated linguistic pattern label
TR0171,"Food arrived cold, tapi the food was excellent.",positive,English/Malay/Manglish,contrast_tail,food arrived cold but the food was excellent not CONTRAST_FOCUS the food was excellent not CONTRAST_FOCUS the food was excellent not,the food was excellent not.,curated_multilingual_patterns,,"food arrived cold, tapi the food was excellent.",,,,team-curated linguistic pattern label
TR0172,"Food arrived cold, tetapi I loved the meal.",positive,English/Malay/Manglish,contrast_tail,food arrived cold but i loved the meal CONTRAST_FOCUS i loved the meal CONTRAST_FOCUS i loved the meal,i loved the meal.,curated_multilingual_patterns,,"food arrived cold, tetapi i loved the meal.",,,,team-curated linguistic pattern label
TR0173,"Food arrived cold, but the driver was very helpful.",positive,English/Malay/Manglish,contrast_tail,food arrived cold but the driver was very helpful CONTRAST_FOCUS the driver was very helpful CONTRAST_FOCUS the driver was very helpful,the driver was very helpful.,curated_multilingual_patterns,,"food arrived cold, but the driver was very helpful.",,,,team-curated linguistic pattern label
TR0174,"Food arrived cold, however I would order again.",positive,English/Malay/Manglish,contrast_tail,food arrived cold however i would order again CONTRAST_FOCUS i would order again CONTRAST_FOCUS i would order again,i would order again.,curated_multilingual_patterns,,"food arrived cold, however i would order again.",,,,team-curated linguistic pattern label
TR0175,"Food arrived cold, yet everything ended well.",positive,English/Malay/Manglish,contrast_tail,food arrived cold yet everything ended well CONTRAST_FOCUS everything ended well CONTRAST_FOCUS everything ended well,everything ended well.,curated_multilingual_patterns,,"food arrived cold, yet everything ended well.",,,,team-curated linguistic pattern label
TR0176,"Food arrived cold, tapi makanan sedap gila.",positive,English/Malay/Manglish,contrast_tail,food arrived cold but makanan very delicious CONTRAST_FOCUS makanan very delicious CONTRAST_FOCUS makanan very delicious,makanan very delicious.,curated_multilingual_patterns,,"food arrived cold, tapi makanan sedap gila.",,,,team-curated linguistic pattern label
TR0177,"Food arrived cold, tetapi saya sangat puas hati.",positive,English/Malay/Manglish,contrast_tail,food arrived cold but saya sangat satisfied CONTRAST_FOCUS saya sangat satisfied CONTRAST_FOCUS saya sangat satisfied,saya sangat satisfied.,curated_multilingual_patterns,,"food arrived cold, tetapi saya sangat puas hati.",,,,team-curated linguistic pattern label
TR0178,"Food arrived cold, but delivery cepat dan bagus.",positive,English/Malay/Manglish,contrast_tail,food arrived cold but delivery fast dan good CONTRAST_FOCUS delivery fast dan good CONTRAST_FOCUS delivery fast dan good,delivery fast dan good.,curated_multilingual_patterns,,"food arrived cold, but delivery cepat dan bagus.",,,,team-curated linguistic pattern label
TR0179,"Food arrived cold, however app senang guna.",positive,English/Malay/Manglish,contrast_tail,food arrived cold however app senang guna CONTRAST_FOCUS app senang guna CONTRAST_FOCUS app senang guna,app senang guna.,curated_multilingual_patterns,,"food arrived cold, however app senang guna.",,,,team-curated linguistic pattern label
TR0180,"Food arrived cold, yet customer service memang mantap.",positive,English/Malay/Manglish,contrast_tail,food arrived cold yet customer service memang excellent CONTRAST_FOCUS customer service memang excellent CONTRAST_FOCUS customer service memang excellent,customer service memang excellent.,curated_multilingual_patterns,,"food arrived cold, yet customer service memang mantap.",,,,team-curated linguistic pattern label
TR0181,"Checkout had a problem, tetapi the food was excellent.",positive,English/Malay/Manglish,contrast_tail,checkout had a problem but the food was excellent not CONTRAST_FOCUS the food was excellent not CONTRAST_FOCUS the food was excellent not,the food was excellent not.,curated_multilingual_patterns,,"checkout had a problem, tetapi the food was excellent.",,,,team-curated linguistic pattern label
TR0182,"Checkout had a problem, but I loved the meal.",positive,English/Malay/Manglish,contrast_tail,checkout had a problem but i loved the meal CONTRAST_FOCUS i loved the meal CONTRAST_FOCUS i loved the meal,i loved the meal.,curated_multilingual_patterns,,"checkout had a problem, but i loved the meal.",,,,team-curated linguistic pattern label
TR0183,"Checkout had a problem, however the driver was very helpful.",positive,English/Malay/Manglish,contrast_tail,checkout had a problem however the driver was very helpful CONTRAST_FOCUS the driver was very helpful CONTRAST_FOCUS the driver was very helpful,the driver was very helpful.,curated_multilingual_patterns,,"checkout had a problem, however the driver was very helpful.",,,,team-curated linguistic pattern label
TR0184,"Checkout had a problem, yet I would order again.",positive,English/Malay/Manglish,contrast_tail,checkout had a problem yet i would order again CONTRAST_FOCUS i would order again CONTRAST_FOCUS i would order again,i would order again.,curated_multilingual_patterns,,"checkout had a problem, yet i would order again.",,,,team-curated linguistic pattern label
TR0185,"Checkout had a problem, tapi everything ended well.",positive,English/Malay/Manglish,contrast_tail,checkout had a problem but everything ended well CONTRAST_FOCUS everything ended well CONTRAST_FOCUS everything ended well,everything ended well.,curated_multilingual_patterns,,"checkout had a problem, tapi everything ended well.",,,,team-curated linguistic pattern label
TR0186,"Checkout had a problem, tetapi makanan sedap gila.",positive,English/Malay/Manglish,contrast_tail,checkout had a problem but makanan very delicious CONTRAST_FOCUS makanan very delicious CONTRAST_FOCUS makanan very delicious,makanan very delicious.,curated_multilingual_patterns,,"checkout had a problem, tetapi makanan sedap gila.",,,,team-curated linguistic pattern label
TR0187,"Checkout had a problem, but saya sangat puas hati.",positive,English/Malay/Manglish,contrast_tail,checkout had a problem but saya sangat satisfied CONTRAST_FOCUS saya sangat satisfied CONTRAST_FOCUS saya sangat satisfied,saya sangat satisfied.,curated_multilingual_patterns,,"checkout had a problem, but saya sangat puas hati.",,,,team-curated linguistic pattern label
TR0188,"Checkout had a problem, however delivery cepat dan bagus.",positive,English/Malay/Manglish,contrast_tail,checkout had a problem however delivery fast dan good CONTRAST_FOCUS delivery fast dan good CONTRAST_FOCUS delivery fast dan good,delivery fast dan good.,curated_multilingual_patterns,,"checkout had a problem, however delivery cepat dan bagus.",,,,team-curated linguistic pattern label
TR0189,"Checkout had a problem, yet app senang guna.",positive,English/Malay/Manglish,contrast_tail,checkout had a problem yet app senang guna CONTRAST_FOCUS app senang guna CONTRAST_FOCUS app senang guna,app senang guna.,curated_multilingual_patterns,,"checkout had a problem, yet app senang guna.",,,,team-curated linguistic pattern label
TR0190,"Checkout had a problem, tapi customer service memang mantap.",positive,English/Malay/Manglish,contrast_tail,checkout had a problem but customer service memang excellent CONTRAST_FOCUS customer service memang excellent CONTRAST_FOCUS customer service memang excellent,customer service memang excellent.,curated_multilingual_patterns,,"checkout had a problem, tapi customer service memang mantap.",,,,team-curated linguistic pattern label
TR0191,"The order was almost cancelled, but the food was excellent.",positive,English/Malay/Manglish,contrast_tail,the order was almost cancelled but the food was excellent not CONTRAST_FOCUS the food was excellent not CONTRAST_FOCUS the food was excellent not,the food was excellent not.,curated_multilingual_patterns,,"the order was almost cancelled, but the food was excellent.",,,,team-curated linguistic pattern label
TR0192,"The order was almost cancelled, however I loved the meal.",positive,English/Malay/Manglish,contrast_tail,the order was almost cancelled however i loved the meal CONTRAST_FOCUS i loved the meal CONTRAST_FOCUS i loved the meal,i loved the meal.,curated_multilingual_patterns,,"the order was almost cancelled, however i loved the meal.",,,,team-curated linguistic pattern label
TR0193,"The order was almost cancelled, yet the driver was very helpful.",positive,English/Malay/Manglish,contrast_tail,the order was almost cancelled yet the driver was very helpful CONTRAST_FOCUS the driver was very helpful CONTRAST_FOCUS the driver was very helpful,the driver was very helpful.,curated_multilingual_patterns,,"the order was almost cancelled, yet the driver was very helpful.",,,,team-curated linguistic pattern label
TR0194,"The order was almost cancelled, tapi I would order again.",positive,English/Malay/Manglish,contrast_tail,the order was almost cancelled but i would order again CONTRAST_FOCUS i would order again CONTRAST_FOCUS i would order again,i would order again.,curated_multilingual_patterns,,"the order was almost cancelled, tapi i would order again.",,,,team-curated linguistic pattern label
TR0195,"The order was almost cancelled, tetapi everything ended well.",positive,English/Malay/Manglish,contrast_tail,the order was almost cancelled but everything ended well CONTRAST_FOCUS everything ended well CONTRAST_FOCUS everything ended well,everything ended well.,curated_multilingual_patterns,,"the order was almost cancelled, tetapi everything ended well.",,,,team-curated linguistic pattern label
TR0196,"The order was almost cancelled, but makanan sedap gila.",positive,English/Malay/Manglish,contrast_tail,the order was almost cancelled but makanan very delicious CONTRAST_FOCUS makanan very delicious CONTRAST_FOCUS makanan very delicious,makanan very delicious.,curated_multilingual_patterns,,"the order was almost cancelled, but makanan sedap gila.",,,,team-curated linguistic pattern label
TR0197,"The order was almost cancelled, however saya sangat puas hati.",positive,English/Malay/Manglish,contrast_tail,the order was almost cancelled however saya sangat satisfied CONTRAST_FOCUS saya sangat satisfied CONTRAST_FOCUS saya sangat satisfied,saya sangat satisfied.,curated_multilingual_patterns,,"the order was almost cancelled, however saya sangat puas hati.",,,,team-curated linguistic pattern label
TR0198,"The order was almost cancelled, yet delivery cepat dan bagus.",positive,English/Malay/Manglish,contrast_tail,the order was almost cancelled yet delivery fast dan good CONTRAST_FOCUS delivery fast dan good CONTRAST_FOCUS delivery fast dan good,delivery fast dan good.,curated_multilingual_patterns,,"the order was almost cancelled, yet delivery cepat dan bagus.",,,,team-curated linguistic pattern label
TR0199,"The order was almost cancelled, tapi app senang guna.",positive,English/Malay/Manglish,contrast_tail,the order was almost cancelled but app senang guna CONTRAST_FOCUS app senang guna CONTRAST_FOCUS app senang guna,app senang guna.,curated_multilingual_patterns,,"the order was almost cancelled, tapi app senang guna.",,,,team-curated linguistic pattern label
TR0200,"The order was almost cancelled, tetapi customer service memang mantap.",positive,English/Malay/Manglish,contrast_tail,the order was almost cancelled but customer service memang excellent CONTRAST_FOCUS customer service memang excellent CONTRAST_FOCUS customer service memang excellent,customer service memang excellent.,curated_multilingual_patterns,,"the order was almost cancelled, tetapi customer service memang mantap.",,,,team-curated linguistic pattern label
TR0201,Food is not good,negative,English/Malay/Manglish/emoji,direct_or_negation,food is bad,food is bad,curated_multilingual_patterns,,food is not good,,,,team-curated linguistic pattern label
TR0202,I don't like this food,negative,English/Malay/Manglish/emoji,direct_or_negation,i dislike this food,i dislike this food,curated_multilingual_patterns,,i don't like this food,,,,team-curated linguistic pattern label
TR0203,The meal was not fresh,negative,English/Malay/Manglish/emoji,direct_or_negation,the meal was stale,the meal was stale,curated_multilingual_patterns,,the meal was not fresh,,,,team-curated linguistic pattern label
TR0204,Driver never arrived,negative,English/Malay/Manglish/emoji,direct_or_negation,driver missing delivery,driver missing delivery,curated_multilingual_patterns,,driver never arrived,,,,team-curated linguistic pattern label
TR0205,The voucher cannot be used,negative,English/Malay/Manglish/emoji,direct_or_negation,the voucher cannot NOT_be NOT_used,the voucher cannot be used,curated_multilingual_patterns,,the voucher cannot be used,,,,team-curated linguistic pattern label
TR0206,Service not helpful,negative,English/Malay/Manglish/emoji,direct_or_negation,service not NOT_helpful,service not helpful,curated_multilingual_patterns,,service not helpful,,,,team-curated linguistic pattern label
TR0207,Makanan tak sedap,negative,English/Malay/Manglish/emoji,direct_or_negation,makanan bad tasting,makanan bad tasting,curated_multilingual_patterns,,makanan tak sedap,,,,team-curated linguistic pattern label
TR0208,Saya tak puas hati,negative,English/Malay/Manglish/emoji,direct_or_negation,saya dissatisfied,saya dissatisfied,curated_multilingual_patterns,,saya tak puas hati,,,,team-curated linguistic pattern label
TR0209,App tak boleh guna,negative,English/Malay/Manglish/emoji,direct_or_negation,app unusable,app unusable,curated_multilingual_patterns,,app tak boleh guna,,,,team-curated linguistic pattern label
TR0210,Saya memang kecewa dan tak puas hati,negative,English/Malay/Manglish/emoji,direct_or_negation,saya memang kecewa dan dissatisfied,saya memang kecewa dan dissatisfied,curated_multilingual_patterns,,saya memang kecewa dan tak puas hati,,,,team-curated linguistic pattern label
TR0211,Memang tak puas hati dengan service,negative,English/Malay/Manglish/emoji,direct_or_negation,very dissatisfied dengan service,very dissatisfied dengan service,curated_multilingual_patterns,,memang tak puas hati dengan service,,,,team-curated linguistic pattern label
TR0212,Order belum sampai,negative,English/Malay/Manglish/emoji,direct_or_negation,order not NOT_arrived yet,order not arrived yet,curated_multilingual_patterns,,order belum sampai,,,,team-curated linguistic pattern label
TR0213,Service memang teruk,negative,English/Malay/Manglish/emoji,direct_or_negation,service memang terrible,service memang terrible,curated_multilingual_patterns,,service memang teruk,,,,team-curated linguistic pattern label
TR0214,Food basi dan sejuk,negative,English/Malay/Manglish/emoji,direct_or_negation,food stale dan cold,food stale dan cold,curated_multilingual_patterns,,food basi dan sejuk,,,,team-curated linguistic pattern label
TR0215,Delivery lambat gila,negative,English/Malay/Manglish/emoji,direct_or_negation,delivery very late,delivery very late,curated_multilingual_patterns,,delivery lambat gila,,,,team-curated linguistic pattern label
TR0216,Tak bagus langsung,negative,English/Malay/Manglish/emoji,direct_or_negation,bad langsung,bad langsung,curated_multilingual_patterns,,tak bagus langsung,,,,team-curated linguistic pattern label
TR0217,Harga mahal tapi portion kecil,negative,English/Malay/Manglish/emoji,direct_or_negation,harga expensive but portion kecil CONTRAST_FOCUS portion kecil CONTRAST_FOCUS portion kecil,portion kecil,curated_multilingual_patterns,,harga mahal tapi portion kecil,,,,team-curated linguistic pattern label
TR0218,Food 🤮,negative,English/Malay/Manglish/emoji,direct_or_negation,food disgusting,food disgusting,curated_multilingual_patterns,,food 🤮,,,,team-curated linguistic pattern label
TR0219,Driver sangat rude 😡,negative,English/Malay/Manglish/emoji,direct_or_negation,driver sangat rude angry,driver sangat rude angry,curated_multilingual_patterns,,driver sangat rude 😡,,,,team-curated linguistic pattern label
TR0220,Worst service ever,negative,English/Malay/Manglish/emoji,direct_or_negation,worst service ever,worst service ever,curated_multilingual_patterns,,worst service ever,,,,team-curated linguistic pattern label
TR0221,The app keeps crashing,negative,English/Malay/Manglish/emoji,direct_or_negation,the app keeps crashing,the app keeps crashing,curated_multilingual_patterns,,the app keeps crashing,,,,team-curated linguistic pattern label
TR0222,I will not order again,negative,English/Malay/Manglish/emoji,direct_or_negation,i will not NOT_order NOT_again,i will not order again,curated_multilingual_patterns,,i will not order again,,,,team-curated linguistic pattern label
TR0223,Tak puas hati,negative,English/Malay/Manglish/emoji,direct_or_negation,dissatisfied,dissatisfied,curated_multilingual_patterns,,tak puas hati,,,,team-curated linguistic pattern label
TR0224,Tidak puas hati,negative,English/Malay/Manglish/emoji,direct_or_negation,dissatisfied,dissatisfied,curated_multilingual_patterns,,tidak puas hati,,,,team-curated linguistic pattern label
TR0225,Dissatisfied with this order,negative,English/Malay/Manglish/emoji,direct_or_negation,dissatisfied with this order,dissatisfied with this order,curated_multilingual_patterns,,dissatisfied with this order,,,,team-curated linguistic pattern label
TR0226,I do not enjoy the meal,negative,English/Malay/Manglish/emoji,direct_or_negation,i dislike the meal,i dislike the meal,curated_multilingual_patterns,,i do not enjoy the meal,,,,team-curated linguistic pattern label
TR0227,Not gud,negative,English/Malay/Manglish/emoji,direct_or_negation,bad,bad,curated_multilingual_patterns,,not gud,,,,team-curated linguistic pattern label
TR0228,Food is not guudd,negative,English/Malay/Manglish/emoji,direct_or_negation,food is bad,food is bad,curated_multilingual_patterns,,food is not guudd,,,,team-curated linguistic pattern label
TR0229,Service not gud at all,negative,English/Malay/Manglish/emoji,direct_or_negation,service bad at all,service bad at all,curated_multilingual_patterns,,service not gud at all,,,,team-curated linguistic pattern label
TR0230,Makanan tak gud,negative,English/Malay/Manglish/emoji,direct_or_negation,makanan bad,makanan bad,curated_multilingual_patterns,,makanan tak gud,,,,team-curated linguistic pattern label
TR0231,This is not goooood,negative,English/Malay/Manglish/emoji,direct_or_negation,this is bad,this is bad,curated_multilingual_patterns,,this is not goooood,,,,team-curated linguistic pattern label
TR0232,No gud service,negative,English/Malay/Manglish/emoji,direct_or_negation,no NOT_good NOT_service,no good service,curated_multilingual_patterns,,no gud service,,,,team-curated linguistic pattern label
TR0233,Grab review: Food is not good,negative,English/Malay/Manglish/emoji,direct_or_negation,grab review food is bad,grab review food is bad,curated_multilingual_patterns,,grab review: food is not good,,,,team-curated linguistic pattern label
TR0234,Grab review: I don't like this food,negative,English/Malay/Manglish/emoji,direct_or_negation,grab review i dislike this food,grab review i dislike this food,curated_multilingual_patterns,,grab review: i don't like this food,,,,team-curated linguistic pattern label
TR0235,Grab review: The meal was not fresh,negative,English/Malay/Manglish/emoji,direct_or_negation,grab review the meal was stale,grab review the meal was stale,curated_multilingual_patterns,,grab review: the meal was not fresh,,,,team-curated linguistic pattern label
TR0236,Grab review: Driver never arrived,negative,English/Malay/Manglish/emoji,direct_or_negation,grab review driver missing delivery,grab review driver missing delivery,curated_multilingual_patterns,,grab review: driver never arrived,,,,team-curated linguistic pattern label
TR0237,Grab review: The voucher cannot be used,negative,English/Malay/Manglish/emoji,direct_or_negation,grab review the voucher cannot NOT_be NOT_used,grab review the voucher cannot be used,curated_multilingual_patterns,,grab review: the voucher cannot be used,,,,team-curated linguistic pattern label
TR0238,Grab review: Service not helpful,negative,English/Malay/Manglish/emoji,direct_or_negation,grab review service not NOT_helpful,grab review service not helpful,curated_multilingual_patterns,,grab review: service not helpful,,,,team-curated linguistic pattern label
TR0239,Grab review: Makanan tak sedap,negative,English/Malay/Manglish/emoji,direct_or_negation,grab review makanan bad tasting,grab review makanan bad tasting,curated_multilingual_patterns,,grab review: makanan tak sedap,,,,team-curated linguistic pattern label
TR0240,Grab review: Saya tak puas hati,negative,English/Malay/Manglish/emoji,direct_or_negation,grab review saya dissatisfied,grab review saya dissatisfied,curated_multilingual_patterns,,grab review: saya tak puas hati,,,,team-curated linguistic pattern label
TR0241,Grab review: App tak boleh guna,negative,English/Malay/Manglish/emoji,direct_or_negation,grab review app unusable,grab review app unusable,curated_multilingual_patterns,,grab review: app tak boleh guna,,,,team-curated linguistic pattern label
TR0242,Grab review: Saya memang kecewa dan tak puas hati,negative,English/Malay/Manglish/emoji,direct_or_negation,grab review saya memang kecewa dan dissatisfied,grab review saya memang kecewa dan dissatisfied,curated_multilingual_patterns,,grab review: saya memang kecewa dan tak puas hati,,,,team-curated linguistic pattern label
TR0243,Grab review: Memang tak puas hati dengan service,negative,English/Malay/Manglish/emoji,direct_or_negation,grab review very dissatisfied dengan service,grab review very dissatisfied dengan service,curated_multilingual_patterns,,grab review: memang tak puas hati dengan service,,,,team-curated linguistic pattern label
TR0244,Grab review: Order belum sampai,negative,English/Malay/Manglish/emoji,direct_or_negation,grab review order not NOT_arrived yet,grab review order not arrived yet,curated_multilingual_patterns,,grab review: order belum sampai,,,,team-curated linguistic pattern label
TR0245,Grab review: Service memang teruk,negative,English/Malay/Manglish/emoji,direct_or_negation,grab review service memang terrible,grab review service memang terrible,curated_multilingual_patterns,,grab review: service memang teruk,,,,team-curated linguistic pattern label
TR0246,Grab review: Food basi dan sejuk,negative,English/Malay/Manglish/emoji,direct_or_negation,grab review food stale dan cold,grab review food stale dan cold,curated_multilingual_patterns,,grab review: food basi dan sejuk,,,,team-curated linguistic pattern label
TR0247,Grab review: Delivery lambat gila,negative,English/Malay/Manglish/emoji,direct_or_negation,grab review delivery very late,grab review delivery very late,curated_multilingual_patterns,,grab review: delivery lambat gila,,,,team-curated linguistic pattern label
TR0248,Grab review: Tak bagus langsung,negative,English/Malay/Manglish/emoji,direct_or_negation,grab review bad langsung,grab review bad langsung,curated_multilingual_patterns,,grab review: tak bagus langsung,,,,team-curated linguistic pattern label
TR0249,Grab review: Harga mahal tapi portion kecil,negative,English/Malay/Manglish/emoji,direct_or_negation,grab review harga expensive but portion kecil CONTRAST_FOCUS portion kecil CONTRAST_FOCUS portion kecil,portion kecil,curated_multilingual_patterns,,grab review: harga mahal tapi portion kecil,,,,team-curated linguistic pattern label
TR0250,Grab review: Food 🤮,negative,English/Malay/Manglish/emoji,direct_or_negation,grab review food disgusting,grab review food disgusting,curated_multilingual_patterns,,grab review: food 🤮,,,,team-curated linguistic pattern label
TR0251,Grab review: Driver sangat rude 😡,negative,English/Malay/Manglish/emoji,direct_or_negation,grab review driver sangat rude angry,grab review driver sangat rude angry,curated_multilingual_patterns,,grab review: driver sangat rude 😡,,,,team-curated linguistic pattern label
TR0252,Grab review: Worst service ever,negative,English/Malay/Manglish/emoji,direct_or_negation,grab review worst service ever,grab review worst service ever,curated_multilingual_patterns,,grab review: worst service ever,,,,team-curated linguistic pattern label
TR0253,Grab review: The app keeps crashing,negative,English/Malay/Manglish/emoji,direct_or_negation,grab review the app keeps crashing,grab review the app keeps crashing,curated_multilingual_patterns,,grab review: the app keeps crashing,,,,team-curated linguistic pattern label
TR0254,Grab review: I will not order again,negative,English/Malay/Manglish/emoji,direct_or_negation,grab review i will not NOT_order NOT_again,grab review i will not order again,curated_multilingual_patterns,,grab review: i will not order again,,,,team-curated linguistic pattern label
TR0255,Grab review: Tak puas hati,negative,English/Malay/Manglish/emoji,direct_or_negation,grab review dissatisfied,grab review dissatisfied,curated_multilingual_patterns,,grab review: tak puas hati,,,,team-curated linguistic pattern label
TR0256,Grab review: Tidak puas hati,negative,English/Malay/Manglish/emoji,direct_or_negation,grab review dissatisfied,grab review dissatisfied,curated_multilingual_patterns,,grab review: tidak puas hati,,,,team-curated linguistic pattern label
TR0257,Grab review: Dissatisfied with this order,negative,English/Malay/Manglish/emoji,direct_or_negation,grab review dissatisfied with this order,grab review dissatisfied with this order,curated_multilingual_patterns,,grab review: dissatisfied with this order,,,,team-curated linguistic pattern label
TR0258,Grab review: I do not enjoy the meal,negative,English/Malay/Manglish/emoji,direct_or_negation,grab review i dislike the meal,grab review i dislike the meal,curated_multilingual_patterns,,grab review: i do not enjoy the meal,,,,team-curated linguistic pattern label
TR0259,Grab review: Not gud,negative,English/Malay/Manglish/emoji,direct_or_negation,grab review bad,grab review bad,curated_multilingual_patterns,,grab review: not gud,,,,team-curated linguistic pattern label
TR0260,Grab review: Food is not guudd,negative,English/Malay/Manglish/emoji,direct_or_negation,grab review food is bad,grab review food is bad,curated_multilingual_patterns,,grab review: food is not guudd,,,,team-curated linguistic pattern label
TR0261,Grab review: Service not gud at all,negative,English/Malay/Manglish/emoji,direct_or_negation,grab review service bad at all,grab review service bad at all,curated_multilingual_patterns,,grab review: service not gud at all,,,,team-curated linguistic pattern label
TR0262,Grab review: Makanan tak gud,negative,English/Malay/Manglish/emoji,direct_or_negation,grab review makanan bad,grab review makanan bad,curated_multilingual_patterns,,grab review: makanan tak gud,,,,team-curated linguistic pattern label
TR0263,Grab review: This is not goooood,negative,English/Malay/Manglish/emoji,direct_or_negation,grab review this is bad,grab review this is bad,curated_multilingual_patterns,,grab review: this is not goooood,,,,team-curated linguistic pattern label
TR0264,Grab review: No gud service,negative,English/Malay/Manglish/emoji,direct_or_negation,grab review no NOT_good NOT_service,grab review no good service,curated_multilingual_patterns,,grab review: no gud service,,,,team-curated linguistic pattern label
TR0265,Foodpanda order: Food is not good,negative,English/Malay/Manglish/emoji,direct_or_negation,foodpanda order food is bad,foodpanda order food is bad,curated_multilingual_patterns,,foodpanda order: food is not good,,,,team-curated linguistic pattern label
TR0266,Foodpanda order: I don't like this food,negative,English/Malay/Manglish/emoji,direct_or_negation,foodpanda order i dislike this food,foodpanda order i dislike this food,curated_multilingual_patterns,,foodpanda order: i don't like this food,,,,team-curated linguistic pattern label
TR0267,Foodpanda order: The meal was not fresh,negative,English/Malay/Manglish/emoji,direct_or_negation,foodpanda order the meal was stale,foodpanda order the meal was stale,curated_multilingual_patterns,,foodpanda order: the meal was not fresh,,,,team-curated linguistic pattern label
TR0268,Foodpanda order: Driver never arrived,negative,English/Malay/Manglish/emoji,direct_or_negation,foodpanda order driver missing delivery,foodpanda order driver missing delivery,curated_multilingual_patterns,,foodpanda order: driver never arrived,,,,team-curated linguistic pattern label
TR0269,Foodpanda order: The voucher cannot be used,negative,English/Malay/Manglish/emoji,direct_or_negation,foodpanda order the voucher cannot NOT_be NOT_used,foodpanda order the voucher cannot be used,curated_multilingual_patterns,,foodpanda order: the voucher cannot be used,,,,team-curated linguistic pattern label
TR0270,Foodpanda order: Service not helpful,negative,English/Malay/Manglish/emoji,direct_or_negation,foodpanda order service not NOT_helpful,foodpanda order service not helpful,curated_multilingual_patterns,,foodpanda order: service not helpful,,,,team-curated linguistic pattern label
TR0271,Foodpanda order: Makanan tak sedap,negative,English/Malay/Manglish/emoji,direct_or_negation,foodpanda order makanan bad tasting,foodpanda order makanan bad tasting,curated_multilingual_patterns,,foodpanda order: makanan tak sedap,,,,team-curated linguistic pattern label
TR0272,Foodpanda order: Saya tak puas hati,negative,English/Malay/Manglish/emoji,direct_or_negation,foodpanda order saya dissatisfied,foodpanda order saya dissatisfied,curated_multilingual_patterns,,foodpanda order: saya tak puas hati,,,,team-curated linguistic pattern label
TR0273,Foodpanda order: App tak boleh guna,negative,English/Malay/Manglish/emoji,direct_or_negation,foodpanda order app unusable,foodpanda order app unusable,curated_multilingual_patterns,,foodpanda order: app tak boleh guna,,,,team-curated linguistic pattern label
TR0274,Foodpanda order: Saya memang kecewa dan tak puas hati,negative,English/Malay/Manglish/emoji,direct_or_negation,foodpanda order saya memang kecewa dan dissatisfied,foodpanda order saya memang kecewa dan dissatisfied,curated_multilingual_patterns,,foodpanda order: saya memang kecewa dan tak puas hati,,,,team-curated linguistic pattern label
TR0275,Foodpanda order: Memang tak puas hati dengan service,negative,English/Malay/Manglish/emoji,direct_or_negation,foodpanda order very dissatisfied dengan service,foodpanda order very dissatisfied dengan service,curated_multilingual_patterns,,foodpanda order: memang tak puas hati dengan service,,,,team-curated linguistic pattern label
TR0276,Foodpanda order: Order belum sampai,negative,English/Malay/Manglish/emoji,direct_or_negation,foodpanda order order not NOT_arrived yet,foodpanda order order not arrived yet,curated_multilingual_patterns,,foodpanda order: order belum sampai,,,,team-curated linguistic pattern label
TR0277,Foodpanda order: Service memang teruk,negative,English/Malay/Manglish/emoji,direct_or_negation,foodpanda order service memang terrible,foodpanda order service memang terrible,curated_multilingual_patterns,,foodpanda order: service memang teruk,,,,team-curated linguistic pattern label
TR0278,Foodpanda order: Food basi dan sejuk,negative,English/Malay/Manglish/emoji,direct_or_negation,foodpanda order food stale dan cold,foodpanda order food stale dan cold,curated_multilingual_patterns,,foodpanda order: food basi dan sejuk,,,,team-curated linguistic pattern label
TR0279,Foodpanda order: Delivery lambat gila,negative,English/Malay/Manglish/emoji,direct_or_negation,foodpanda order delivery very late,foodpanda order delivery very late,curated_multilingual_patterns,,foodpanda order: delivery lambat gila,,,,team-curated linguistic pattern label
TR0280,Foodpanda order: Tak bagus langsung,negative,English/Malay/Manglish/emoji,direct_or_negation,foodpanda order bad langsung,foodpanda order bad langsung,curated_multilingual_patterns,,foodpanda order: tak bagus langsung,,,,team-curated linguistic pattern label
TR0281,Foodpanda order: Harga mahal tapi portion kecil,negative,English/Malay/Manglish/emoji,direct_or_negation,foodpanda order harga expensive but portion kecil CONTRAST_FOCUS portion kecil CONTRAST_FOCUS portion kecil,portion kecil,curated_multilingual_patterns,,foodpanda order: harga mahal tapi portion kecil,,,,team-curated linguistic pattern label
TR0282,Foodpanda order: Food 🤮,negative,English/Malay/Manglish/emoji,direct_or_negation,foodpanda order food disgusting,foodpanda order food disgusting,curated_multilingual_patterns,,foodpanda order: food 🤮,,,,team-curated linguistic pattern label
TR0283,Foodpanda order: Driver sangat rude 😡,negative,English/Malay/Manglish/emoji,direct_or_negation,foodpanda order driver sangat rude angry,foodpanda order driver sangat rude angry,curated_multilingual_patterns,,foodpanda order: driver sangat rude 😡,,,,team-curated linguistic pattern label
TR0284,Foodpanda order: Worst service ever,negative,English/Malay/Manglish/emoji,direct_or_negation,foodpanda order worst service ever,foodpanda order worst service ever,curated_multilingual_patterns,,foodpanda order: worst service ever,,,,team-curated linguistic pattern label
TR0285,Foodpanda order: The app keeps crashing,negative,English/Malay/Manglish/emoji,direct_or_negation,foodpanda order the app keeps crashing,foodpanda order the app keeps crashing,curated_multilingual_patterns,,foodpanda order: the app keeps crashing,,,,team-curated linguistic pattern label
TR0286,Foodpanda order: I will not order again,negative,English/Malay/Manglish/emoji,direct_or_negation,foodpanda order i will not NOT_order NOT_again,foodpanda order i will not order again,curated_multilingual_patterns,,foodpanda order: i will not order again,,,,team-curated linguistic pattern label
TR0287,Foodpanda order: Tak puas hati,negative,English/Malay/Manglish/emoji,direct_or_negation,foodpanda order dissatisfied,foodpanda order dissatisfied,curated_multilingual_patterns,,foodpanda order: tak puas hati,,,,team-curated linguistic pattern label
TR0288,Foodpanda order: Tidak puas hati,negative,English/Malay/Manglish/emoji,direct_or_negation,foodpanda order dissatisfied,foodpanda order dissatisfied,curated_multilingual_patterns,,foodpanda order: tidak puas hati,,,,team-curated linguistic pattern label
TR0289,Foodpanda order: Dissatisfied with this order,negative,English/Malay/Manglish/emoji,direct_or_negation,foodpanda order dissatisfied with this order,foodpanda order dissatisfied with this order,curated_multilingual_patterns,,foodpanda order: dissatisfied with this order,,,,team-curated linguistic pattern label
TR0290,Foodpanda order: I do not enjoy the meal,negative,English/Malay/Manglish/emoji,direct_or_negation,foodpanda order i dislike the meal,foodpanda order i dislike the meal,curated_multilingual_patterns,,foodpanda order: i do not enjoy the meal,,,,team-curated linguistic pattern label
TR0291,Foodpanda order: Not gud,negative,English/Malay/Manglish/emoji,direct_or_negation,foodpanda order bad,foodpanda order bad,curated_multilingual_patterns,,foodpanda order: not gud,,,,team-curated linguistic pattern label
TR0292,Foodpanda order: Food is not guudd,negative,English/Malay/Manglish/emoji,direct_or_negation,foodpanda order food is bad,foodpanda order food is bad,curated_multilingual_patterns,,foodpanda order: food is not guudd,,,,team-curated linguistic pattern label
TR0293,Foodpanda order: Service not gud at all,negative,English/Malay/Manglish/emoji,direct_or_negation,foodpanda order service bad at all,foodpanda order service bad at all,curated_multilingual_patterns,,foodpanda order: service not gud at all,,,,team-curated linguistic pattern label
TR0294,Foodpanda order: Makanan tak gud,negative,English/Malay/Manglish/emoji,direct_or_negation,foodpanda order makanan bad,foodpanda order makanan bad,curated_multilingual_patterns,,foodpanda order: makanan tak gud,,,,team-curated linguistic pattern label
TR0295,Foodpanda order: This is not goooood,negative,English/Malay/Manglish/emoji,direct_or_negation,foodpanda order this is bad,foodpanda order this is bad,curated_multilingual_patterns,,foodpanda order: this is not goooood,,,,team-curated linguistic pattern label
TR0296,Foodpanda order: No gud service,negative,English/Malay/Manglish/emoji,direct_or_negation,foodpanda order no NOT_good NOT_service,foodpanda order no good service,curated_multilingual_patterns,,foodpanda order: no gud service,,,,team-curated linguistic pattern label
TR0297,My experience: Food is not good,negative,English/Malay/Manglish/emoji,direct_or_negation,my experience food is bad,my experience food is bad,curated_multilingual_patterns,,my experience: food is not good,,,,team-curated linguistic pattern label
TR0298,My experience: I don't like this food,negative,English/Malay/Manglish/emoji,direct_or_negation,my experience i dislike this food,my experience i dislike this food,curated_multilingual_patterns,,my experience: i don't like this food,,,,team-curated linguistic pattern label
TR0299,My experience: The meal was not fresh,negative,English/Malay/Manglish/emoji,direct_or_negation,my experience the meal was stale,my experience the meal was stale,curated_multilingual_patterns,,my experience: the meal was not fresh,,,,team-curated linguistic pattern label
TR0300,My experience: Driver never arrived,negative,English/Malay/Manglish/emoji,direct_or_negation,my experience driver missing delivery,my experience driver missing delivery,curated_multilingual_patterns,,my experience: driver never arrived,,,,team-curated linguistic pattern label
TR0301,My experience: The voucher cannot be used,negative,English/Malay/Manglish/emoji,direct_or_negation,my experience the voucher cannot NOT_be NOT_used,my experience the voucher cannot be used,curated_multilingual_patterns,,my experience: the voucher cannot be used,,,,team-curated linguistic pattern label
TR0302,My experience: Service not helpful,negative,English/Malay/Manglish/emoji,direct_or_negation,my experience service not NOT_helpful,my experience service not helpful,curated_multilingual_patterns,,my experience: service not helpful,,,,team-curated linguistic pattern label
TR0303,My experience: Makanan tak sedap,negative,English/Malay/Manglish/emoji,direct_or_negation,my experience makanan bad tasting,my experience makanan bad tasting,curated_multilingual_patterns,,my experience: makanan tak sedap,,,,team-curated linguistic pattern label
TR0304,My experience: Saya tak puas hati,negative,English/Malay/Manglish/emoji,direct_or_negation,my experience saya dissatisfied,my experience saya dissatisfied,curated_multilingual_patterns,,my experience: saya tak puas hati,,,,team-curated linguistic pattern label
TR0305,My experience: App tak boleh guna,negative,English/Malay/Manglish/emoji,direct_or_negation,my experience app unusable,my experience app unusable,curated_multilingual_patterns,,my experience: app tak boleh guna,,,,team-curated linguistic pattern label
TR0306,My experience: Saya memang kecewa dan tak puas hati,negative,English/Malay/Manglish/emoji,direct_or_negation,my experience saya memang kecewa dan dissatisfied,my experience saya memang kecewa dan dissatisfied,curated_multilingual_patterns,,my experience: saya memang kecewa dan tak puas hati,,,,team-curated linguistic pattern label
TR0307,My experience: Memang tak puas hati dengan service,negative,English/Malay/Manglish/emoji,direct_or_negation,my experience very dissatisfied dengan service,my experience very dissatisfied dengan service,curated_multilingual_patterns,,my experience: memang tak puas hati dengan service,,,,team-curated linguistic pattern label
TR0308,My experience: Order belum sampai,negative,English/Malay/Manglish/emoji,direct_or_negation,my experience order not NOT_arrived yet,my experience order not arrived yet,curated_multilingual_patterns,,my experience: order belum sampai,,,,team-curated linguistic pattern label
TR0309,My experience: Service memang teruk,negative,English/Malay/Manglish/emoji,direct_or_negation,my experience service memang terrible,my experience service memang terrible,curated_multilingual_patterns,,my experience: service memang teruk,,,,team-curated linguistic pattern label
TR0310,My experience: Food basi dan sejuk,negative,English/Malay/Manglish/emoji,direct_or_negation,my experience food stale dan cold,my experience food stale dan cold,curated_multilingual_patterns,,my experience: food basi dan sejuk,,,,team-curated linguistic pattern label
TR0311,My experience: Delivery lambat gila,negative,English/Malay/Manglish/emoji,direct_or_negation,my experience delivery very late,my experience delivery very late,curated_multilingual_patterns,,my experience: delivery lambat gila,,,,team-curated linguistic pattern label
TR0312,My experience: Tak bagus langsung,negative,English/Malay/Manglish/emoji,direct_or_negation,my experience bad langsung,my experience bad langsung,curated_multilingual_patterns,,my experience: tak bagus langsung,,,,team-curated linguistic pattern label
TR0313,My experience: Harga mahal tapi portion kecil,negative,English/Malay/Manglish/emoji,direct_or_negation,my experience harga expensive but portion kecil CONTRAST_FOCUS portion kecil CONTRAST_FOCUS portion kecil,portion kecil,curated_multilingual_patterns,,my experience: harga mahal tapi portion kecil,,,,team-curated linguistic pattern label
TR0314,My experience: Food 🤮,negative,English/Malay/Manglish/emoji,direct_or_negation,my experience food disgusting,my experience food disgusting,curated_multilingual_patterns,,my experience: food 🤮,,,,team-curated linguistic pattern label
TR0315,My experience: Driver sangat rude 😡,negative,English/Malay/Manglish/emoji,direct_or_negation,my experience driver sangat rude angry,my experience driver sangat rude angry,curated_multilingual_patterns,,my experience: driver sangat rude 😡,,,,team-curated linguistic pattern label
TR0316,My experience: Worst service ever,negative,English/Malay/Manglish/emoji,direct_or_negation,my experience worst service ever,my experience worst service ever,curated_multilingual_patterns,,my experience: worst service ever,,,,team-curated linguistic pattern label
TR0317,My experience: The app keeps crashing,negative,English/Malay/Manglish/emoji,direct_or_negation,my experience the app keeps crashing,my experience the app keeps crashing,curated_multilingual_patterns,,my experience: the app keeps crashing,,,,team-curated linguistic pattern label
TR0318,My experience: I will not order again,negative,English/Malay/Manglish/emoji,direct_or_negation,my experience i will not NOT_order NOT_again,my experience i will not order again,curated_multilingual_patterns,,my experience: i will not order again,,,,team-curated linguistic pattern label
TR0319,My experience: Tak puas hati,negative,English/Malay/Manglish/emoji,direct_or_negation,my experience dissatisfied,my experience dissatisfied,curated_multilingual_patterns,,my experience: tak puas hati,,,,team-curated linguistic pattern label
TR0320,My experience: Tidak puas hati,negative,English/Malay/Manglish/emoji,direct_or_negation,my experience dissatisfied,my experience dissatisfied,curated_multilingual_patterns,,my experience: tidak puas hati,,,,team-curated linguistic pattern label
TR0321,My experience: Dissatisfied with this order,negative,English/Malay/Manglish/emoji,direct_or_negation,my experience dissatisfied with this order,my experience dissatisfied with this order,curated_multilingual_patterns,,my experience: dissatisfied with this order,,,,team-curated linguistic pattern label
TR0322,My experience: I do not enjoy the meal,negative,English/Malay/Manglish/emoji,direct_or_negation,my experience i dislike the meal,my experience i dislike the meal,curated_multilingual_patterns,,my experience: i do not enjoy the meal,,,,team-curated linguistic pattern label
TR0323,My experience: Not gud,negative,English/Malay/Manglish/emoji,direct_or_negation,my experience bad,my experience bad,curated_multilingual_patterns,,my experience: not gud,,,,team-curated linguistic pattern label
TR0324,My experience: Food is not guudd,negative,English/Malay/Manglish/emoji,direct_or_negation,my experience food is bad,my experience food is bad,curated_multilingual_patterns,,my experience: food is not guudd,,,,team-curated linguistic pattern label
TR0325,My experience: Service not gud at all,negative,English/Malay/Manglish/emoji,direct_or_negation,my experience service bad at all,my experience service bad at all,curated_multilingual_patterns,,my experience: service not gud at all,,,,team-curated linguistic pattern label
TR0326,My experience: Makanan tak gud,negative,English/Malay/Manglish/emoji,direct_or_negation,my experience makanan bad,my experience makanan bad,curated_multilingual_patterns,,my experience: makanan tak gud,,,,team-curated linguistic pattern label
TR0327,My experience: This is not goooood,negative,English/Malay/Manglish/emoji,direct_or_negation,my experience this is bad,my experience this is bad,curated_multilingual_patterns,,my experience: this is not goooood,,,,team-curated linguistic pattern label
TR0328,My experience: No gud service,negative,English/Malay/Manglish/emoji,direct_or_negation,my experience no NOT_good NOT_service,my experience no good service,curated_multilingual_patterns,,my experience: no gud service,,,,team-curated linguistic pattern label
TR0329,"Honestly, Food is not good",negative,English/Malay/Manglish/emoji,direct_or_negation,honestly food is bad,"honestly, food is bad",curated_multilingual_patterns,,"honestly, food is not good",,,,team-curated linguistic pattern label
TR0330,"Honestly, I don't like this food",negative,English/Malay/Manglish/emoji,direct_or_negation,honestly i dislike this food,"honestly, i dislike this food",curated_multilingual_patterns,,"honestly, i don't like this food",,,,team-curated linguistic pattern label
TR0331,"Honestly, The meal was not fresh",negative,English/Malay/Manglish/emoji,direct_or_negation,honestly the meal was stale,"honestly, the meal was stale",curated_multilingual_patterns,,"honestly, the meal was not fresh",,,,team-curated linguistic pattern label
TR0332,"Honestly, Driver never arrived",negative,English/Malay/Manglish/emoji,direct_or_negation,honestly driver missing delivery,"honestly, driver missing delivery",curated_multilingual_patterns,,"honestly, driver never arrived",,,,team-curated linguistic pattern label
TR0333,"Honestly, The voucher cannot be used",negative,English/Malay/Manglish/emoji,direct_or_negation,honestly the voucher cannot NOT_be NOT_used,"honestly, the voucher cannot be used",curated_multilingual_patterns,,"honestly, the voucher cannot be used",,,,team-curated linguistic pattern label
TR0334,"Honestly, Service not helpful",negative,English/Malay/Manglish/emoji,direct_or_negation,honestly service not NOT_helpful,"honestly, service not helpful",curated_multilingual_patterns,,"honestly, service not helpful",,,,team-curated linguistic pattern label
TR0335,"Honestly, Makanan tak sedap",negative,English/Malay/Manglish/emoji,direct_or_negation,honestly makanan bad tasting,"honestly, makanan bad tasting",curated_multilingual_patterns,,"honestly, makanan tak sedap",,,,team-curated linguistic pattern label
TR0336,"Honestly, Saya tak puas hati",negative,English/Malay/Manglish/emoji,direct_or_negation,honestly saya dissatisfied,"honestly, saya dissatisfied",curated_multilingual_patterns,,"honestly, saya tak puas hati",,,,team-curated linguistic pattern label
TR0337,"Honestly, App tak boleh guna",negative,English/Malay/Manglish/emoji,direct_or_negation,honestly app unusable,"honestly, app unusable",curated_multilingual_patterns,,"honestly, app tak boleh guna",,,,team-curated linguistic pattern label
TR0338,"Honestly, Saya memang kecewa dan tak puas hati",negative,English/Malay/Manglish/emoji,direct_or_negation,honestly saya memang kecewa dan dissatisfied,"honestly, saya memang kecewa dan dissatisfied",curated_multilingual_patterns,,"honestly, saya memang kecewa dan tak puas hati",,,,team-curated linguistic pattern label
TR0339,"Honestly, Memang tak puas hati dengan service",negative,English/Malay/Manglish/emoji,direct_or_negation,honestly very dissatisfied dengan service,"honestly, very dissatisfied dengan service",curated_multilingual_patterns,,"honestly, memang tak puas hati dengan service",,,,team-curated linguistic pattern label
TR0340,"Honestly, Order belum sampai",negative,English/Malay/Manglish/emoji,direct_or_negation,honestly order not NOT_arrived yet,"honestly, order not arrived yet",curated_multilingual_patterns,,"honestly, order belum sampai",,,,team-curated linguistic pattern label
TR0341,"Honestly, Service memang teruk",negative,English/Malay/Manglish/emoji,direct_or_negation,honestly service memang terrible,"honestly, service memang terrible",curated_multilingual_patterns,,"honestly, service memang teruk",,,,team-curated linguistic pattern label
TR0342,"Honestly, Food basi dan sejuk",negative,English/Malay/Manglish/emoji,direct_or_negation,honestly food stale dan cold,"honestly, food stale dan cold",curated_multilingual_patterns,,"honestly, food basi dan sejuk",,,,team-curated linguistic pattern label
TR0343,"Honestly, Delivery lambat gila",negative,English/Malay/Manglish/emoji,direct_or_negation,honestly delivery very late,"honestly, delivery very late",curated_multilingual_patterns,,"honestly, delivery lambat gila",,,,team-curated linguistic pattern label
TR0344,"Honestly, Tak bagus langsung",negative,English/Malay/Manglish/emoji,direct_or_negation,honestly bad langsung,"honestly, bad langsung",curated_multilingual_patterns,,"honestly, tak bagus langsung",,,,team-curated linguistic pattern label
TR0345,"Honestly, Harga mahal tapi portion kecil",negative,English/Malay/Manglish/emoji,direct_or_negation,honestly harga expensive but portion kecil CONTRAST_FOCUS portion kecil CONTRAST_FOCUS portion kecil,portion kecil,curated_multilingual_patterns,,"honestly, harga mahal tapi portion kecil",,,,team-curated linguistic pattern label
TR0346,"Honestly, Food 🤮",negative,English/Malay/Manglish/emoji,direct_or_negation,honestly food disgusting,"honestly, food disgusting",curated_multilingual_patterns,,"honestly, food 🤮",,,,team-curated linguistic pattern label
TR0347,"Honestly, Driver sangat rude 😡",negative,English/Malay/Manglish/emoji,direct_or_negation,honestly driver sangat rude angry,"honestly, driver sangat rude angry",curated_multilingual_patterns,,"honestly, driver sangat rude 😡",,,,team-curated linguistic pattern label
TR0348,"Honestly, Worst service ever",negative,English/Malay/Manglish/emoji,direct_or_negation,honestly worst service ever,"honestly, worst service ever",curated_multilingual_patterns,,"honestly, worst service ever",,,,team-curated linguistic pattern label
TR0349,"Honestly, The app keeps crashing",negative,English/Malay/Manglish/emoji,direct_or_negation,honestly the app keeps crashing,"honestly, the app keeps crashing",curated_multilingual_patterns,,"honestly, the app keeps crashing",,,,team-curated linguistic pattern label
TR0350,"Honestly, I will not order again",negative,English/Malay/Manglish/emoji,direct_or_negation,honestly i will not NOT_order NOT_again,"honestly, i will not order again",curated_multilingual_patterns,,"honestly, i will not order again",,,,team-curated linguistic pattern label
TR0351,"Honestly, Tak puas hati",negative,English/Malay/Manglish/emoji,direct_or_negation,honestly dissatisfied,"honestly, dissatisfied",curated_multilingual_patterns,,"honestly, tak puas hati",,,,team-curated linguistic pattern label
TR0352,"Honestly, Tidak puas hati",negative,English/Malay/Manglish/emoji,direct_or_negation,honestly dissatisfied,"honestly, dissatisfied",curated_multilingual_patterns,,"honestly, tidak puas hati",,,,team-curated linguistic pattern label
TR0353,"Honestly, Dissatisfied with this order",negative,English/Malay/Manglish/emoji,direct_or_negation,honestly dissatisfied with this order,"honestly, dissatisfied with this order",curated_multilingual_patterns,,"honestly, dissatisfied with this order",,,,team-curated linguistic pattern label
TR0354,"Honestly, I do not enjoy the meal",negative,English/Malay/Manglish/emoji,direct_or_negation,honestly i dislike the meal,"honestly, i dislike the meal",curated_multilingual_patterns,,"honestly, i do not enjoy the meal",,,,team-curated linguistic pattern label
TR0355,"Honestly, Not gud",negative,English/Malay/Manglish/emoji,direct_or_negation,honestly bad,"honestly, bad",curated_multilingual_patterns,,"honestly, not gud",,,,team-curated linguistic pattern label
TR0356,"Honestly, Food is not guudd",negative,English/Malay/Manglish/emoji,direct_or_negation,honestly food is bad,"honestly, food is bad",curated_multilingual_patterns,,"honestly, food is not guudd",,,,team-curated linguistic pattern label
TR0357,"Honestly, Service not gud at all",negative,English/Malay/Manglish/emoji,direct_or_negation,honestly service bad at all,"honestly, service bad at all",curated_multilingual_patterns,,"honestly, service not gud at all",,,,team-curated linguistic pattern label
TR0358,"Honestly, Makanan tak gud",negative,English/Malay/Manglish/emoji,direct_or_negation,honestly makanan bad,"honestly, makanan bad",curated_multilingual_patterns,,"honestly, makanan tak gud",,,,team-curated linguistic pattern label
TR0359,"Honestly, This is not goooood",negative,English/Malay/Manglish/emoji,direct_or_negation,honestly this is bad,"honestly, this is bad",curated_multilingual_patterns,,"honestly, this is not goooood",,,,team-curated linguistic pattern label
TR0360,"Honestly, No gud service",negative,English/Malay/Manglish/emoji,direct_or_negation,honestly no NOT_good NOT_service,"honestly, no good service",curated_multilingual_patterns,,"honestly, no gud service",,,,team-curated linguistic pattern label
TR0361,The food is delicious,positive,English/Malay/Manglish/emoji,direct_or_negation,the food is delicious,the food is delicious,curated_multilingual_patterns,,the food is delicious,,,,team-curated linguistic pattern label
TR0362,I really like this meal,positive,English/Malay/Manglish/emoji,direct_or_negation,i really like this meal,i really like this meal,curated_multilingual_patterns,,i really like this meal,,,,team-curated linguistic pattern label
TR0363,Delivery was very fast,positive,English/Malay/Manglish/emoji,direct_or_negation,delivery was very fast,delivery was very fast,curated_multilingual_patterns,,delivery was very fast,,,,team-curated linguistic pattern label
TR0364,The driver was helpful,positive,English/Malay/Manglish/emoji,direct_or_negation,the driver was helpful,the driver was helpful,curated_multilingual_patterns,,the driver was helpful,,,,team-curated linguistic pattern label
TR0365,Great service and good value,positive,English/Malay/Manglish/emoji,direct_or_negation,great service and good value,great service and good value,curated_multilingual_patterns,,great service and good value,,,,team-curated linguistic pattern label
TR0366,No problem at all,positive,English/Malay/Manglish/emoji,direct_or_negation,acceptable good at all,acceptable good at all,curated_multilingual_patterns,,no problem at all,,,,team-curated linguistic pattern label
TR0367,"Not bad, quite good",positive,English/Malay/Manglish/emoji,direct_or_negation,acceptable good quite good,"acceptable good, quite good",curated_multilingual_patterns,,"not bad, quite good",,,,team-curated linguistic pattern label
TR0368,Makanan sedap gila,positive,English/Malay/Manglish/emoji,direct_or_negation,makanan very delicious,makanan very delicious,curated_multilingual_patterns,,makanan sedap gila,,,,team-curated linguistic pattern label
TR0369,Saya puas hati,positive,English/Malay/Manglish/emoji,direct_or_negation,saya satisfied,saya satisfied,curated_multilingual_patterns,,saya puas hati,,,,team-curated linguistic pattern label
TR0370,Service memang bagus,positive,English/Malay/Manglish/emoji,direct_or_negation,service memang good,service memang good,curated_multilingual_patterns,,service memang bagus,,,,team-curated linguistic pattern label
TR0371,Delivery cepat,positive,English/Malay/Manglish/emoji,direct_or_negation,delivery fast,delivery fast,curated_multilingual_patterns,,delivery cepat,,,,team-curated linguistic pattern label
TR0372,Harga murah dan berbaloi,positive,English/Malay/Manglish/emoji,direct_or_negation,harga cheap dan berbaloi,harga cheap dan berbaloi,curated_multilingual_patterns,,harga murah dan berbaloi,,,,team-curated linguistic pattern label
TR0373,App senang guna,positive,English/Malay/Manglish/emoji,direct_or_negation,app senang guna,app senang guna,curated_multilingual_patterns,,app senang guna,,,,team-curated linguistic pattern label
TR0374,Driver sangat friendly,positive,English/Malay/Manglish/emoji,direct_or_negation,driver sangat friendly,driver sangat friendly,curated_multilingual_patterns,,driver sangat friendly,,,,team-curated linguistic pattern label
TR0375,Mantap lah,positive,English/Malay/Manglish/emoji,direct_or_negation,excellent,excellent,curated_multilingual_patterns,,mantap lah,,,,team-curated linguistic pattern label
TR0376,Food 😍,positive,English/Malay/Manglish/emoji,direct_or_negation,food love,food love,curated_multilingual_patterns,,food 😍,,,,team-curated linguistic pattern label
TR0377,Excellent experience 😊,positive,English/Malay/Manglish/emoji,direct_or_negation,excellent not NOT_experience NOT_smiling NOT_face NOT_with smiling eyes,excellent not experience smiling face with smiling eyes,curated_multilingual_patterns,,excellent experience 😊,,,,team-curated linguistic pattern label
TR0378,I will order again,positive,English/Malay/Manglish/emoji,direct_or_negation,i will order again,i will order again,curated_multilingual_patterns,,i will order again,,,,team-curated linguistic pattern label
TR0379,Everything works perfectly,positive,English/Malay/Manglish/emoji,direct_or_negation,everything works perfectly,everything works perfectly,curated_multilingual_patterns,,everything works perfectly,,,,team-curated linguistic pattern label
TR0380,Very reliable service,positive,English/Malay/Manglish/emoji,direct_or_negation,very reliable service,very reliable service,curated_multilingual_patterns,,very reliable service,,,,team-curated linguistic pattern label
TR0381,The restaurant fixed the problem quickly,positive,English/Malay/Manglish/emoji,direct_or_negation,the restaura not NOT_resolved NOT_successfully,the restaura not resolved successfully,curated_multilingual_patterns,,the restaurant fixed the problem quickly,,,,team-curated linguistic pattern label
TR0382,The issue was resolved successfully,positive,English/Malay/Manglish/emoji,direct_or_negation,the issue was resolved successfully,the issue was resolved successfully,curated_multilingual_patterns,,the issue was resolved successfully,,,,team-curated linguistic pattern label
TR0383,Gud food,positive,English/Malay/Manglish/emoji,direct_or_negation,good food,good food,curated_multilingual_patterns,,gud food,,,,team-curated linguistic pattern label
TR0384,Very guudd service,positive,English/Malay/Manglish/emoji,direct_or_negation,very good service,very good service,curated_multilingual_patterns,,very guudd service,,,,team-curated linguistic pattern label
TR0385,This food is so goooood,positive,English/Malay/Manglish/emoji,direct_or_negation,this food is so good,this food is so good,curated_multilingual_patterns,,this food is so goooood,,,,team-curated linguistic pattern label
TR0386,Grab review: The food is delicious,positive,English/Malay/Manglish/emoji,direct_or_negation,grab review the food is delicious,grab review the food is delicious,curated_multilingual_patterns,,grab review: the food is delicious,,,,team-curated linguistic pattern label
TR0387,Grab review: I really like this meal,positive,English/Malay/Manglish/emoji,direct_or_negation,grab review i really like this meal,grab review i really like this meal,curated_multilingual_patterns,,grab review: i really like this meal,,,,team-curated linguistic pattern label
TR0388,Grab review: Delivery was very fast,positive,English/Malay/Manglish/emoji,direct_or_negation,grab review delivery was very fast,grab review delivery was very fast,curated_multilingual_patterns,,grab review: delivery was very fast,,,,team-curated linguistic pattern label
TR0389,Grab review: The driver was helpful,positive,English/Malay/Manglish/emoji,direct_or_negation,grab review the driver was helpful,grab review the driver was helpful,curated_multilingual_patterns,,grab review: the driver was helpful,,,,team-curated linguistic pattern label
TR0390,Grab review: Great service and good value,positive,English/Malay/Manglish/emoji,direct_or_negation,grab review great service and good value,grab review great service and good value,curated_multilingual_patterns,,grab review: great service and good value,,,,team-curated linguistic pattern label
TR0391,Grab review: No problem at all,positive,English/Malay/Manglish/emoji,direct_or_negation,grab review acceptable good at all,grab review acceptable good at all,curated_multilingual_patterns,,grab review: no problem at all,,,,team-curated linguistic pattern label
TR0392,"Grab review: Not bad, quite good",positive,English/Malay/Manglish/emoji,direct_or_negation,grab review acceptable good quite good,"grab review acceptable good, quite good",curated_multilingual_patterns,,"grab review: not bad, quite good",,,,team-curated linguistic pattern label
TR0393,Grab review: Makanan sedap gila,positive,English/Malay/Manglish/emoji,direct_or_negation,grab review makanan very delicious,grab review makanan very delicious,curated_multilingual_patterns,,grab review: makanan sedap gila,,,,team-curated linguistic pattern label
TR0394,Grab review: Saya puas hati,positive,English/Malay/Manglish/emoji,direct_or_negation,grab review saya satisfied,grab review saya satisfied,curated_multilingual_patterns,,grab review: saya puas hati,,,,team-curated linguistic pattern label
TR0395,Grab review: Service memang bagus,positive,English/Malay/Manglish/emoji,direct_or_negation,grab review service memang good,grab review service memang good,curated_multilingual_patterns,,grab review: service memang bagus,,,,team-curated linguistic pattern label
TR0396,Grab review: Delivery cepat,positive,English/Malay/Manglish/emoji,direct_or_negation,grab review delivery fast,grab review delivery fast,curated_multilingual_patterns,,grab review: delivery cepat,,,,team-curated linguistic pattern label
TR0397,Grab review: Harga murah dan berbaloi,positive,English/Malay/Manglish/emoji,direct_or_negation,grab review harga cheap dan berbaloi,grab review harga cheap dan berbaloi,curated_multilingual_patterns,,grab review: harga murah dan berbaloi,,,,team-curated linguistic pattern label
TR0398,Grab review: App senang guna,positive,English/Malay/Manglish/emoji,direct_or_negation,grab review app senang guna,grab review app senang guna,curated_multilingual_patterns,,grab review: app senang guna,,,,team-curated linguistic pattern label
TR0399,Grab review: Driver sangat friendly,positive,English/Malay/Manglish/emoji,direct_or_negation,grab review driver sangat friendly,grab review driver sangat friendly,curated_multilingual_patterns,,grab review: driver sangat friendly,,,,team-curated linguistic pattern label
TR0400,Grab review: Mantap lah,positive,English/Malay/Manglish/emoji,direct_or_negation,grab review excellent,grab review excellent,curated_multilingual_patterns,,grab review: mantap lah,,,,team-curated linguistic pattern label
TR0401,Grab review: Food 😍,positive,English/Malay/Manglish/emoji,direct_or_negation,grab review food love,grab review food love,curated_multilingual_patterns,,grab review: food 😍,,,,team-curated linguistic pattern label
TR0402,Grab review: Excellent experience 😊,positive,English/Malay/Manglish/emoji,direct_or_negation,grab review excellent not NOT_experience NOT_smiling NOT_face NOT_with smiling eyes,grab review excellent not experience smiling face with smiling eyes,curated_multilingual_patterns,,grab review: excellent experience 😊,,,,team-curated linguistic pattern label
TR0403,Grab review: I will order again,positive,English/Malay/Manglish/emoji,direct_or_negation,grab review i will order again,grab review i will order again,curated_multilingual_patterns,,grab review: i will order again,,,,team-curated linguistic pattern label
TR0404,Grab review: Everything works perfectly,positive,English/Malay/Manglish/emoji,direct_or_negation,grab review everything works perfectly,grab review everything works perfectly,curated_multilingual_patterns,,grab review: everything works perfectly,,,,team-curated linguistic pattern label
TR0405,Grab review: Very reliable service,positive,English/Malay/Manglish/emoji,direct_or_negation,grab review very reliable service,grab review very reliable service,curated_multilingual_patterns,,grab review: very reliable service,,,,team-curated linguistic pattern label
TR0406,Grab review: The restaurant fixed the problem quickly,positive,English/Malay/Manglish/emoji,direct_or_negation,grab review the restaura not NOT_resolved NOT_successfully,grab review the restaura not resolved successfully,curated_multilingual_patterns,,grab review: the restaurant fixed the problem quickly,,,,team-curated linguistic pattern label
TR0407,Grab review: The issue was resolved successfully,positive,English/Malay/Manglish/emoji,direct_or_negation,grab review the issue was resolved successfully,grab review the issue was resolved successfully,curated_multilingual_patterns,,grab review: the issue was resolved successfully,,,,team-curated linguistic pattern label
TR0408,Grab review: Gud food,positive,English/Malay/Manglish/emoji,direct_or_negation,grab review good food,grab review good food,curated_multilingual_patterns,,grab review: gud food,,,,team-curated linguistic pattern label
TR0409,Grab review: Very guudd service,positive,English/Malay/Manglish/emoji,direct_or_negation,grab review very good service,grab review very good service,curated_multilingual_patterns,,grab review: very guudd service,,,,team-curated linguistic pattern label
TR0410,Grab review: This food is so goooood,positive,English/Malay/Manglish/emoji,direct_or_negation,grab review this food is so good,grab review this food is so good,curated_multilingual_patterns,,grab review: this food is so goooood,,,,team-curated linguistic pattern label
TR0411,Foodpanda order: The food is delicious,positive,English/Malay/Manglish/emoji,direct_or_negation,foodpanda order the food is delicious,foodpanda order the food is delicious,curated_multilingual_patterns,,foodpanda order: the food is delicious,,,,team-curated linguistic pattern label
TR0412,Foodpanda order: I really like this meal,positive,English/Malay/Manglish/emoji,direct_or_negation,foodpanda order i really like this meal,foodpanda order i really like this meal,curated_multilingual_patterns,,foodpanda order: i really like this meal,,,,team-curated linguistic pattern label
TR0413,Foodpanda order: Delivery was very fast,positive,English/Malay/Manglish/emoji,direct_or_negation,foodpanda order delivery was very fast,foodpanda order delivery was very fast,curated_multilingual_patterns,,foodpanda order: delivery was very fast,,,,team-curated linguistic pattern label
TR0414,Foodpanda order: The driver was helpful,positive,English/Malay/Manglish/emoji,direct_or_negation,foodpanda order the driver was helpful,foodpanda order the driver was helpful,curated_multilingual_patterns,,foodpanda order: the driver was helpful,,,,team-curated linguistic pattern label
TR0415,Foodpanda order: Great service and good value,positive,English/Malay/Manglish/emoji,direct_or_negation,foodpanda order great service and good value,foodpanda order great service and good value,curated_multilingual_patterns,,foodpanda order: great service and good value,,,,team-curated linguistic pattern label
TR0416,Foodpanda order: No problem at all,positive,English/Malay/Manglish/emoji,direct_or_negation,foodpanda order acceptable good at all,foodpanda order acceptable good at all,curated_multilingual_patterns,,foodpanda order: no problem at all,,,,team-curated linguistic pattern label
TR0417,"Foodpanda order: Not bad, quite good",positive,English/Malay/Manglish/emoji,direct_or_negation,foodpanda order acceptable good quite good,"foodpanda order acceptable good, quite good",curated_multilingual_patterns,,"foodpanda order: not bad, quite good",,,,team-curated linguistic pattern label
TR0418,Foodpanda order: Makanan sedap gila,positive,English/Malay/Manglish/emoji,direct_or_negation,foodpanda order makanan very delicious,foodpanda order makanan very delicious,curated_multilingual_patterns,,foodpanda order: makanan sedap gila,,,,team-curated linguistic pattern label
TR0419,Foodpanda order: Saya puas hati,positive,English/Malay/Manglish/emoji,direct_or_negation,foodpanda order saya satisfied,foodpanda order saya satisfied,curated_multilingual_patterns,,foodpanda order: saya puas hati,,,,team-curated linguistic pattern label
TR0420,Foodpanda order: Service memang bagus,positive,English/Malay/Manglish/emoji,direct_or_negation,foodpanda order service memang good,foodpanda order service memang good,curated_multilingual_patterns,,foodpanda order: service memang bagus,,,,team-curated linguistic pattern label
TR0421,Foodpanda order: Delivery cepat,positive,English/Malay/Manglish/emoji,direct_or_negation,foodpanda order delivery fast,foodpanda order delivery fast,curated_multilingual_patterns,,foodpanda order: delivery cepat,,,,team-curated linguistic pattern label
TR0422,Foodpanda order: Harga murah dan berbaloi,positive,English/Malay/Manglish/emoji,direct_or_negation,foodpanda order harga cheap dan berbaloi,foodpanda order harga cheap dan berbaloi,curated_multilingual_patterns,,foodpanda order: harga murah dan berbaloi,,,,team-curated linguistic pattern label
TR0423,Foodpanda order: App senang guna,positive,English/Malay/Manglish/emoji,direct_or_negation,foodpanda order app senang guna,foodpanda order app senang guna,curated_multilingual_patterns,,foodpanda order: app senang guna,,,,team-curated linguistic pattern label
TR0424,Foodpanda order: Driver sangat friendly,positive,English/Malay/Manglish/emoji,direct_or_negation,foodpanda order driver sangat friendly,foodpanda order driver sangat friendly,curated_multilingual_patterns,,foodpanda order: driver sangat friendly,,,,team-curated linguistic pattern label
TR0425,Foodpanda order: Mantap lah,positive,English/Malay/Manglish/emoji,direct_or_negation,foodpanda order excellent,foodpanda order excellent,curated_multilingual_patterns,,foodpanda order: mantap lah,,,,team-curated linguistic pattern label
TR0426,Foodpanda order: Food 😍,positive,English/Malay/Manglish/emoji,direct_or_negation,foodpanda order food love,foodpanda order food love,curated_multilingual_patterns,,foodpanda order: food 😍,,,,team-curated linguistic pattern label
TR0427,Foodpanda order: Excellent experience 😊,positive,English/Malay/Manglish/emoji,direct_or_negation,foodpanda order excellent not NOT_experience NOT_smiling NOT_face NOT_with smiling eyes,foodpanda order excellent not experience smiling face with smiling eyes,curated_multilingual_patterns,,foodpanda order: excellent experience 😊,,,,team-curated linguistic pattern label
TR0428,Foodpanda order: I will order again,positive,English/Malay/Manglish/emoji,direct_or_negation,foodpanda order i will order again,foodpanda order i will order again,curated_multilingual_patterns,,foodpanda order: i will order again,,,,team-curated linguistic pattern label
TR0429,Foodpanda order: Everything works perfectly,positive,English/Malay/Manglish/emoji,direct_or_negation,foodpanda order everything works perfectly,foodpanda order everything works perfectly,curated_multilingual_patterns,,foodpanda order: everything works perfectly,,,,team-curated linguistic pattern label
TR0430,Foodpanda order: Very reliable service,positive,English/Malay/Manglish/emoji,direct_or_negation,foodpanda order very reliable service,foodpanda order very reliable service,curated_multilingual_patterns,,foodpanda order: very reliable service,,,,team-curated linguistic pattern label
TR0431,Foodpanda order: The restaurant fixed the problem quickly,positive,English/Malay/Manglish/emoji,direct_or_negation,foodpanda order the restaura not NOT_resolved NOT_successfully,foodpanda order the restaura not resolved successfully,curated_multilingual_patterns,,foodpanda order: the restaurant fixed the problem quickly,,,,team-curated linguistic pattern label
TR0432,Foodpanda order: The issue was resolved successfully,positive,English/Malay/Manglish/emoji,direct_or_negation,foodpanda order the issue was resolved successfully,foodpanda order the issue was resolved successfully,curated_multilingual_patterns,,foodpanda order: the issue was resolved successfully,,,,team-curated linguistic pattern label
TR0433,Foodpanda order: Gud food,positive,English/Malay/Manglish/emoji,direct_or_negation,foodpanda order good food,foodpanda order good food,curated_multilingual_patterns,,foodpanda order: gud food,,,,team-curated linguistic pattern label
TR0434,Foodpanda order: Very guudd service,positive,English/Malay/Manglish/emoji,direct_or_negation,foodpanda order very good service,foodpanda order very good service,curated_multilingual_patterns,,foodpanda order: very guudd service,,,,team-curated linguistic pattern label
TR0435,Foodpanda order: This food is so goooood,positive,English/Malay/Manglish/emoji,direct_or_negation,foodpanda order this food is so good,foodpanda order this food is so good,curated_multilingual_patterns,,foodpanda order: this food is so goooood,,,,team-curated linguistic pattern label
TR0436,My experience: The food is delicious,positive,English/Malay/Manglish/emoji,direct_or_negation,my experience the food is delicious,my experience the food is delicious,curated_multilingual_patterns,,my experience: the food is delicious,,,,team-curated linguistic pattern label
TR0437,My experience: I really like this meal,positive,English/Malay/Manglish/emoji,direct_or_negation,my experience i really like this meal,my experience i really like this meal,curated_multilingual_patterns,,my experience: i really like this meal,,,,team-curated linguistic pattern label
TR0438,My experience: Delivery was very fast,positive,English/Malay/Manglish/emoji,direct_or_negation,my experience delivery was very fast,my experience delivery was very fast,curated_multilingual_patterns,,my experience: delivery was very fast,,,,team-curated linguistic pattern label
TR0439,My experience: The driver was helpful,positive,English/Malay/Manglish/emoji,direct_or_negation,my experience the driver was helpful,my experience the driver was helpful,curated_multilingual_patterns,,my experience: the driver was helpful,,,,team-curated linguistic pattern label
TR0440,My experience: Great service and good value,positive,English/Malay/Manglish/emoji,direct_or_negation,my experience great service and good value,my experience great service and good value,curated_multilingual_patterns,,my experience: great service and good value,,,,team-curated linguistic pattern label
TR0441,My experience: No problem at all,positive,English/Malay/Manglish/emoji,direct_or_negation,my experience acceptable good at all,my experience acceptable good at all,curated_multilingual_patterns,,my experience: no problem at all,,,,team-curated linguistic pattern label
TR0442,"My experience: Not bad, quite good",positive,English/Malay/Manglish/emoji,direct_or_negation,my experience acceptable good quite good,"my experience acceptable good, quite good",curated_multilingual_patterns,,"my experience: not bad, quite good",,,,team-curated linguistic pattern label
TR0443,My experience: Makanan sedap gila,positive,English/Malay/Manglish/emoji,direct_or_negation,my experience makanan very delicious,my experience makanan very delicious,curated_multilingual_patterns,,my experience: makanan sedap gila,,,,team-curated linguistic pattern label
TR0444,My experience: Saya puas hati,positive,English/Malay/Manglish/emoji,direct_or_negation,my experience saya satisfied,my experience saya satisfied,curated_multilingual_patterns,,my experience: saya puas hati,,,,team-curated linguistic pattern label
TR0445,My experience: Service memang bagus,positive,English/Malay/Manglish/emoji,direct_or_negation,my experience service memang good,my experience service memang good,curated_multilingual_patterns,,my experience: service memang bagus,,,,team-curated linguistic pattern label
TR0446,My experience: Delivery cepat,positive,English/Malay/Manglish/emoji,direct_or_negation,my experience delivery fast,my experience delivery fast,curated_multilingual_patterns,,my experience: delivery cepat,,,,team-curated linguistic pattern label
TR0447,My experience: Harga murah dan berbaloi,positive,English/Malay/Manglish/emoji,direct_or_negation,my experience harga cheap dan berbaloi,my experience harga cheap dan berbaloi,curated_multilingual_patterns,,my experience: harga murah dan berbaloi,,,,team-curated linguistic pattern label
TR0448,My experience: App senang guna,positive,English/Malay/Manglish/emoji,direct_or_negation,my experience app senang guna,my experience app senang guna,curated_multilingual_patterns,,my experience: app senang guna,,,,team-curated linguistic pattern label
TR0449,My experience: Driver sangat friendly,positive,English/Malay/Manglish/emoji,direct_or_negation,my experience driver sangat friendly,my experience driver sangat friendly,curated_multilingual_patterns,,my experience: driver sangat friendly,,,,team-curated linguistic pattern label
TR0450,My experience: Mantap lah,positive,English/Malay/Manglish/emoji,direct_or_negation,my experience excellent,my experience excellent,curated_multilingual_patterns,,my experience: mantap lah,,,,team-curated linguistic pattern label
TR0451,My experience: Food 😍,positive,English/Malay/Manglish/emoji,direct_or_negation,my experience food love,my experience food love,curated_multilingual_patterns,,my experience: food 😍,,,,team-curated linguistic pattern label
TR0452,My experience: Excellent experience 😊,positive,English/Malay/Manglish/emoji,direct_or_negation,my experience excellent not NOT_experience NOT_smiling NOT_face NOT_with smiling eyes,my experience excellent not experience smiling face with smiling eyes,curated_multilingual_patterns,,my experience: excellent experience 😊,,,,team-curated linguistic pattern label
TR0453,My experience: I will order again,positive,English/Malay/Manglish/emoji,direct_or_negation,my experience i will order again,my experience i will order again,curated_multilingual_patterns,,my experience: i will order again,,,,team-curated linguistic pattern label
TR0454,My experience: Everything works perfectly,positive,English/Malay/Manglish/emoji,direct_or_negation,my experience everything works perfectly,my experience everything works perfectly,curated_multilingual_patterns,,my experience: everything works perfectly,,,,team-curated linguistic pattern label
TR0455,My experience: Very reliable service,positive,English/Malay/Manglish/emoji,direct_or_negation,my experience very reliable service,my experience very reliable service,curated_multilingual_patterns,,my experience: very reliable service,,,,team-curated linguistic pattern label
TR0456,My experience: The restaurant fixed the problem quickly,positive,English/Malay/Manglish/emoji,direct_or_negation,my experience the restaura not NOT_resolved NOT_successfully,my experience the restaura not resolved successfully,curated_multilingual_patterns,,my experience: the restaurant fixed the problem quickly,,,,team-curated linguistic pattern label
TR0457,My experience: The issue was resolved successfully,positive,English/Malay/Manglish/emoji,direct_or_negation,my experience the issue was resolved successfully,my experience the issue was resolved successfully,curated_multilingual_patterns,,my experience: the issue was resolved successfully,,,,team-curated linguistic pattern label
TR0458,My experience: Gud food,positive,English/Malay/Manglish/emoji,direct_or_negation,my experience good food,my experience good food,curated_multilingual_patterns,,my experience: gud food,,,,team-curated linguistic pattern label
TR0459,My experience: Very guudd service,positive,English/Malay/Manglish/emoji,direct_or_negation,my experience very good service,my experience very good service,curated_multilingual_patterns,,my experience: very guudd service,,,,team-curated linguistic pattern label
TR0460,My experience: This food is so goooood,positive,English/Malay/Manglish/emoji,direct_or_negation,my experience this food is so good,my experience this food is so good,curated_multilingual_patterns,,my experience: this food is so goooood,,,,team-curated linguistic pattern label
TR0461,"Honestly, The food is delicious",positive,English/Malay/Manglish/emoji,direct_or_negation,honestly the food is delicious,"honestly, the food is delicious",curated_multilingual_patterns,,"honestly, the food is delicious",,,,team-curated linguistic pattern label
TR0462,"Honestly, I really like this meal",positive,English/Malay/Manglish/emoji,direct_or_negation,honestly i really like this meal,"honestly, i really like this meal",curated_multilingual_patterns,,"honestly, i really like this meal",,,,team-curated linguistic pattern label
TR0463,"Honestly, Delivery was very fast",positive,English/Malay/Manglish/emoji,direct_or_negation,honestly delivery was very fast,"honestly, delivery was very fast",curated_multilingual_patterns,,"honestly, delivery was very fast",,,,team-curated linguistic pattern label
TR0464,"Honestly, The driver was helpful",positive,English/Malay/Manglish/emoji,direct_or_negation,honestly the driver was helpful,"honestly, the driver was helpful",curated_multilingual_patterns,,"honestly, the driver was helpful",,,,team-curated linguistic pattern label
TR0465,"Honestly, Great service and good value",positive,English/Malay/Manglish/emoji,direct_or_negation,honestly great service and good value,"honestly, great service and good value",curated_multilingual_patterns,,"honestly, great service and good value",,,,team-curated linguistic pattern label
TR0466,"Honestly, No problem at all",positive,English/Malay/Manglish/emoji,direct_or_negation,honestly acceptable good at all,"honestly, acceptable good at all",curated_multilingual_patterns,,"honestly, no problem at all",,,,team-curated linguistic pattern label
TR0467,"Honestly, Not bad, quite good",positive,English/Malay/Manglish/emoji,direct_or_negation,honestly acceptable good quite good,"honestly, acceptable good, quite good",curated_multilingual_patterns,,"honestly, not bad, quite good",,,,team-curated linguistic pattern label
TR0468,"Honestly, Makanan sedap gila",positive,English/Malay/Manglish/emoji,direct_or_negation,honestly makanan very delicious,"honestly, makanan very delicious",curated_multilingual_patterns,,"honestly, makanan sedap gila",,,,team-curated linguistic pattern label
TR0469,"Honestly, Saya puas hati",positive,English/Malay/Manglish/emoji,direct_or_negation,honestly saya satisfied,"honestly, saya satisfied",curated_multilingual_patterns,,"honestly, saya puas hati",,,,team-curated linguistic pattern label
TR0470,"Honestly, Service memang bagus",positive,English/Malay/Manglish/emoji,direct_or_negation,honestly service memang good,"honestly, service memang good",curated_multilingual_patterns,,"honestly, service memang bagus",,,,team-curated linguistic pattern label
TR0471,"Honestly, Delivery cepat",positive,English/Malay/Manglish/emoji,direct_or_negation,honestly delivery fast,"honestly, delivery fast",curated_multilingual_patterns,,"honestly, delivery cepat",,,,team-curated linguistic pattern label
TR0472,"Honestly, Harga murah dan berbaloi",positive,English/Malay/Manglish/emoji,direct_or_negation,honestly harga cheap dan berbaloi,"honestly, harga cheap dan berbaloi",curated_multilingual_patterns,,"honestly, harga murah dan berbaloi",,,,team-curated linguistic pattern label
TR0473,"Honestly, App senang guna",positive,English/Malay/Manglish/emoji,direct_or_negation,honestly app senang guna,"honestly, app senang guna",curated_multilingual_patterns,,"honestly, app senang guna",,,,team-curated linguistic pattern label
TR0474,"Honestly, Driver sangat friendly",positive,English/Malay/Manglish/emoji,direct_or_negation,honestly driver sangat friendly,"honestly, driver sangat friendly",curated_multilingual_patterns,,"honestly, driver sangat friendly",,,,team-curated linguistic pattern label
TR0475,"Honestly, Mantap lah",positive,English/Malay/Manglish/emoji,direct_or_negation,honestly excellent,"honestly, excellent",curated_multilingual_patterns,,"honestly, mantap lah",,,,team-curated linguistic pattern label
TR0476,"Honestly, Food 😍",positive,English/Malay/Manglish/emoji,direct_or_negation,honestly food love,"honestly, food love",curated_multilingual_patterns,,"honestly, food 😍",,,,team-curated linguistic pattern label
TR0477,"Honestly, Excellent experience 😊",positive,English/Malay/Manglish/emoji,direct_or_negation,honestly excellent not NOT_experience NOT_smiling NOT_face NOT_with smiling eyes,"honestly, excellent not experience smiling face with smiling eyes",curated_multilingual_patterns,,"honestly, excellent experience 😊",,,,team-curated linguistic pattern label
TR0478,"Honestly, I will order again",positive,English/Malay/Manglish/emoji,direct_or_negation,honestly i will order again,"honestly, i will order again",curated_multilingual_patterns,,"honestly, i will order again",,,,team-curated linguistic pattern label
TR0479,"Honestly, Everything works perfectly",positive,English/Malay/Manglish/emoji,direct_or_negation,honestly everything works perfectly,"honestly, everything works perfectly",curated_multilingual_patterns,,"honestly, everything works perfectly",,,,team-curated linguistic pattern label
TR0480,"Honestly, Very reliable service",positive,English/Malay/Manglish/emoji,direct_or_negation,honestly very reliable service,"honestly, very reliable service",curated_multilingual_patterns,,"honestly, very reliable service",,,,team-curated linguistic pattern label
TR0481,"Honestly, The restaurant fixed the problem quickly",positive,English/Malay/Manglish/emoji,direct_or_negation,honestly the restaura not NOT_resolved NOT_successfully,"honestly, the restaura not resolved successfully",curated_multilingual_patterns,,"honestly, the restaurant fixed the problem quickly",,,,team-curated linguistic pattern label
TR0482,"Honestly, The issue was resolved successfully",positive,English/Malay/Manglish/emoji,direct_or_negation,honestly the issue was resolved successfully,"honestly, the issue was resolved successfully",curated_multilingual_patterns,,"honestly, the issue was resolved successfully",,,,team-curated linguistic pattern label
TR0483,"Honestly, Gud food",positive,English/Malay/Manglish/emoji,direct_or_negation,honestly good food,"honestly, good food",curated_multilingual_patterns,,"honestly, gud food",,,,team-curated linguistic pattern label
TR0484,"Honestly, Very guudd service",positive,English/Malay/Manglish/emoji,direct_or_negation,honestly very good service,"honestly, very good service",curated_multilingual_patterns,,"honestly, very guudd service",,,,team-curated linguistic pattern label
TR0485,"Honestly, This food is so goooood",positive,English/Malay/Manglish/emoji,direct_or_negation,honestly this food is so good,"honestly, this food is so good",curated_multilingual_patterns,,"honestly, this food is so goooood",,,,team-curated linguistic pattern label
TR0486,The order arrived at 7 30 pm,neutral,English/Malay/Manglish/emoji,direct_or_negation,the order arrived at 7 30 pm,the order arrived at 7 30 pm,curated_multilingual_patterns,,the order arrived at 7 30 pm,,,,team-curated linguistic pattern label
TR0487,Delivery took 30 minutes,neutral,English/Malay/Manglish/emoji,direct_or_negation,delivery took 30 minutes,delivery took 30 minutes,curated_multilingual_patterns,,delivery took 30 minutes,,,,team-curated linguistic pattern label
TR0488,I ordered two meals,neutral,English/Malay/Manglish/emoji,direct_or_negation,i ordered two meals,i ordered two meals,curated_multilingual_patterns,,i ordered two meals,,,,team-curated linguistic pattern label
TR0489,The app version is 5 2,neutral,English/Malay/Manglish/emoji,direct_or_negation,the app version is 5 2,the app version is 5 2,curated_multilingual_patterns,,the app version is 5 2,,,,team-curated linguistic pattern label
TR0490,The driver called once,neutral,English/Malay/Manglish/emoji,direct_or_negation,the driver called once,the driver called once,curated_multilingual_patterns,,the driver called once,,,,team-curated linguistic pattern label
TR0491,Payment was made by card,neutral,English/Malay/Manglish/emoji,direct_or_negation,payme not NOT_was NOT_made NOT_by NOT_card,payme not was made by card,curated_multilingual_patterns,,payment was made by card,,,,team-curated linguistic pattern label
TR0492,Saya order dua makanan,neutral,English/Malay/Manglish/emoji,direct_or_negation,saya order dua makanan,saya order dua makanan,curated_multilingual_patterns,,saya order dua makanan,,,,team-curated linguistic pattern label
TR0493,Makanan sampai pukul tujuh,neutral,English/Malay/Manglish/emoji,direct_or_negation,makanan sampai pukul tujuh,makanan sampai pukul tujuh,curated_multilingual_patterns,,makanan sampai pukul tujuh,,,,team-curated linguistic pattern label
TR0494,Driver telefon saya,neutral,English/Malay/Manglish/emoji,direct_or_negation,driver telefon saya,driver telefon saya,curated_multilingual_patterns,,driver telefon saya,,,,team-curated linguistic pattern label
TR0495,Bayaran guna kad,neutral,English/Malay/Manglish/emoji,direct_or_negation,bayaran guna kad,bayaran guna kad,curated_multilingual_patterns,,bayaran guna kad,,,,team-curated linguistic pattern label
TR0496,Order sedang diproses,neutral,English/Malay/Manglish/emoji,direct_or_negation,order sedang diproses,order sedang diproses,curated_multilingual_patterns,,order sedang diproses,,,,team-curated linguistic pattern label
TR0497,App dibuka pada waktu pagi,neutral,English/Malay/Manglish/emoji,direct_or_negation,app dibuka pada waktu pagi,app dibuka pada waktu pagi,curated_multilingual_patterns,,app dibuka pada waktu pagi,,,,team-curated linguistic pattern label
TR0498,Food was okay,neutral,English/Malay/Manglish/emoji,direct_or_negation,food was okay,food was okay,curated_multilingual_patterns,,food was okay,,,,team-curated linguistic pattern label
TR0499,Service was average,neutral,English/Malay/Manglish/emoji,direct_or_negation,service was average,service was average,curated_multilingual_patterns,,service was average,,,,team-curated linguistic pattern label
TR0500,Nothing special about the meal,neutral,English/Malay/Manglish/emoji,direct_or_negation,nothing special about the meal,nothing special about the meal,curated_multilingual_patterns,,nothing special about the meal,,,,team-curated linguistic pattern label
TR0501,The restaurant is five kilometres away,neutral,English/Malay/Manglish/emoji,direct_or_negation,the restaura not NOT_is NOT_five NOT_kilometres NOT_away,the restaura not is five kilometres away,curated_multilingual_patterns,,the restaurant is five kilometres away,,,,team-curated linguistic pattern label
TR0502,I used the app yesterday,neutral,English/Malay/Manglish/emoji,direct_or_negation,i used the app yesterday,i used the app yesterday,curated_multilingual_patterns,,i used the app yesterday,,,,team-curated linguistic pattern label
TR0503,The receipt shows twelve ringgit,neutral,English/Malay/Manglish/emoji,direct_or_negation,the receipt shows twelve ringgit,the receipt shows twelve ringgit,curated_multilingual_patterns,,the receipt shows twelve ringgit,,,,team-curated linguistic pattern label
TR0504,There were three items,neutral,English/Malay/Manglish/emoji,direct_or_negation,there were three items,there were three items,curated_multilingual_patterns,,there were three items,,,,team-curated linguistic pattern label
TR0505,Order status is delivered,neutral,English/Malay/Manglish/emoji,direct_or_negation,order status is delivered,order status is delivered,curated_multilingual_patterns,,order status is delivered,,,,team-curated linguistic pattern label
TR0506,The order contains one drink,neutral,English/Malay/Manglish/emoji,direct_or_negation,the order contains one drink,the order contains one drink,curated_multilingual_patterns,,the order contains one drink,,,,team-curated linguistic pattern label
TR0507,Delivery arrived at nine pm,neutral,English/Malay/Manglish/emoji,direct_or_negation,delivery arrived at nine pm,delivery arrived at nine pm,curated_multilingual_patterns,,delivery arrived at nine pm,,,,team-curated linguistic pattern label
TR0508,I paid using a debit card,neutral,English/Malay/Manglish/emoji,direct_or_negation,i paid using a debit card,i paid using a debit card,curated_multilingual_patterns,,i paid using a debit card,,,,team-curated linguistic pattern label
TR0509,The wallet was used for payment,neutral,English/Malay/Manglish/emoji,direct_or_negation,the wallet was used for payme not,the wallet was used for payme not,curated_multilingual_patterns,,the wallet was used for payment,,,,team-curated linguistic pattern label
TR0510,My basket includes two items,neutral,English/Malay/Manglish/emoji,direct_or_negation,my basket includes two items,my basket includes two items,curated_multilingual_patterns,,my basket includes two items,,,,team-curated linguistic pattern label
TR0511,The rider arrived at the stated time,neutral,English/Malay/Manglish/emoji,direct_or_negation,the rider arrived at the stated time,the rider arrived at the stated time,curated_multilingual_patterns,,the rider arrived at the stated time,,,,team-curated linguistic pattern label
TR0512,Saya tempah satu minuman,neutral,English/Malay/Manglish/emoji,direct_or_negation,saya tempah satu minuman,saya tempah satu minuman,curated_multilingual_patterns,,saya tempah satu minuman,,,,team-curated linguistic pattern label
TR0513,Saya membuat satu pesanan nasi,neutral,English/Malay/Manglish/emoji,direct_or_negation,saya membuat satu pesanan nasi,saya membuat satu pesanan nasi,curated_multilingual_patterns,,saya membuat satu pesanan nasi,,,,team-curated linguistic pattern label
TR0514,Pesanan saya mengandungi satu makanan,neutral,English/Malay/Manglish/emoji,direct_or_negation,pesanan saya mengandungi satu makanan,pesanan saya mengandungi satu makanan,curated_multilingual_patterns,,pesanan saya mengandungi satu makanan,,,,team-curated linguistic pattern label
TR0515,Grab review: The order arrived at 7 30 pm,neutral,English/Malay/Manglish/emoji,direct_or_negation,grab review the order arrived at 7 30 pm,grab review the order arrived at 7 30 pm,curated_multilingual_patterns,,grab review: the order arrived at 7 30 pm,,,,team-curated linguistic pattern label
TR0516,Grab review: Delivery took 30 minutes,neutral,English/Malay/Manglish/emoji,direct_or_negation,grab review delivery took 30 minutes,grab review delivery took 30 minutes,curated_multilingual_patterns,,grab review: delivery took 30 minutes,,,,team-curated linguistic pattern label
TR0517,Grab review: I ordered two meals,neutral,English/Malay/Manglish/emoji,direct_or_negation,grab review i ordered two meals,grab review i ordered two meals,curated_multilingual_patterns,,grab review: i ordered two meals,,,,team-curated linguistic pattern label
TR0518,Grab review: The app version is 5 2,neutral,English/Malay/Manglish/emoji,direct_or_negation,grab review the app version is 5 2,grab review the app version is 5 2,curated_multilingual_patterns,,grab review: the app version is 5 2,,,,team-curated linguistic pattern label
TR0519,Grab review: The driver called once,neutral,English/Malay/Manglish/emoji,direct_or_negation,grab review the driver called once,grab review the driver called once,curated_multilingual_patterns,,grab review: the driver called once,,,,team-curated linguistic pattern label
TR0520,Grab review: Payment was made by card,neutral,English/Malay/Manglish/emoji,direct_or_negation,grab review payme not NOT_was NOT_made NOT_by NOT_card,grab review payme not was made by card,curated_multilingual_patterns,,grab review: payment was made by card,,,,team-curated linguistic pattern label
TR0521,Grab review: Saya order dua makanan,neutral,English/Malay/Manglish/emoji,direct_or_negation,grab review saya order dua makanan,grab review saya order dua makanan,curated_multilingual_patterns,,grab review: saya order dua makanan,,,,team-curated linguistic pattern label
TR0522,Grab review: Makanan sampai pukul tujuh,neutral,English/Malay/Manglish/emoji,direct_or_negation,grab review makanan sampai pukul tujuh,grab review makanan sampai pukul tujuh,curated_multilingual_patterns,,grab review: makanan sampai pukul tujuh,,,,team-curated linguistic pattern label
TR0523,Grab review: Driver telefon saya,neutral,English/Malay/Manglish/emoji,direct_or_negation,grab review driver telefon saya,grab review driver telefon saya,curated_multilingual_patterns,,grab review: driver telefon saya,,,,team-curated linguistic pattern label
TR0524,Grab review: Bayaran guna kad,neutral,English/Malay/Manglish/emoji,direct_or_negation,grab review bayaran guna kad,grab review bayaran guna kad,curated_multilingual_patterns,,grab review: bayaran guna kad,,,,team-curated linguistic pattern label
TR0525,Grab review: Order sedang diproses,neutral,English/Malay/Manglish/emoji,direct_or_negation,grab review order sedang diproses,grab review order sedang diproses,curated_multilingual_patterns,,grab review: order sedang diproses,,,,team-curated linguistic pattern label
TR0526,Grab review: App dibuka pada waktu pagi,neutral,English/Malay/Manglish/emoji,direct_or_negation,grab review app dibuka pada waktu pagi,grab review app dibuka pada waktu pagi,curated_multilingual_patterns,,grab review: app dibuka pada waktu pagi,,,,team-curated linguistic pattern label
TR0527,Grab review: Food was okay,neutral,English/Malay/Manglish/emoji,direct_or_negation,grab review food was okay,grab review food was okay,curated_multilingual_patterns,,grab review: food was okay,,,,team-curated linguistic pattern label
TR0528,Grab review: Service was average,neutral,English/Malay/Manglish/emoji,direct_or_negation,grab review service was average,grab review service was average,curated_multilingual_patterns,,grab review: service was average,,,,team-curated linguistic pattern label
TR0529,Grab review: Nothing special about the meal,neutral,English/Malay/Manglish/emoji,direct_or_negation,grab review nothing special about the meal,grab review nothing special about the meal,curated_multilingual_patterns,,grab review: nothing special about the meal,,,,team-curated linguistic pattern label
TR0530,Grab review: The restaurant is five kilometres away,neutral,English/Malay/Manglish/emoji,direct_or_negation,grab review the restaura not NOT_is NOT_five NOT_kilometres NOT_away,grab review the restaura not is five kilometres away,curated_multilingual_patterns,,grab review: the restaurant is five kilometres away,,,,team-curated linguistic pattern label
TR0531,Grab review: I used the app yesterday,neutral,English/Malay/Manglish/emoji,direct_or_negation,grab review i used the app yesterday,grab review i used the app yesterday,curated_multilingual_patterns,,grab review: i used the app yesterday,,,,team-curated linguistic pattern label
TR0532,Grab review: The receipt shows twelve ringgit,neutral,English/Malay/Manglish/emoji,direct_or_negation,grab review the receipt shows twelve ringgit,grab review the receipt shows twelve ringgit,curated_multilingual_patterns,,grab review: the receipt shows twelve ringgit,,,,team-curated linguistic pattern label
TR0533,Grab review: There were three items,neutral,English/Malay/Manglish/emoji,direct_or_negation,grab review there were three items,grab review there were three items,curated_multilingual_patterns,,grab review: there were three items,,,,team-curated linguistic pattern label
TR0534,Grab review: Order status is delivered,neutral,English/Malay/Manglish/emoji,direct_or_negation,grab review order status is delivered,grab review order status is delivered,curated_multilingual_patterns,,grab review: order status is delivered,,,,team-curated linguistic pattern label
TR0535,Grab review: The order contains one drink,neutral,English/Malay/Manglish/emoji,direct_or_negation,grab review the order contains one drink,grab review the order contains one drink,curated_multilingual_patterns,,grab review: the order contains one drink,,,,team-curated linguistic pattern label
TR0536,Grab review: Delivery arrived at nine pm,neutral,English/Malay/Manglish/emoji,direct_or_negation,grab review delivery arrived at nine pm,grab review delivery arrived at nine pm,curated_multilingual_patterns,,grab review: delivery arrived at nine pm,,,,team-curated linguistic pattern label
TR0537,Grab review: I paid using a debit card,neutral,English/Malay/Manglish/emoji,direct_or_negation,grab review i paid using a debit card,grab review i paid using a debit card,curated_multilingual_patterns,,grab review: i paid using a debit card,,,,team-curated linguistic pattern label
TR0538,Grab review: The wallet was used for payment,neutral,English/Malay/Manglish/emoji,direct_or_negation,grab review the wallet was used for payme not,grab review the wallet was used for payme not,curated_multilingual_patterns,,grab review: the wallet was used for payment,,,,team-curated linguistic pattern label
TR0539,Grab review: My basket includes two items,neutral,English/Malay/Manglish/emoji,direct_or_negation,grab review my basket includes two items,grab review my basket includes two items,curated_multilingual_patterns,,grab review: my basket includes two items,,,,team-curated linguistic pattern label
TR0540,Grab review: The rider arrived at the stated time,neutral,English/Malay/Manglish/emoji,direct_or_negation,grab review the rider arrived at the stated time,grab review the rider arrived at the stated time,curated_multilingual_patterns,,grab review: the rider arrived at the stated time,,,,team-curated linguistic pattern label
TR0541,Grab review: Saya tempah satu minuman,neutral,English/Malay/Manglish/emoji,direct_or_negation,grab review saya tempah satu minuman,grab review saya tempah satu minuman,curated_multilingual_patterns,,grab review: saya tempah satu minuman,,,,team-curated linguistic pattern label
TR0542,Grab review: Saya membuat satu pesanan nasi,neutral,English/Malay/Manglish/emoji,direct_or_negation,grab review saya membuat satu pesanan nasi,grab review saya membuat satu pesanan nasi,curated_multilingual_patterns,,grab review: saya membuat satu pesanan nasi,,,,team-curated linguistic pattern label
TR0543,Grab review: Pesanan saya mengandungi satu makanan,neutral,English/Malay/Manglish/emoji,direct_or_negation,grab review pesanan saya mengandungi satu makanan,grab review pesanan saya mengandungi satu makanan,curated_multilingual_patterns,,grab review: pesanan saya mengandungi satu makanan,,,,team-curated linguistic pattern label
TR0544,Foodpanda order: The order arrived at 7 30 pm,neutral,English/Malay/Manglish/emoji,direct_or_negation,foodpanda order the order arrived at 7 30 pm,foodpanda order the order arrived at 7 30 pm,curated_multilingual_patterns,,foodpanda order: the order arrived at 7 30 pm,,,,team-curated linguistic pattern label
TR0545,Foodpanda order: Delivery took 30 minutes,neutral,English/Malay/Manglish/emoji,direct_or_negation,foodpanda order delivery took 30 minutes,foodpanda order delivery took 30 minutes,curated_multilingual_patterns,,foodpanda order: delivery took 30 minutes,,,,team-curated linguistic pattern label
TR0546,Foodpanda order: I ordered two meals,neutral,English/Malay/Manglish/emoji,direct_or_negation,foodpanda order i ordered two meals,foodpanda order i ordered two meals,curated_multilingual_patterns,,foodpanda order: i ordered two meals,,,,team-curated linguistic pattern label
TR0547,Foodpanda order: The app version is 5 2,neutral,English/Malay/Manglish/emoji,direct_or_negation,foodpanda order the app version is 5 2,foodpanda order the app version is 5 2,curated_multilingual_patterns,,foodpanda order: the app version is 5 2,,,,team-curated linguistic pattern label
TR0548,Foodpanda order: The driver called once,neutral,English/Malay/Manglish/emoji,direct_or_negation,foodpanda order the driver called once,foodpanda order the driver called once,curated_multilingual_patterns,,foodpanda order: the driver called once,,,,team-curated linguistic pattern label
TR0549,Foodpanda order: Payment was made by card,neutral,English/Malay/Manglish/emoji,direct_or_negation,foodpanda order payme not NOT_was NOT_made NOT_by NOT_card,foodpanda order payme not was made by card,curated_multilingual_patterns,,foodpanda order: payment was made by card,,,,team-curated linguistic pattern label
TR0550,Foodpanda order: Saya order dua makanan,neutral,English/Malay/Manglish/emoji,direct_or_negation,foodpanda order saya order dua makanan,foodpanda order saya order dua makanan,curated_multilingual_patterns,,foodpanda order: saya order dua makanan,,,,team-curated linguistic pattern label
TR0551,Foodpanda order: Makanan sampai pukul tujuh,neutral,English/Malay/Manglish/emoji,direct_or_negation,foodpanda order makanan sampai pukul tujuh,foodpanda order makanan sampai pukul tujuh,curated_multilingual_patterns,,foodpanda order: makanan sampai pukul tujuh,,,,team-curated linguistic pattern label
TR0552,Foodpanda order: Driver telefon saya,neutral,English/Malay/Manglish/emoji,direct_or_negation,foodpanda order driver telefon saya,foodpanda order driver telefon saya,curated_multilingual_patterns,,foodpanda order: driver telefon saya,,,,team-curated linguistic pattern label
TR0553,Foodpanda order: Bayaran guna kad,neutral,English/Malay/Manglish/emoji,direct_or_negation,foodpanda order bayaran guna kad,foodpanda order bayaran guna kad,curated_multilingual_patterns,,foodpanda order: bayaran guna kad,,,,team-curated linguistic pattern label
TR0554,Foodpanda order: Order sedang diproses,neutral,English/Malay/Manglish/emoji,direct_or_negation,foodpanda order order sedang diproses,foodpanda order order sedang diproses,curated_multilingual_patterns,,foodpanda order: order sedang diproses,,,,team-curated linguistic pattern label
TR0555,Foodpanda order: App dibuka pada waktu pagi,neutral,English/Malay/Manglish/emoji,direct_or_negation,foodpanda order app dibuka pada waktu pagi,foodpanda order app dibuka pada waktu pagi,curated_multilingual_patterns,,foodpanda order: app dibuka pada waktu pagi,,,,team-curated linguistic pattern label
TR0556,Foodpanda order: Food was okay,neutral,English/Malay/Manglish/emoji,direct_or_negation,foodpanda order food was okay,foodpanda order food was okay,curated_multilingual_patterns,,foodpanda order: food was okay,,,,team-curated linguistic pattern label
TR0557,Foodpanda order: Service was average,neutral,English/Malay/Manglish/emoji,direct_or_negation,foodpanda order service was average,foodpanda order service was average,curated_multilingual_patterns,,foodpanda order: service was average,,,,team-curated linguistic pattern label
TR0558,Foodpanda order: Nothing special about the meal,neutral,English/Malay/Manglish/emoji,direct_or_negation,foodpanda order nothing special about the meal,foodpanda order nothing special about the meal,curated_multilingual_patterns,,foodpanda order: nothing special about the meal,,,,team-curated linguistic pattern label
TR0559,Foodpanda order: The restaurant is five kilometres away,neutral,English/Malay/Manglish/emoji,direct_or_negation,foodpanda order the restaura not NOT_is NOT_five NOT_kilometres NOT_away,foodpanda order the restaura not is five kilometres away,curated_multilingual_patterns,,foodpanda order: the restaurant is five kilometres away,,,,team-curated linguistic pattern label
TR0560,Foodpanda order: I used the app yesterday,neutral,English/Malay/Manglish/emoji,direct_or_negation,foodpanda order i used the app yesterday,foodpanda order i used the app yesterday,curated_multilingual_patterns,,foodpanda order: i used the app yesterday,,,,team-curated linguistic pattern label
TR0561,Foodpanda order: The receipt shows twelve ringgit,neutral,English/Malay/Manglish/emoji,direct_or_negation,foodpanda order the receipt shows twelve ringgit,foodpanda order the receipt shows twelve ringgit,curated_multilingual_patterns,,foodpanda order: the receipt shows twelve ringgit,,,,team-curated linguistic pattern label
TR0562,Foodpanda order: There were three items,neutral,English/Malay/Manglish/emoji,direct_or_negation,foodpanda order there were three items,foodpanda order there were three items,curated_multilingual_patterns,,foodpanda order: there were three items,,,,team-curated linguistic pattern label
TR0563,Foodpanda order: Order status is delivered,neutral,English/Malay/Manglish/emoji,direct_or_negation,foodpanda order order status is delivered,foodpanda order order status is delivered,curated_multilingual_patterns,,foodpanda order: order status is delivered,,,,team-curated linguistic pattern label
TR0564,Foodpanda order: The order contains one drink,neutral,English/Malay/Manglish/emoji,direct_or_negation,foodpanda order the order contains one drink,foodpanda order the order contains one drink,curated_multilingual_patterns,,foodpanda order: the order contains one drink,,,,team-curated linguistic pattern label
TR0565,Foodpanda order: Delivery arrived at nine pm,neutral,English/Malay/Manglish/emoji,direct_or_negation,foodpanda order delivery arrived at nine pm,foodpanda order delivery arrived at nine pm,curated_multilingual_patterns,,foodpanda order: delivery arrived at nine pm,,,,team-curated linguistic pattern label
TR0566,Foodpanda order: I paid using a debit card,neutral,English/Malay/Manglish/emoji,direct_or_negation,foodpanda order i paid using a debit card,foodpanda order i paid using a debit card,curated_multilingual_patterns,,foodpanda order: i paid using a debit card,,,,team-curated linguistic pattern label
TR0567,Foodpanda order: The wallet was used for payment,neutral,English/Malay/Manglish/emoji,direct_or_negation,foodpanda order the wallet was used for payme not,foodpanda order the wallet was used for payme not,curated_multilingual_patterns,,foodpanda order: the wallet was used for payment,,,,team-curated linguistic pattern label
TR0568,Foodpanda order: My basket includes two items,neutral,English/Malay/Manglish/emoji,direct_or_negation,foodpanda order my basket includes two items,foodpanda order my basket includes two items,curated_multilingual_patterns,,foodpanda order: my basket includes two items,,,,team-curated linguistic pattern label
TR0569,Foodpanda order: The rider arrived at the stated time,neutral,English/Malay/Manglish/emoji,direct_or_negation,foodpanda order the rider arrived at the stated time,foodpanda order the rider arrived at the stated time,curated_multilingual_patterns,,foodpanda order: the rider arrived at the stated time,,,,team-curated linguistic pattern label
TR0570,Foodpanda order: Saya tempah satu minuman,neutral,English/Malay/Manglish/emoji,direct_or_negation,foodpanda order saya tempah satu minuman,foodpanda order saya tempah satu minuman,curated_multilingual_patterns,,foodpanda order: saya tempah satu minuman,,,,team-curated linguistic pattern label
TR0571,Foodpanda order: Saya membuat satu pesanan nasi,neutral,English/Malay/Manglish/emoji,direct_or_negation,foodpanda order saya membuat satu pesanan nasi,foodpanda order saya membuat satu pesanan nasi,curated_multilingual_patterns,,foodpanda order: saya membuat satu pesanan nasi,,,,team-curated linguistic pattern label
TR0572,Foodpanda order: Pesanan saya mengandungi satu makanan,neutral,English/Malay/Manglish/emoji,direct_or_negation,foodpanda order pesanan saya mengandungi satu makanan,foodpanda order pesanan saya mengandungi satu makanan,curated_multilingual_patterns,,foodpanda order: pesanan saya mengandungi satu makanan,,,,team-curated linguistic pattern label
TR0573,My experience: The order arrived at 7 30 pm,neutral,English/Malay/Manglish/emoji,direct_or_negation,my experience the order arrived at 7 30 pm,my experience the order arrived at 7 30 pm,curated_multilingual_patterns,,my experience: the order arrived at 7 30 pm,,,,team-curated linguistic pattern label
TR0574,My experience: Delivery took 30 minutes,neutral,English/Malay/Manglish/emoji,direct_or_negation,my experience delivery took 30 minutes,my experience delivery took 30 minutes,curated_multilingual_patterns,,my experience: delivery took 30 minutes,,,,team-curated linguistic pattern label
TR0575,My experience: I ordered two meals,neutral,English/Malay/Manglish/emoji,direct_or_negation,my experience i ordered two meals,my experience i ordered two meals,curated_multilingual_patterns,,my experience: i ordered two meals,,,,team-curated linguistic pattern label
TR0576,My experience: The app version is 5 2,neutral,English/Malay/Manglish/emoji,direct_or_negation,my experience the app version is 5 2,my experience the app version is 5 2,curated_multilingual_patterns,,my experience: the app version is 5 2,,,,team-curated linguistic pattern label
TR0577,My experience: The driver called once,neutral,English/Malay/Manglish/emoji,direct_or_negation,my experience the driver called once,my experience the driver called once,curated_multilingual_patterns,,my experience: the driver called once,,,,team-curated linguistic pattern label
TR0578,My experience: Payment was made by card,neutral,English/Malay/Manglish/emoji,direct_or_negation,my experience payme not NOT_was NOT_made NOT_by NOT_card,my experience payme not was made by card,curated_multilingual_patterns,,my experience: payment was made by card,,,,team-curated linguistic pattern label
TR0579,My experience: Saya order dua makanan,neutral,English/Malay/Manglish/emoji,direct_or_negation,my experience saya order dua makanan,my experience saya order dua makanan,curated_multilingual_patterns,,my experience: saya order dua makanan,,,,team-curated linguistic pattern label
TR0580,My experience: Makanan sampai pukul tujuh,neutral,English/Malay/Manglish/emoji,direct_or_negation,my experience makanan sampai pukul tujuh,my experience makanan sampai pukul tujuh,curated_multilingual_patterns,,my experience: makanan sampai pukul tujuh,,,,team-curated linguistic pattern label
TR0581,My experience: Driver telefon saya,neutral,English/Malay/Manglish/emoji,direct_or_negation,my experience driver telefon saya,my experience driver telefon saya,curated_multilingual_patterns,,my experience: driver telefon saya,,,,team-curated linguistic pattern label
TR0582,My experience: Bayaran guna kad,neutral,English/Malay/Manglish/emoji,direct_or_negation,my experience bayaran guna kad,my experience bayaran guna kad,curated_multilingual_patterns,,my experience: bayaran guna kad,,,,team-curated linguistic pattern label
TR0583,My experience: Order sedang diproses,neutral,English/Malay/Manglish/emoji,direct_or_negation,my experience order sedang diproses,my experience order sedang diproses,curated_multilingual_patterns,,my experience: order sedang diproses,,,,team-curated linguistic pattern label
TR0584,My experience: App dibuka pada waktu pagi,neutral,English/Malay/Manglish/emoji,direct_or_negation,my experience app dibuka pada waktu pagi,my experience app dibuka pada waktu pagi,curated_multilingual_patterns,,my experience: app dibuka pada waktu pagi,,,,team-curated linguistic pattern label
TR0585,My experience: Food was okay,neutral,English/Malay/Manglish/emoji,direct_or_negation,my experience food was okay,my experience food was okay,curated_multilingual_patterns,,my experience: food was okay,,,,team-curated linguistic pattern label
TR0586,My experience: Service was average,neutral,English/Malay/Manglish/emoji,direct_or_negation,my experience service was average,my experience service was average,curated_multilingual_patterns,,my experience: service was average,,,,team-curated linguistic pattern label
TR0587,My experience: Nothing special about the meal,neutral,English/Malay/Manglish/emoji,direct_or_negation,my experience nothing special about the meal,my experience nothing special about the meal,curated_multilingual_patterns,,my experience: nothing special about the meal,,,,team-curated linguistic pattern label
TR0588,My experience: The restaurant is five kilometres away,neutral,English/Malay/Manglish/emoji,direct_or_negation,my experience the restaura not NOT_is NOT_five NOT_kilometres NOT_away,my experience the restaura not is five kilometres away,curated_multilingual_patterns,,my experience: the restaurant is five kilometres away,,,,team-curated linguistic pattern label
TR0589,My experience: I used the app yesterday,neutral,English/Malay/Manglish/emoji,direct_or_negation,my experience i used the app yesterday,my experience i used the app yesterday,curated_multilingual_patterns,,my experience: i used the app yesterday,,,,team-curated linguistic pattern label
TR0590,My experience: The receipt shows twelve ringgit,neutral,English/Malay/Manglish/emoji,direct_or_negation,my experience the receipt shows twelve ringgit,my experience the receipt shows twelve ringgit,curated_multilingual_patterns,,my experience: the receipt shows twelve ringgit,,,,team-curated linguistic pattern label
TR0591,My experience: There were three items,neutral,English/Malay/Manglish/emoji,direct_or_negation,my experience there were three items,my experience there were three items,curated_multilingual_patterns,,my experience: there were three items,,,,team-curated linguistic pattern label
TR0592,My experience: Order status is delivered,neutral,English/Malay/Manglish/emoji,direct_or_negation,my experience order status is delivered,my experience order status is delivered,curated_multilingual_patterns,,my experience: order status is delivered,,,,team-curated linguistic pattern label
TR0593,My experience: The order contains one drink,neutral,English/Malay/Manglish/emoji,direct_or_negation,my experience the order contains one drink,my experience the order contains one drink,curated_multilingual_patterns,,my experience: the order contains one drink,,,,team-curated linguistic pattern label
TR0594,My experience: Delivery arrived at nine pm,neutral,English/Malay/Manglish/emoji,direct_or_negation,my experience delivery arrived at nine pm,my experience delivery arrived at nine pm,curated_multilingual_patterns,,my experience: delivery arrived at nine pm,,,,team-curated linguistic pattern label
TR0595,My experience: I paid using a debit card,neutral,English/Malay/Manglish/emoji,direct_or_negation,my experience i paid using a debit card,my experience i paid using a debit card,curated_multilingual_patterns,,my experience: i paid using a debit card,,,,team-curated linguistic pattern label
TR0596,My experience: The wallet was used for payment,neutral,English/Malay/Manglish/emoji,direct_or_negation,my experience the wallet was used for payme not,my experience the wallet was used for payme not,curated_multilingual_patterns,,my experience: the wallet was used for payment,,,,team-curated linguistic pattern label
TR0597,My experience: My basket includes two items,neutral,English/Malay/Manglish/emoji,direct_or_negation,my experience my basket includes two items,my experience my basket includes two items,curated_multilingual_patterns,,my experience: my basket includes two items,,,,team-curated linguistic pattern label
TR0598,My experience: The rider arrived at the stated time,neutral,English/Malay/Manglish/emoji,direct_or_negation,my experience the rider arrived at the stated time,my experience the rider arrived at the stated time,curated_multilingual_patterns,,my experience: the rider arrived at the stated time,,,,team-curated linguistic pattern label
TR0599,My experience: Saya tempah satu minuman,neutral,English/Malay/Manglish/emoji,direct_or_negation,my experience saya tempah satu minuman,my experience saya tempah satu minuman,curated_multilingual_patterns,,my experience: saya tempah satu minuman,,,,team-curated linguistic pattern label
TR0600,My experience: Saya membuat satu pesanan nasi,neutral,English/Malay/Manglish/emoji,direct_or_negation,my experience saya membuat satu pesanan nasi,my experience saya membuat satu pesanan nasi,curated_multilingual_patterns,,my experience: saya membuat satu pesanan nasi,,,,team-curated linguistic pattern label
TR0601,My experience: Pesanan saya mengandungi satu makanan,neutral,English/Malay/Manglish/emoji,direct_or_negation,my experience pesanan saya mengandungi satu makanan,my experience pesanan saya mengandungi satu makanan,curated_multilingual_patterns,,my experience: pesanan saya mengandungi satu makanan,,,,team-curated linguistic pattern label
TR0602,"Honestly, The order arrived at 7 30 pm",neutral,English/Malay/Manglish/emoji,direct_or_negation,honestly the order arrived at 7 30 pm,"honestly, the order arrived at 7 30 pm",curated_multilingual_patterns,,"honestly, the order arrived at 7 30 pm",,,,team-curated linguistic pattern label
TR0603,"Honestly, Delivery took 30 minutes",neutral,English/Malay/Manglish/emoji,direct_or_negation,honestly delivery took 30 minutes,"honestly, delivery took 30 minutes",curated_multilingual_patterns,,"honestly, delivery took 30 minutes",,,,team-curated linguistic pattern label
TR0604,"Honestly, I ordered two meals",neutral,English/Malay/Manglish/emoji,direct_or_negation,honestly i ordered two meals,"honestly, i ordered two meals",curated_multilingual_patterns,,"honestly, i ordered two meals",,,,team-curated linguistic pattern label
TR0605,"Honestly, The app version is 5 2",neutral,English/Malay/Manglish/emoji,direct_or_negation,honestly the app version is 5 2,"honestly, the app version is 5 2",curated_multilingual_patterns,,"honestly, the app version is 5 2",,,,team-curated linguistic pattern label
TR0606,"Honestly, The driver called once",neutral,English/Malay/Manglish/emoji,direct_or_negation,honestly the driver called once,"honestly, the driver called once",curated_multilingual_patterns,,"honestly, the driver called once",,,,team-curated linguistic pattern label
TR0607,"Honestly, Payment was made by card",neutral,English/Malay/Manglish/emoji,direct_or_negation,honestly payme not NOT_was NOT_made NOT_by NOT_card,"honestly, payme not was made by card",curated_multilingual_patterns,,"honestly, payment was made by card",,,,team-curated linguistic pattern label
TR0608,"Honestly, Saya order dua makanan",neutral,English/Malay/Manglish/emoji,direct_or_negation,honestly saya order dua makanan,"honestly, saya order dua makanan",curated_multilingual_patterns,,"honestly, saya order dua makanan",,,,team-curated linguistic pattern label
TR0609,"Honestly, Makanan sampai pukul tujuh",neutral,English/Malay/Manglish/emoji,direct_or_negation,honestly makanan sampai pukul tujuh,"honestly, makanan sampai pukul tujuh",curated_multilingual_patterns,,"honestly, makanan sampai pukul tujuh",,,,team-curated linguistic pattern label
TR0610,"Honestly, Driver telefon saya",neutral,English/Malay/Manglish/emoji,direct_or_negation,honestly driver telefon saya,"honestly, driver telefon saya",curated_multilingual_patterns,,"honestly, driver telefon saya",,,,team-curated linguistic pattern label
TR0611,"Honestly, Bayaran guna kad",neutral,English/Malay/Manglish/emoji,direct_or_negation,honestly bayaran guna kad,"honestly, bayaran guna kad",curated_multilingual_patterns,,"honestly, bayaran guna kad",,,,team-curated linguistic pattern label
TR0612,"Honestly, Order sedang diproses",neutral,English/Malay/Manglish/emoji,direct_or_negation,honestly order sedang diproses,"honestly, order sedang diproses",curated_multilingual_patterns,,"honestly, order sedang diproses",,,,team-curated linguistic pattern label
TR0613,"Honestly, App dibuka pada waktu pagi",neutral,English/Malay/Manglish/emoji,direct_or_negation,honestly app dibuka pada waktu pagi,"honestly, app dibuka pada waktu pagi",curated_multilingual_patterns,,"honestly, app dibuka pada waktu pagi",,,,team-curated linguistic pattern label
TR0614,"Honestly, Food was okay",neutral,English/Malay/Manglish/emoji,direct_or_negation,honestly food was okay,"honestly, food was okay",curated_multilingual_patterns,,"honestly, food was okay",,,,team-curated linguistic pattern label
TR0615,"Honestly, Service was average",neutral,English/Malay/Manglish/emoji,direct_or_negation,honestly service was average,"honestly, service was average",curated_multilingual_patterns,,"honestly, service was average",,,,team-curated linguistic pattern label
TR0616,"Honestly, Nothing special about the meal",neutral,English/Malay/Manglish/emoji,direct_or_negation,honestly nothing special about the meal,"honestly, nothing special about the meal",curated_multilingual_patterns,,"honestly, nothing special about the meal",,,,team-curated linguistic pattern label
TR0617,"Honestly, The restaurant is five kilometres away",neutral,English/Malay/Manglish/emoji,direct_or_negation,honestly the restaura not NOT_is NOT_five NOT_kilometres NOT_away,"honestly, the restaura not is five kilometres away",curated_multilingual_patterns,,"honestly, the restaurant is five kilometres away",,,,team-curated linguistic pattern label
TR0618,"Honestly, I used the app yesterday",neutral,English/Malay/Manglish/emoji,direct_or_negation,honestly i used the app yesterday,"honestly, i used the app yesterday",curated_multilingual_patterns,,"honestly, i used the app yesterday",,,,team-curated linguistic pattern label
TR0619,"Honestly, The receipt shows twelve ringgit",neutral,English/Malay/Manglish/emoji,direct_or_negation,honestly the receipt shows twelve ringgit,"honestly, the receipt shows twelve ringgit",curated_multilingual_patterns,,"honestly, the receipt shows twelve ringgit",,,,team-curated linguistic pattern label
TR0620,"Honestly, There were three items",neutral,English/Malay/Manglish/emoji,direct_or_negation,honestly there were three items,"honestly, there were three items",curated_multilingual_patterns,,"honestly, there were three items",,,,team-curated linguistic pattern label
TR0621,"Honestly, Order status is delivered",neutral,English/Malay/Manglish/emoji,direct_or_negation,honestly order status is delivered,"honestly, order status is delivered",curated_multilingual_patterns,,"honestly, order status is delivered",,,,team-curated linguistic pattern label
TR0622,"Honestly, The order contains one drink",neutral,English/Malay/Manglish/emoji,direct_or_negation,honestly the order contains one drink,"honestly, the order contains one drink",curated_multilingual_patterns,,"honestly, the order contains one drink",,,,team-curated linguistic pattern label
TR0623,"Honestly, Delivery arrived at nine pm",neutral,English/Malay/Manglish/emoji,direct_or_negation,honestly delivery arrived at nine pm,"honestly, delivery arrived at nine pm",curated_multilingual_patterns,,"honestly, delivery arrived at nine pm",,,,team-curated linguistic pattern label
TR0624,"Honestly, I paid using a debit card",neutral,English/Malay/Manglish/emoji,direct_or_negation,honestly i paid using a debit card,"honestly, i paid using a debit card",curated_multilingual_patterns,,"honestly, i paid using a debit card",,,,team-curated linguistic pattern label
TR0625,"Honestly, The wallet was used for payment",neutral,English/Malay/Manglish/emoji,direct_or_negation,honestly the wallet was used for payme not,"honestly, the wallet was used for payme not",curated_multilingual_patterns,,"honestly, the wallet was used for payment",,,,team-curated linguistic pattern label
TR0626,"Honestly, My basket includes two items",neutral,English/Malay/Manglish/emoji,direct_or_negation,honestly my basket includes two items,"honestly, my basket includes two items",curated_multilingual_patterns,,"honestly, my basket includes two items",,,,team-curated linguistic pattern label
TR0627,"Honestly, The rider arrived at the stated time",neutral,English/Malay/Manglish/emoji,direct_or_negation,honestly the rider arrived at the stated time,"honestly, the rider arrived at the stated time",curated_multilingual_patterns,,"honestly, the rider arrived at the stated time",,,,team-curated linguistic pattern label
TR0628,"Honestly, Saya tempah satu minuman",neutral,English/Malay/Manglish/emoji,direct_or_negation,honestly saya tempah satu minuman,"honestly, saya tempah satu minuman",curated_multilingual_patterns,,"honestly, saya tempah satu minuman",,,,team-curated linguistic pattern label
TR0629,"Honestly, Saya membuat satu pesanan nasi",neutral,English/Malay/Manglish/emoji,direct_or_negation,honestly saya membuat satu pesanan nasi,"honestly, saya membuat satu pesanan nasi",curated_multilingual_patterns,,"honestly, saya membuat satu pesanan nasi",,,,team-curated linguistic pattern label
TR0630,"Honestly, Pesanan saya mengandungi satu makanan",neutral,English/Malay/Manglish/emoji,direct_or_negation,honestly pesanan saya mengandungi satu makanan,"honestly, pesanan saya mengandungi satu makanan",curated_multilingual_patterns,,"honestly, pesanan saya mengandungi satu makanan",,,,team-curated linguistic pattern label
