review,source_file,review_rating,text_sentiment,nb_prediction,nb_confidence
Naiknya harga grabbike per mei 2019 ini sangat mengecewakan karena drastis sekali. Saya jadi trpaksa hrs memakai kompetitor... dan berpikir ulang utk subscribe paket grab hemat.,grab_reviews.csv,5,neutral,neutral,0.9999981653821581
"Disappointed. It got worse recently, the apps always freeze when I got a driver and this makes it hard for me to see progresses or contact the driver. Even got scold by a driver because I couldnt cancel a trip.",grab_reviews.csv,2,negative,negative,0.999677016889322
Maaasahan..mabait ang mga driver,grab_reviews.csv,4,neutral,neutral,0.9974720596732682
"when ur customers use online payment u should hold the payment first until the order is placed including all the items before charging the card since sometimes orders can be cancelled or some items won't be available and our money won't be returned easily and we need to wait how many business days, sometimes if the items are not available the money that was paid wasn't returned to the card. u should follow Grab, they're holding the payment until the order is placed. Just saying😊",foodpanda_reviews.csv,2,positive,negative,0.9843951776069843
"Pesan makanan di sekitar komplek sejam ternyata pas di cek handle multiple order, kalau memang ada fitur multiple order info ke customer dulu lah. Kalau lama ya mending ga order di grab bisa pake aplikasi lain",grab_reviews.csv,1,neutral,neutral,0.9999983287143305
baler app.youtube shesh koiraloise,foodpanda_reviews.csv,1,neutral,neutral,0.9961798130662489
Works most of the time but customer service is a bit lacking,foodpanda_reviews.csv,3,neutral,negative,0.7318019221297961
"Great app. Keep delivering, keep Serving",foodpanda_reviews.csv,5,positive,positive,0.9858657557748958
Most of the time food Packaging is too bad. No controls over vendors by foodpanda management.,foodpanda_reviews.csv,3,negative,negative,0.9989518937587725
UNREASONABLE PRICE,grab_reviews.csv,1,neutral,negative,0.48081565589087977
Delivery point,foodpanda_reviews.csv,2,neutral,negative,0.5541768309598161
Great service terrible app. #edit# can you please stop sending me an SMS everyday from DM-FPANDA. I did not authorize you to spam me. Please stop spamming me!! ##edit2## this shows that food panda does not give a panda poop about cx. You are asking me to contact you coz I think your app stinks..? Please rethink your automated response you fools. Please stop sending me an SMS every day.!!,foodpanda_reviews.csv,1,negative,negative,0.9939830254964555
Food didnt delivered. The rider didnt even contacted me. Useless customer service,foodpanda_reviews.csv,1,negative,negative,0.995328261511621
Useful and reliable service. App works very well too.,grab_reviews.csv,5,positive,positive,0.9995910579647561
Just go out and buy food yourself,foodpanda_reviews.csv,1,neutral,positive,0.6584034592477321
The information on the app is false. Their delivery is deplorable. And their customer support chat is the worst. A scam in short.,foodpanda_reviews.csv,1,negative,negative,0.9989826716034181
"I tried ordering at Faasos for the bogo. The coupon code is so complicated that you can't remember it. And once you have proceeded with the order, the coupon code is no longer visible. Also, the Restaurant and the app communicated differently. One item as per the restaurant which is on offer, is not visible On the app. Please get these sorted. First and Worst experience.",foodpanda_reviews.csv,1,negative,negative,0.9998562979693378
Best fast food for all,foodpanda_reviews.csv,5,positive,positive,0.9999826357673214
very slow service! 1hr+ akong naghintay sa order ko need pa pala may mag order pang iba para isabay sa driver yung order ko ! not recommended uninstall app !,foodpanda_reviews.csv,1,negative,neutral,0.7497617567045408
Its an easy to use website,foodpanda_reviews.csv,4,positive,positive,0.9983931723153339
Just cancells my order,foodpanda_reviews.csv,1,neutral,negative,0.8332085673909078
"Nice guy, on time, help me to load up my heavy luggage onto the boot",grab_reviews.csv,5,positive,positive,0.7274620359764234
Superb aapp,grab_reviews.csv,5,positive,positive,0.9941364665961373
Awesome 👍.,grab_reviews.csv,5,positive,positive,0.9999809285461003
Can't track current location...,foodpanda_reviews.csv,1,neutral,negative,0.505389725964528
i can go to anywhere i want,grab_reviews.csv,5,neutral,positive,0.9739099231564077
Buhat mehenga khana milta he double peso ka khana foodpunda,foodpanda_reviews.csv,1,neutral,neutral,0.9853717006309521
Samose Hafiz,foodpanda_reviews.csv,5,neutral,neutral,0.5165521901240283
This is a scam app... Foodpanda is a scamster company... As it always scamming me of money.... Last order didn't received.... They customer service socks.... Worthless...,foodpanda_reviews.csv,1,negative,negative,0.9997402743271406
very bad taste,foodpanda_reviews.csv,5,negative,negative,0.9979248648984925
"masarap super masarap Ang food ni Tealive, Ang bilis p ni rider magdeliver ,👍👍👍",foodpanda_reviews.csv,5,positive,positive,0.9541806709367459
Perfect app for fodies,foodpanda_reviews.csv,4,positive,positive,0.9999667295826835
babi mn grab nyer sial,grab_reviews.csv,1,neutral,neutral,0.9735778331427939
"it easy to use , such a useful apps for me to get a ride anywhere I want .",grab_reviews.csv,5,positive,positive,0.9999799467516507
Amazing no cap,foodpanda_reviews.csv,5,positive,positive,0.9997184161741026
Useless and pathetic service,foodpanda_reviews.csv,1,negative,negative,0.9999961009475683
This retarded app couldn't pinpoint any location in/around the landmarks. For example it's next to impossible to get picked up at an exact address in Nguyen Hue cuz the app keeps pointing to certain intersections far away. Frustrating! GoJek does the job just fine.,grab_reviews.csv,1,negative,negative,0.99752884841484
"Hi there! I love FoodPanda! Everything is great, the food, the service and promos. This is one of my favorite service apps. Although i'd like to suggest a few ideas for the improvement of FoodPanda. There should be a record for the driver and rating as well. There are instances where some drivers are eating the food we ordered, once the driver got the order, they'll make an excuse for you to cancel the order. I hope this message gets noticed and be given a proper action. Have a good day!",foodpanda_reviews.csv,5,positive,positive,0.8104780283831581
Please someone help me... Foodpandas advertise is disturbing me seriously 😒.... How I can block this advertise... After 5_ 10 minutes showing me advertise...,foodpanda_reviews.csv,1,negative,negative,0.9936979654743536
Make my day more easy,grab_reviews.csv,5,positive,positive,0.9642450103030435
mabait si kuya driver,grab_reviews.csv,5,neutral,neutral,0.9969979803015033
cheaper shipping fee,foodpanda_reviews.csv,5,neutral,positive,0.7483251134197771
"Good app, would have given 5 if there are options for pwd and senior discount :)",foodpanda_reviews.csv,4,positive,positive,0.8899626176394182
Book xe quá chậm,grab_reviews.csv,1,neutral,neutral,0.9991401699753689
keep it up .,grab_reviews.csv,3,neutral,positive,0.9016841563613694
Can't use cash on delivery. I only cancelled an order once and now i cant use COD. This is ridiculous. Uninstalling.,foodpanda_reviews.csv,1,negative,negative,0.9998416178217747
U take wrong orders.,foodpanda_reviews.csv,3,negative,negative,0.998396606304117
"Amazing apps, really like it",grab_reviews.csv,5,positive,positive,0.999820353731928
Nice Best excellent❤🔝,foodpanda_reviews.csv,3,positive,positive,0.9998488051890217
"Services getting worst. Slow delivery 1hr+, bad paper bag that always tear itself, drivers getting lost. Even worst there is no notification when one of the items are not available. And it's joke they reply to this review after 3months",foodpanda_reviews.csv,1,negative,negative,0.9997604260019313
Good service but time taking,foodpanda_reviews.csv,5,neutral,negative,0.6233591304190175
Lousy app... You cant even cancel your payment methods. Better use the website then. No point on downloading it. Waste of time. And you have to be careful as you can accidentally clicked the order and they can charge you and even you cancel less than a minute after your order. They cant still cancel it for you.,foodpanda_reviews.csv,1,negative,negative,0.9999494431634739
Food panda are dirty scamers. This disguisting business must be shut down by the food authorities in pakistan. 80% of their riders replace the food. 50% of restaurants send food that is non hygenic and wasted food.,foodpanda_reviews.csv,1,negative,negative,0.9995010268223598
It is going slower,foodpanda_reviews.csv,5,neutral,negative,0.6722819922053013
"Changing my review to 1 star, they charged me for a transaction and eheve delivered the food. The vendors were as bewildered as I was. Worst part is that their app shows no help line, no way to contact them. It's honestly ridiculous. Update: I've informed them of the situation, they keep responding the same thing to check with the restraunt and if the restraunt doesn't deliver to tell them. It's been 9 days since the incident",foodpanda_reviews.csv,1,negative,negative,0.9999667621463426
"Make sure u clarify with the support with the compensation options they have, otherwise they will try to tick you to select the lower amount options.",foodpanda_reviews.csv,1,positive,negative,0.6494660618168319
Your app is something wrong with payment method. Order was cancelled and you already got my money from my card. I have to wait several weeks to get it back . And also you should hear the voice of riders . Please think from riders point of view also .,foodpanda_reviews.csv,1,negative,negative,0.9999114265254272
aplikasi ini sangat bagus👍,grab_reviews.csv,5,positive,positive,0.6858843665834752
Wrong order and no refund...uninstalling,foodpanda_reviews.csv,1,negative,negative,0.9999298019234943
App paling bodoh didunia..,foodpanda_reviews.csv,1,negative,negative,0.9835366811872214
Good app to get transportation easly,grab_reviews.csv,5,positive,positive,0.9987709452613959
Not user friendly anymore. Why grab make it difficult for me to reload the bloody wallet is beyond me. Stupid really. I'm trying to give your company money here for Christ's sake,grab_reviews.csv,5,negative,negative,0.9998881671175106
I think it is quite good to eat what you want anytime and anywhere. Bus bhai kiya karo yahi khana parta hai dhoka day gayi mujhay wo yar foodpanda hi sahara hai ab to. Usay bahut khilaya foodpanda se per wo phir bhi choar gaye. 😭😭😭,foodpanda_reviews.csv,4,negative,negative,0.4864242860289877
ไม่สนับสนุนแอ๊พบูด มีแอพดีๆ ให้ใช้อีกเยอะ แบนค่ะ!!!👎👎👎👎,foodpanda_reviews.csv,1,negative,negative,0.999981902774598
"It sucks, raat ko order do to 3 ghanty tk delay hota rehta hai food panda k bharosy mai 2 dafa bhooka soya hn",foodpanda_reviews.csv,1,negative,neutral,0.5933904297299666
It's very useful!,grab_reviews.csv,5,positive,positive,0.9998960314529893
Useless app in just simple 2 words.,foodpanda_reviews.csv,1,negative,negative,0.8211474186477385
I'm trying to to sign up....but it's showing that an unknown error appeared🤔🤔🤔😠😠,foodpanda_reviews.csv,4,negative,negative,0.9999976321260998
It' was gerat ap,foodpanda_reviews.csv,5,neutral,neutral,0.4099007624789193
Great and hassle free,grab_reviews.csv,5,positive,positive,0.9999910100854886
punctual and reliable,grab_reviews.csv,5,neutral,positive,0.7730487682905678
Bersih.. nyaman..on time,grab_reviews.csv,4,neutral,neutral,0.8685608207831437
Can't show my address on maps,grab_reviews.csv,1,neutral,neutral,0.6858089163101821
"App is now not user friendly when comes to grab hitch... previous version is perfect, will indicate looking for hitch driver and if found will also indicates and information and details will be shown. Nothing to be confused about. Today I tried to hitch and message to me was ""be there at 5.45am"" which is my timing so I thought sure there is driver but how come no driver details.. when the time is up, message is no driver. This confusion is irritating. And now the time is past my requested timin",grab_reviews.csv,1,negative,negative,0.9998422081964914
Excellent. More more promo please..,grab_reviews.csv,5,positive,positive,0.99993718596061
Best one easy to use,foodpanda_reviews.csv,5,positive,positive,0.9999992633820098
Kemudahan masa kini. Tapi jangan asyik charge lebih aje..,grab_reviews.csv,5,neutral,neutral,0.9988651636886868
Not good app food price 161 show ho Ra or jab place order karta hai discount offer khtm 230 ban jati hai and phala 40 rupa lyata tha ab 70 rupa Lana lg gaya costly ho geya ab foodpanda very bad app,foodpanda_reviews.csv,1,negative,neutral,0.5273389180803227
Hmmmmpppp...i try it.,grab_reviews.csv,5,neutral,neutral,0.4397496244049685
"the price too expensive for student.beg fore this grab price stable..but after dont have uber, grab do like this..why..your target was student right? why must demand price..im to upset with grab.👎",grab_reviews.csv,1,negative,negative,0.9910840594727278
Kalo kirim pesan susah...jarang terkirim...lemot..padahal kl buka akun ojek online lainnya lancar2 aja...,grab_reviews.csv,3,neutral,neutral,0.9999967981708935
You should indicate if the restaurant is open for this hour or not. I already chose 3 restaurants and it keeps on saying establishment is closed but upon checking on their info. They are open during that time. Such a lame app,foodpanda_reviews.csv,1,negative,negative,0.9930449758856486
Thank you for the safety and convenience that I have experienced since I have used the application....,grab_reviews.csv,5,positive,positive,0.9970284215890565
"excellent service... really appreciate offering services for us.... very easy, convenience and dynamic... this paradigm shift really make online taxi was easy and not complicated as usual....",grab_reviews.csv,5,positive,positive,0.9999844281783461
New app sucks,foodpanda_reviews.csv,1,negative,negative,0.9903555395941678
Has a lot of vouchers,foodpanda_reviews.csv,5,neutral,positive,0.9934288602435161
Sahi he ji,foodpanda_reviews.csv,4,neutral,neutral,0.943924711386898
Sekarang dah tak boleh nak tgk and gerakkan map dah . Jadi saya sedikit kecewa .,foodpanda_reviews.csv,2,neutral,neutral,0.9996042753921456
E penjana,grab_reviews.csv,5,neutral,neutral,0.7853796176927821
There whenever i need it ;),foodpanda_reviews.csv,4,neutral,negative,0.3785833947571413
its owsome,grab_reviews.csv,5,neutral,neutral,0.9932650537708032
Way cheaper then grab food and some restaurants has free delivery,foodpanda_reviews.csv,5,positive,positive,0.9528287973504621
You always provide good services,grab_reviews.csv,5,positive,positive,0.9918259606493289
What happnd my apps cant buy online?,foodpanda_reviews.csv,1,neutral,negative,0.9404692757698979
Grab car is easiest and fastest mode of travel with friendly and courtesy drivers,grab_reviews.csv,5,positive,positive,0.9996785086743532
It is the best app for ordering food and is very convenient too.,foodpanda_reviews.csv,5,positive,positive,0.9999880059164439
"Pesen sop pak min iso dadi sop tokolan, lah driver e nyantol meneh neng gacoan😂 Parah betul pesen food pake mampir2 dengan alasan dobel order beda resto",grab_reviews.csv,1,positive,neutral,0.9822594610089798
Doesn't seem to have enough riders. Please pay them better to hire more riders.,foodpanda_reviews.csv,2,positive,positive,0.47911297329092334
an useful apps,grab_reviews.csv,4,positive,positive,0.9995342053659968
"Kalau dibutuhkan lebih dari 1 kendaraan, aplikasi ini gak bisa menjawab kebutuhan",grab_reviews.csv,3,neutral,neutral,0.999999759961668
xobrang bait ni kuya driver,grab_reviews.csv,4,neutral,neutral,0.8293608879063481
Don't cook and be lazy,foodpanda_reviews.csv,5,negative,negative,0.6730614439989747
Easy to use and navigate to get halal options for food delivery.,foodpanda_reviews.csv,5,positive,positive,0.9998020892412407
Chor hen sub company me,foodpanda_reviews.csv,1,neutral,neutral,0.6518686355055333
Not working app since three days showing un known error please try again,foodpanda_reviews.csv,1,negative,negative,0.9951969742365007
I'm a student with no transport. Grab helps a tonne. Thanks Grab.,grab_reviews.csv,5,positive,positive,0.9982269608152099
"Grab is not good right now, they asking high demand price.",grab_reviews.csv,1,negative,negative,0.980806692475816
Can't register. Type info and receive activation code and then... Go back Home screen of Grab. Again and again,grab_reviews.csv,2,neutral,negative,0.9380869816020755
This app was just for a timepass.I wate for my food for 2 hrs but they said there is 1 mins from 1 hr.I do not give it 1 star. IF there is a option of negative star so I will give -10 this app is disgusting.,foodpanda_reviews.csv,1,negative,negative,0.9999106756942368
Overwhelming good job,grab_reviews.csv,5,positive,positive,0.9991537316615721
menjadi kebutuhan Sehari hari,grab_reviews.csv,5,neutral,neutral,0.9999737558358657
🤩🤩🤩👌👌👌💸💸💸✅✅✅,foodpanda_reviews.csv,5,positive,positive,0.9995144866995818
Worst app i ever used. It's just awful,foodpanda_reviews.csv,1,negative,negative,0.9997127400197253
It's not working from 3 day's.i reinstall & update bt not working,foodpanda_reviews.csv,4,negative,negative,0.9995513998997927
"Old app is very very good app very nice experience with the old version but the new version never works it couldn't deliver on my address,Butt already i deliver my food from foodpanda on old version but now it says no restraunts currently delivery in your area😕🤧😒 even the restaurant is very near to my home",foodpanda_reviews.csv,4,negative,negative,0.9551202109013042
The most easy and cheap way to reach somewhere,grab_reviews.csv,5,positive,positive,0.9982816941605402
ang daming bastos na deliver. mawawalan ka na ng gana sa pagkain mo dahil sa inis mo sa mga nag deliver ng inorder mo. not worth spending even a peso for delivery.,foodpanda_reviews.csv,1,negative,neutral,0.9866644171490226
Udpdate failed. Stuck at 95%. Fixed by reinstalling the app.,grab_reviews.csv,3,negative,negative,0.9969054664942874
Its easy and fast transportation,grab_reviews.csv,5,positive,positive,0.9999971048461292
Very good for ordering food easily..,foodpanda_reviews.csv,5,positive,positive,0.9999158800917793
"I really love foodpanda. Very helpful especially when i'm hungry, i can just order and wait for few minutes and i can finally eat foods from my favorite restaurant without going there. There are also badges that will gain points convertible to vouchers to use to save. Highly recommended to download and use this app.",foodpanda_reviews.csv,5,positive,positive,0.9994151933252917
Atif ayaz,foodpanda_reviews.csv,5,neutral,neutral,0.645600665344152
Very helpful application !,grab_reviews.csv,5,positive,positive,0.9997141324377626
Have been using food panda for 6 months now. Love it.,foodpanda_reviews.csv,5,positive,positive,0.8743435758020502
Ingat Ingat,grab_reviews.csv,4,neutral,neutral,0.9071864991665816
Cant even access it.,grab_reviews.csv,1,neutral,negative,0.7492021909422866
Thanku alot food fanda is pakistan,foodpanda_reviews.csv,5,neutral,positive,0.6991883496661342
Too frequent update,foodpanda_reviews.csv,2,neutral,neutral,0.8176356198507753
Good enough when you r lazy...,foodpanda_reviews.csv,3,positive,positive,0.9270090187365649
Very help fully,grab_reviews.csv,5,positive,positive,0.988046064296824
Pathetic service I hope it dies soon You just don't have any option if they mess up your order,foodpanda_reviews.csv,1,negative,negative,0.9990672139884095
Great app ..... Loved it 😊,foodpanda_reviews.csv,5,positive,positive,0.9999999988338857
This is idle and worst app ever the rider eat half your food on the way,foodpanda_reviews.csv,1,negative,negative,0.9995001440927004
great work very useful,foodpanda_reviews.csv,5,positive,positive,0.9999788700815502
If I could just give zero stars for this app. You have a very rude costumer service provider btw.,foodpanda_reviews.csv,1,negative,negative,0.9698770411582848
"worst 1st experience. ordered twice, waited 30 minutes for each order and now no food. its iftar time, only thing I have is water.",foodpanda_reviews.csv,1,negative,negative,0.9888307847330906
Now days I can't make payment online for any order frustrated,foodpanda_reviews.csv,5,negative,negative,0.9669656336341591
"service has gotten worse and worse, not enough driver and restaurant choices are limited now too",foodpanda_reviews.csv,1,negative,negative,0.999715164589743
How does food wadder?,foodpanda_reviews.csv,1,neutral,negative,0.4358343959938776
"HORRIBLE CUSTOMER SERVICE! I have spent HUNDREDS of dollars on this app & the ONE TIME I needed support bc the app was stuck, NO ONE helped me & EVERY email or phone number published DOESN'T WORK! There is NO CUSTOMER SUPPORT & THEY LEFT ME STRANDED!!!!!",grab_reviews.csv,1,negative,negative,0.9999961533411382
Bad experience with food panda. 2 time I place order after 20 mint wait receive msg order is canceled,foodpanda_reviews.csv,1,negative,negative,0.9989225565848318
Cannot checkout for pre-order.,foodpanda_reviews.csv,5,neutral,negative,0.9109972302446241
Dimag kharab kar diya is app ne,foodpanda_reviews.csv,1,neutral,neutral,0.9003149439350455
"It,s 2am. Still i got ride....",grab_reviews.csv,4,neutral,negative,0.5189740261780005
"Just bad, I placed an order for two burgers and received one, then later on I asked for a refund or to deliver to me later and they refused to do so, lost my money.",foodpanda_reviews.csv,1,negative,negative,0.9999806383182474
"Sometimes this app hang. After reinstalling, it works. Need improvement",foodpanda_reviews.csv,1,neutral,neutral,0.6235480235801032
It's not bad 😀🤗,foodpanda_reviews.csv,4,positive,positive,0.9999998381271797
Kenapa saya tkbole nak login lepas update,foodpanda_reviews.csv,3,neutral,neutral,0.9570422195945175
Now dah okey,foodpanda_reviews.csv,5,neutral,neutral,0.9325430624323033
Always take too long to load.Getting worst.,grab_reviews.csv,2,negative,negative,0.9991044963721122
"It's really bad, I stoped booking with grab due to riders' rudeness, and when I have decided to give it a shot again, It says my account is suspended due to unusual activity and I have to make an appeal to have it reactivated. I'll just go with kther couriers then. If I could just give it zero stars...",grab_reviews.csv,1,negative,negative,0.9995830497794802
Food panda does not work in the area of uet lahore,foodpanda_reviews.csv,1,negative,negative,0.9974914231133134
My online food partner!,grab_reviews.csv,5,neutral,positive,0.5915382143590201
All IS WELL KEEP ROCKING PREMJI🥰💞💋💖🔶️,foodpanda_reviews.csv,5,positive,positive,0.9999699830330598
Easy to use and more offers,grab_reviews.csv,5,positive,positive,0.9999763418198645
good for lonewolf people hahah,foodpanda_reviews.csv,5,positive,positive,0.9882622203973513
Have been using this app since it started. Better compared to the old versions.,grab_reviews.csv,5,positive,positive,0.651708985970001
Saya tidak bisa update,grab_reviews.csv,1,neutral,neutral,0.9986718067546569
"Poor service, ordered but items were incomplete and I didn't even get a refund.",foodpanda_reviews.csv,1,neutral,negative,0.9907217100760344
Bad experience of delivery fee,foodpanda_reviews.csv,1,negative,negative,0.9732446535850712
"Very bad app, few days after always ask to update 😠😠😠",grab_reviews.csv,1,negative,negative,0.9999945288214065
Am from kenya a tourist in malaysia this app is good booked a cab an in 5mins was there and the rates are affordable introduce it in kenya,grab_reviews.csv,5,positive,positive,0.8854470827984379
"I try to connect with my card bank and they said i put info wrong. Like wth i already try almost 5 times. I hate it. And when i want to top up my money, they said i already log in my bank islam. I never open it. Nah i dont want to use grab anymore",grab_reviews.csv,1,negative,negative,0.9991585108637216
Poor service...,grab_reviews.csv,1,negative,negative,0.999299037270293
Poor app and poor service,foodpanda_reviews.csv,1,negative,negative,0.9999486619254019
"Such a useless app. U shud stop spending on ads and invest it in improvising this app. There r hardly 5 restaurants showing up any time of the day. And its always subway and bakers. Who eats sub's and cakes all the time. And places order on calls works faster than this. Delivery time is pathetic, takes muuuccchhh longer than placing orders on call.",foodpanda_reviews.csv,1,negative,negative,0.9859304447227272
mantap terbantu bgt buat kaum rebahan,grab_reviews.csv,5,positive,neutral,0.732436945613858
Just see,grab_reviews.csv,4,neutral,neutral,0.3741621742568024
fast delivery and the app is easy to use,foodpanda_reviews.csv,5,positive,positive,0.9999894800742744
Nice to have apps to order some food. But it would be nice to i can change address to deliver more easily. Thanks,foodpanda_reviews.csv,4,positive,positive,0.9999820929416281
its irritating . I'm sick of its advertisement,foodpanda_reviews.csv,1,negative,negative,0.9886227751867716
two time ive ordered! and ordered got cancelled. waiting almost 2 hours! and until now i didnt get my refund!! how pathetic was that? and no customer service can be call?,foodpanda_reviews.csv,1,negative,negative,0.999961975564288
Really hated this apps to be installed coz it took longer time then to wait for a cab,grab_reviews.csv,1,negative,negative,0.9296612515687614
Worst app after update Very disappointed,foodpanda_reviews.csv,1,negative,negative,0.9999030985041355
"Good n great, sekedar saran aplikasinya terasa sedikit lemot coba buat lebih responsif",grab_reviews.csv,5,positive,neutral,0.9992726308165489
nice but bryani is not good,foodpanda_reviews.csv,5,negative,negative,0.999307778370003
If detailed description for the items was there it would be better,foodpanda_reviews.csv,4,positive,positive,0.953768972307037
Very poor service for localfood delivery..,foodpanda_reviews.csv,1,negative,negative,0.9969952442745961
So far good naman,foodpanda_reviews.csv,5,positive,positive,0.998941216281237
All the shops in my area are unavailable.,foodpanda_reviews.csv,3,neutral,positive,0.5697794541410481
Terrible experience. I received wrong order and the Help Center did not seem to be that helpful. I felt so bad to get the wrong one I did not expect. I did not receive any help from this application at all. Not suggest for any reason. Use another app!,foodpanda_reviews.csv,1,negative,negative,0.999973615026656
Pathetic Customer Service.... Just pathetic,foodpanda_reviews.csv,1,negative,negative,0.9999149975799067
The drink didnt seal properly when it arive pool out at the platic bag,foodpanda_reviews.csv,1,neutral,negative,0.5902102161428651
Worst ever. Cancelling order without reading messages. Not understanding messages.,foodpanda_reviews.csv,5,negative,negative,0.9987764982974425
Rubbish!! Unable to reguster due server error. No online support for unregistered users.,grab_reviews.csv,1,negative,negative,0.9987211528794044
Worse app and shipping ever. Late na nga dumating wala man lang pasabi kung tuloy pa ba o hindi yung order mo. Nakakainis di pa matawagan yung costumer service nila,foodpanda_reviews.csv,1,negative,neutral,0.786040684771104
"Firstly cancel the order where I placed, then called n place the order with other restaurant n at last they didn't deliver the food. Worst app",foodpanda_reviews.csv,1,negative,negative,0.9998137121971815
Grab now is cool! 👍,grab_reviews.csv,5,positive,positive,0.9915481481423364
Keren sekali keren sekali,grab_reviews.csv,5,neutral,neutral,0.9957128082156056
why cannot delivery at upnm?. I'm so sad & hungry.,foodpanda_reviews.csv,1,negative,negative,0.9512893386006139
Nakailang beses na ko mag try i-install ng app wala pa rin yung code 😑,grab_reviews.csv,1,neutral,neutral,0.9441574886728955
Until today my orders received with no issue for address. Grab food located my address accurately.,grab_reviews.csv,4,positive,positive,0.8211978235503781
I am so disappointed with grabcar as a platinium user. At this middle of 3 am usually customers are drunk to get a ride home. No cash allowed. I spent 25mins to get card payment done to get a ride. Location also not directly pinpoint after given the name. Since grab did not listen to the complaints to the driver and customer. I guess is better get other apps. Grab company i want u to know you are not one man show and you loose drivers and customer this way. May god bless you.,grab_reviews.csv,1,negative,negative,0.9989869660028231
Sangat selamat,grab_reviews.csv,5,neutral,neutral,0.9961181848234363
I didn't order and rider cl me mam we have your order ready what is this with out ordering order is ready,foodpanda_reviews.csv,1,positive,negative,0.9500169654069226
"Stopped using this app and moved to grab. Logged me out, keeps on giving a wrong address which does not allow me to edit or correct it. Even deleting the app and my account to create a new one does not work. It keeps informing me my phone number is already in use.",foodpanda_reviews.csv,1,negative,negative,0.9999946690762996
Can't detect my email address/account via the app after I've updated it.,foodpanda_reviews.csv,1,neutral,negative,0.9040548547131754
Foodpanda used to be a good app but their service is pathetic with regards to missing items in your order. Flat out say they can't reimburse you and also don't train riders to ensure food items are complete. Highly unprofessional,foodpanda_reviews.csv,1,negative,negative,0.9998344631729608
"I received a notification on the apps, i went to the app and see the notification. After that i kept pressing back button to get out from the app. Somehow the app ordered a grabcar",grab_reviews.csv,1,neutral,negative,0.9126140957540314
Akun crab di bekukan(terblokir),grab_reviews.csv,5,neutral,neutral,0.9994729351609506
Apakah? Sibuk ja memanjang.,grab_reviews.csv,1,neutral,neutral,0.9999072460170663
"used the service while on holiday in Vietnam, very good service .",grab_reviews.csv,5,positive,positive,0.9986287423621895
Huh...bila memerlukan mng takde 😏pagi hari org nak p keja nak book pun takde car.. apelah betol2 nolak rezeki. Verry poor service.,grab_reviews.csv,1,negative,neutral,0.9988158396426672
In n O .k B in m.m,foodpanda_reviews.csv,4,neutral,neutral,0.5456786067918336
"Makin lama apk nya makin berat :""",grab_reviews.csv,4,neutral,neutral,0.9891567457750277
It's not good app 🤬🤬🤬🤬,foodpanda_reviews.csv,1,negative,negative,0.9999999161727011
can't access my card on mt profile,grab_reviews.csv,1,neutral,negative,0.6151335573407348
I hate this thing when i want to order...it just don't work!,foodpanda_reviews.csv,1,negative,negative,0.9940028674681869
"Works so well, makes getting around easy and cheap.",grab_reviews.csv,5,positive,positive,0.999848267702601
Asal update xda utk booking kereta.. Bodoh punya grab.. Perlu sangatkh booking hotel dgn prepaid tu? Nk tempah kereta pun susah. Mmg bodoh org yg buat apps nie.. Kepala bapak dia bodoh.. 😠😠,grab_reviews.csv,1,negative,neutral,0.9920802436624987
"Regarding Grab Food: It's terrible. I keep getting punished for ""frequently cancelling my order"" due to THEIR RIDERS themselves asking to cancel. Reason being that ""they're too far"", 90% of the time. It's ridiculously stupid that I have to get timed out for a day for something that's not even my fault, and there's no way around it. Please fix this.",grab_reviews.csv,2,negative,negative,0.9999986441490972
Very good very fast and easy,foodpanda_reviews.csv,5,positive,positive,0.9999999286378224
Worst complain center,foodpanda_reviews.csv,2,negative,negative,0.9979761231906057
The system of this app sucks! The customer service are mostly stupid!! I will not recommend this app. NEVER! BETTER USE GRAB OR OTHER FOOD DELIVERY APP. THE RESTAURANTS ARE ALSO LIMITED. WORSE APP EVER!!,foodpanda_reviews.csv,1,negative,negative,0.9999592244327683
Good app for those people who live a busy life.,foodpanda_reviews.csv,5,positive,positive,0.993920164918703
"I had a voucher and i ordered from a restruant but the APP glitched out and changed my paymemt method so i immedeatly cancelled that order however i lost my voucher code as it can only be used once , i have been contacting customer helplines to give me another voucher code as it was the APPS fault it was used on a cancelled order however this simple problem that could be resolved in 2 minutes has been stretched into 2 WHOLE DAYS , and now i have been resticted from ordering by cash😡shittyapp🤮",foodpanda_reviews.csv,1,negative,negative,0.9994619188917399
good in ryk,foodpanda_reviews.csv,5,positive,positive,0.9831415833509023
I'd give it a 5 star if the restaurants were ordered alphabetically,foodpanda_reviews.csv,4,neutral,negative,0.4605081690379349
"In Cambodia doesn't work!!! The worst service in all Asia!!! And nobody answers in the assistance service! To provide a bad service, it is better that you close the operations here in Cambodia! And they also use drivers who are IDIOTS!",grab_reviews.csv,1,negative,negative,0.9972897812209606
"hi , masalahnya duit didalam bank telah berkurang tetapi duit tidak masuk ke dalam acc grab saya , jadi bagaimana cara utk saya dapatkan duit saya balik ?",grab_reviews.csv,1,neutral,neutral,0.9999995460730595
ก่อนสั่งขึ้นว่าให้รอ 40 นาที พอสั่งขึ้นให้รอ 77 นาที แจ้งแชทไปก็ได้แค่บอกว่าเป็นความผิดพลาดของแอฟ ก็ถูกต้องไงครับเป็นความผิดของแอฟ ก่อนหน้าออเดอร์วันนี้ เวลาขึ้นว่าอีก 1 นาทีอาหารถึงบ้าน สรุปรอไปอีก 20 นาที,foodpanda_reviews.csv,1,neutral,neutral,0.9332358021472527
"VEry grEat App,",foodpanda_reviews.csv,5,positive,positive,0.9998372541711775
... 5 stars when txt/voice service is integrated.,grab_reviews.csv,4,neutral,negative,0.8909949306225657
Great experience and hope more Innovation in the future,foodpanda_reviews.csv,5,positive,positive,0.9998368435539189
"Everytime i ordered food, there's something wrong abt the order. Example: i got wrong order, my order not completed, they suddenly cancelled my order, delivered the next day and NEVER REFUND. Im sorry, but foodpanda's services is the worst service ever.",foodpanda_reviews.csv,1,negative,negative,0.9999965281302268
"very nice lady, drive safely & steady.",grab_reviews.csv,5,positive,positive,0.9999393726777789
Please never use their services..they are running a fraud business and cheating customers every time. If there was negative rating would have done that..,foodpanda_reviews.csv,1,negative,negative,0.9991097375886897
I love this app so much because it is handy and fast.,foodpanda_reviews.csv,5,positive,positive,0.9999728386767586
Thank pandas to keep me still alive!!,foodpanda_reviews.csv,5,positive,positive,0.49053566055485603
Syarikat cuci duit dan tindas Vendor,foodpanda_reviews.csv,1,neutral,neutral,0.9152698623899056
Very convenient and grab kuya's are friendly 😊,grab_reviews.csv,5,positive,positive,0.999997448438351
"Very good service. Got cancelled by drivers many times, but still, the facts that there's still many drivers that's warm and friendly is still nice.",grab_reviews.csv,5,positive,positive,0.9950200167898665
What a miss management!!!!! Today i ordered food because guests was coming to my house. After 40 mins foodpanda office called and said there’s some mixed up and they need another 40 mins to bring foods or i have to cancel my order. I said cancel my order because i have guest and i cannot wait for another 40 mins. After Canceling raider came with food. I paid him. After he leaving foodpanda showing the order is cancelled in app and they sent me an email saying sorry.,foodpanda_reviews.csv,1,negative,negative,0.9999914748193983
"Fitur driver bisa ambil 2 order grab food dihapus saja, masa 2 order yg ga searah dan jauh bisa bareng. Jadi nunggu kelamaan.",grab_reviews.csv,1,neutral,neutral,0.9999991603765864
very service i am very happy and Rider very nice for customer i will used Grab again next my order Thank you,grab_reviews.csv,5,positive,positive,0.9999040297079951
Bad apps! Scammers!,foodpanda_reviews.csv,1,negative,negative,0.9933111164193124
U good one,grab_reviews.csv,5,positive,positive,0.9598617607816541
"Poor service, di maka book",grab_reviews.csv,1,negative,negative,0.9535317085907865
Very use full in Lockdown time thanks food panda,foodpanda_reviews.csv,5,positive,positive,0.998378604190065
bai kamna ordar Div.,foodpanda_reviews.csv,5,neutral,neutral,0.667423132709524
its saving our times,foodpanda_reviews.csv,4,neutral,positive,0.7404237071142763
I was suspended and i dont know why. Your app sucks.,grab_reviews.csv,1,negative,negative,0.9935874843138369
"Laging nag popop up, (android) dinownload ko nalang para mahinto na sya.. annoying ang pota.. 😑",foodpanda_reviews.csv,1,negative,neutral,0.5989093877026511
Easy and cheaper... Love it...,grab_reviews.csv,5,positive,positive,0.9999913233368837
Add option for upload the place photo woukd be nice i think,foodpanda_reviews.csv,5,positive,positive,0.9240993919011269
ichha rai loveyou,grab_reviews.csv,5,neutral,positive,0.4509668285853768
All goods amazing app easy to navigate,grab_reviews.csv,5,positive,positive,0.999999331332784
Super app cant launch when driver app is open.pls fix!!,grab_reviews.csv,1,positive,negative,0.6893776431410019
Bad service and oppression on it's riders,foodpanda_reviews.csv,1,negative,negative,0.9930459447035822
"It is ok. It gives you info about your delivery, however the group order is bugged. :-/",foodpanda_reviews.csv,4,neutral,positive,0.5082408933852751
Memudahkan dan Membantu banyak org saat pandemi,grab_reviews.csv,5,neutral,neutral,0.9996689203870236
Worst wrong billing,foodpanda_reviews.csv,1,negative,negative,0.9985173155994567
Why can't schedule a ride?,grab_reviews.csv,4,neutral,neutral,0.5412265188811678
Their service sucks.,foodpanda_reviews.csv,1,negative,negative,0.997523987917143
Its pretty nice and convenient to select and order foods while at home or office.,foodpanda_reviews.csv,5,positive,positive,0.9977729497614128
Not a friendly app to book a grab car.,grab_reviews.csv,3,negative,negative,0.9092331747754906
"I booked a taxi to go to justice hall to testify. The private car was 300m away. After 12mn the driver was still taking the wrong way and never listen to our instruction, we had to cancel or I would be late to court. I got overcharged by grab for canceling whole it's entirely the drivers fault. Read the messages exchange with that driver. Why don't you take it from him With grab, the client is alwzys the looser. Give us an option to ban those driver and disappointing restaurants. So we d never o",grab_reviews.csv,1,negative,negative,0.9998854343483048
"Good app,but some people are bad customer service & rude.",grab_reviews.csv,5,negative,negative,0.999919772209797
Inefficient,foodpanda_reviews.csv,1,neutral,negative,0.7201044374326265
Thu guys to get a,grab_reviews.csv,3,neutral,positive,0.41940546243084365
Very poor when it comes to options of restaurants. There are hardly any deals available to reduce the exorbitant delivery fee.,foodpanda_reviews.csv,3,negative,positive,0.606623141129285
"Bagus dalam kesopanan,ramah tamah,dan canggih banget semogah sukses",grab_reviews.csv,5,positive,neutral,0.9997648881953746
"So far, great app!",foodpanda_reviews.csv,5,positive,positive,0.9999171595729005
The best delivery you can get,foodpanda_reviews.csv,5,positive,positive,0.9999601256328733
cannot used app since yesterday,foodpanda_reviews.csv,1,neutral,negative,0.5534515922506056
"Not working in my phone. Pops ""unknown error""",foodpanda_reviews.csv,1,negative,negative,0.9999901319293973
Your map always shows the wrong direction towards my location. Grab food now only shows limited areas. Before we can see stores around Eastwood to Marcos Hi-way that covers long distance deliveries. Fix your system please.,grab_reviews.csv,1,negative,negative,0.9659497314956476
"Trải nghiệm quá tệ, hoàn toàn không thân thiện với người dùng",grab_reviews.csv,1,neutral,neutral,0.9999613231546022
It's very nice application,grab_reviews.csv,5,positive,positive,0.9999395417839303
My panda,foodpanda_reviews.csv,5,neutral,negative,0.6556999433125927
better than ober and save,grab_reviews.csv,5,positive,positive,0.9989079633142568
Chit htoo,grab_reviews.csv,1,neutral,neutral,0.4991039197581279
So sad. Wait too long,grab_reviews.csv,1,negative,negative,0.9911315623604431
I can't log in..huhuhu I follow nman but why I can't log in.,grab_reviews.csv,1,neutral,neutral,0.9834789745108399
"Trash app and bad app experience if can give a negativebor zero stars I would do it in a heartbeat , can't even log in using Gmail and whenever I use my mobile it say to log in which I can't do since I'm using Gmail can't use Facebook to since that phone number is linked to may Facebook account, pls fix",foodpanda_reviews.csv,1,negative,negative,0.9989216807925615
"Its a good app but there's always room for improvement. First of all, it would be nice if the customer have their own ""Order Received"" Button in the app. The problem is, there are riders who press their ""Order Sent"" button even though the customer is yet to recieve the said order. This makes it very difficult for us (customers) because the app closes the map/rider location and we have no idea where or when the rider will arrive. I know some riders will take advantage of this flaw.",foodpanda_reviews.csv,3,negative,negative,0.9988367065896017
COMILES Resto pki.include,foodpanda_reviews.csv,4,neutral,neutral,0.4837623053987839
"Whenever i install this app to buy food online, and put the location in it. It always says ""your country's not supported"" by this app i guess. Its kinda disappointing. 0 stars for me.",foodpanda_reviews.csv,1,negative,negative,0.972516374224046
Thanks for nothing I wish i could give 0 stars Stupid people on Optp abbotabad I guess you dont know english I hate youuuu Money wasteeeee,foodpanda_reviews.csv,1,negative,negative,0.9233017934023037
Amang gopud. Pokoknya kalo ada orderan atas nama Qurani Rizky Faradhiba Asyari /Dhiba Qurani ... Gausa di ambil. Jalur perumnya di tutup semua . Emang kao ada heli? Gausa di ambil makanya... Tak slebew kao mau?! Haah?,grab_reviews.csv,1,neutral,neutral,0.9999745123072464
cacad x gak bisa pesan grabfood pake ovo.. sebelah aku bisa gadak mslh,grab_reviews.csv,1,neutral,neutral,0.9999810699366006
setelah update malah ga bisa dibuka. gimana nih?,grab_reviews.csv,4,neutral,neutral,0.9999982203276891
Putki mara kasem vai,foodpanda_reviews.csv,5,neutral,neutral,0.9708218540316613
good luck grab,grab_reviews.csv,5,positive,positive,0.9982411289342941
Jarak xsmpai 1km dri vendor.. tpi xblh order..,foodpanda_reviews.csv,1,neutral,neutral,0.9949920723121987
"Lousy App. Make me wait for more than an hour, just to auto cancel telling me no driver to deliver my food. Will asked customer service why. Only tell me compensate 3 dollars. I dun need your 3 bucks. I need my food. This is not the first time I got cancelled after waiting an hour. There are also several times whereby food items are missing. Please grab get your business priorities correct. Your service is getting from bad to worse.",grab_reviews.csv,1,negative,negative,0.9999976967716669
Good amazing.,foodpanda_reviews.csv,4,positive,positive,0.9999246514574394
After the update i cant see the driver location before him/her take the food from the restaurant -__-,grab_reviews.csv,5,neutral,neutral,0.5947809124152438
Grab Food had improved a lot since the last time I used it. Great job!,grab_reviews.csv,5,positive,positive,0.9903714301440034
Moderchodera togo jalay kono appse duktari na.... Leurar advarase koron chodao public er goa mara,foodpanda_reviews.csv,1,neutral,neutral,0.9100306437121535
Not up date the shop name when type,foodpanda_reviews.csv,1,neutral,neutral,0.9328522749680804
Good and easy for us,grab_reviews.csv,5,positive,positive,0.9999983295300606
lagging and sometimes bad gps. drivers are not selected carefully,grab_reviews.csv,3,negative,negative,0.9939446804532941
DO NOT USE THIS APP. THEY WILL NEVER REFUND YOU. I USED GCASH FOR UNSUCCESSFUL TRANSACTION BECAUSE OF SYSTEM ERROR BUT THEY SAID: THEY CAN'T PROCESS THE REFUND.,foodpanda_reviews.csv,1,neutral,negative,0.9932272884352679
Ukkinnana paylang nagmayat atoy nga apps ..,foodpanda_reviews.csv,5,neutral,neutral,0.881211383572428
"I pin my location and the driver they able to deliver me correctly but! Sometimes the pin that I always choose, appear in the driver different place far from my real location. And thay blame me for the wrong pin point! The worst is I'm not local people there. To describe where am I, which street makes me so stressed.",grab_reviews.csv,1,negative,negative,0.9994796297418689
Amazing work,foodpanda_reviews.csv,5,positive,positive,0.9982434869543348
TOUSEEF SULAIMAN,foodpanda_reviews.csv,5,neutral,neutral,0.6537714783513303
i order food but they cancel but i did not received my payment back!! already 1 week where is my money?!!!,foodpanda_reviews.csv,1,neutral,negative,0.7855493078936088
Good app 👍👌👍,foodpanda_reviews.csv,5,positive,positive,0.9999996655902654
"Tolong diedukasi lagi masalah top up OVO/GrabPay via driver. saya baru saja selesai top up tapi malah di omeli karena mengakibatkan dompet tunai driver berkurang. saya bisa saja isi ulang lewat atm, tetapi di kondisi terdesak saya harus top up lewat driver. Tidak jarang juga ketika saya ingin top up banyak driver2 yg menolak dengan alasan tidak tahu caranya, tidak ingin dompet tunai berkurang, dll. Mohon solusinya semoga masalah ini bisa teratasi.",grab_reviews.csv,4,positive,neutral,0.9999999995607993
"Sangat membantu sekali. Terimakasih untuk Grab, semoga makin sukses makin banyak promo diskonan juga wkwk",grab_reviews.csv,5,neutral,neutral,0.9999994044196466
"I use Grab mainly for Grabfood but looks like I'm going to stop use it. I already subscribed to the food plan, but whenever I order something either the restaurant didn't confirm or there was no driver who's going to take the order. I don't know whether it is the app error or whatever but it is too disappointing.",grab_reviews.csv,1,negative,negative,0.9999466819212771
When i open its auto closed. Dont know why.. Other apps are working great.,grab_reviews.csv,1,positive,positive,0.5225245121555989
"Best APP with out any problems, best service should be awarded",foodpanda_reviews.csv,5,positive,positive,0.9995269407932342
Had trouble with photo verification,grab_reviews.csv,2,negative,negative,0.9497893906021186
Map unreliable.,foodpanda_reviews.csv,1,neutral,neutral,0.6446216700149139
why I dont get voucher option?,foodpanda_reviews.csv,3,neutral,negative,0.793007593235117
Very good and would use grab service more frequently,grab_reviews.csv,5,positive,positive,0.9954375940717916
Delivery service good.,foodpanda_reviews.csv,5,positive,positive,0.9896797032399631
I can' log in,grab_reviews.csv,1,neutral,neutral,0.6594891940602247
"Can you improve your customer support? I already called grab for cancelling my order. My restaurant choice is closed. The drived yelled at me, mad at me, wth is that? I already called and nothing happens when i choose numer 1 2 and 3 and i still get an angry from the driver? I have already used this app for more than 2 years and i must to get this experience? Im disspointed. Can you improve that?",grab_reviews.csv,3,negative,negative,0.9975675708252625
I can't order food cause the code doesn't work,foodpanda_reviews.csv,1,negative,negative,0.9961897172940555
What's up with GrabCar lately? Why it is getting expensive and twice the original amount? I used to go to class only for RM11-15 but today I need to lay RM30.20???,grab_reviews.csv,1,neutral,negative,0.9466015851231268
I have no issue with this app but their customer care representative are worst they are not bothered to deal with their customer in a good way after so many complains they still ignore me therefore I m not going to download this app again and I will recommend others to order directly they even charge extra delivery charges when there are no charges so you can look for restaurants through this app but order directly from that place if you really want,foodpanda_reviews.csv,1,neutral,negative,0.9985731552511828
Easy to use...Good job guys,foodpanda_reviews.csv,4,positive,positive,0.9999982468320658
Take love,foodpanda_reviews.csv,5,positive,positive,0.9866658159391021
"Nice app , bht kuch h is me bs dhundny me bht time lgta h",foodpanda_reviews.csv,4,positive,positive,0.5497076448070064
Happy eating,foodpanda_reviews.csv,5,positive,positive,0.9911174124573203
"terrible app, no cars, no drivers, and terrible customer service",grab_reviews.csv,1,negative,negative,0.9999968503787504
Dis apps sucks as time goes by.. Overacting in suspending my account!!!!!! Its been a week now and my moneybwas left der because i cant access my online!!!!!,grab_reviews.csv,1,negative,negative,0.9921210200959869
Uddin Mohammadnasir,grab_reviews.csv,5,neutral,neutral,0.7436009779732734
The fastest food delivery in town.,foodpanda_reviews.csv,4,neutral,positive,0.7309994688241294
You dont know what youll get.,grab_reviews.csv,3,neutral,negative,0.7565593718007241
"Number 1 Stupid apps, important time Upgrade, Verified, Selfie, add Credit card. More problems... Faul apps.. Oh, credit card takda ""tabole pakai ini apps..? 😂 😂 stupid",grab_reviews.csv,1,positive,positive,0.9899963819997009
very helpfully support my work,grab_reviews.csv,5,positive,positive,0.9661764226252176
Many thanks for this facility...,grab_reviews.csv,5,positive,positive,0.9985784719558621
Fatastic,grab_reviews.csv,5,neutral,neutral,0.4177237826575068
Food on the go!,foodpanda_reviews.csv,5,neutral,positive,0.6228161495329072
Ditertibin lagi tuh driver2nya hampir semua engga beres !!,grab_reviews.csv,1,neutral,neutral,0.9996132856716486
"Terrible.order lain, dapat lain. Dah email pon xreply. Not recommended",grab_reviews.csv,1,negative,negative,0.9756935529099184
I am a pandapro subscriber for a year and everytime i order the voucher they offer is not applicable to my account. Happened to me almost all of the voucher codes they offer. Also it is very difficult to talk to an agent.,foodpanda_reviews.csv,1,negative,negative,0.9927518422341438
"It is too hard to book a Grab car. Drivers keep on canceling. Pls fix this. I hope you won't allow drivers to cancel or at least don't send accepted bookings if it isn't final. For example, yung binobook ko now is for an elderly di makalakad balik balik siya dun sa stop kasi cancel nang cancel yung mga riders. Napaka hassle. Please solve this issue.",grab_reviews.csv,1,negative,negative,0.9768089603438254
Awesome for beat the hunger,foodpanda_reviews.csv,5,positive,positive,0.9970245037829757
"So far, So Good 🙂",foodpanda_reviews.csv,5,positive,positive,0.9999996746963081
"Kesel si gbisa kebuka masa app nya cma bacaan grab doang ,TOLONG BGT DIJAWAB YA",grab_reviews.csv,5,neutral,neutral,0.9999884753730316
Save friendly and fast,grab_reviews.csv,5,positive,positive,0.9999830608947445
Super love kona si food panda for more freebies,foodpanda_reviews.csv,5,positive,positive,0.9868774523097275
I dont know hm,foodpanda_reviews.csv,5,neutral,negative,0.6012558897421078
"Unlimited delays, due to driver hold more than one order. Order may take up to 50min just for delivery. Unlimited cause bad user experience, & make the customer struggle without any solution from CS",foodpanda_reviews.csv,1,negative,negative,0.9921840804191219
More free deliveries and less delivery time.,foodpanda_reviews.csv,5,positive,positive,0.9871216882310907
"The service is very reliable, what Im not satisfied sometimes is the restaurants offer.. But FOODPANDA is impressive when it comes to customers service...",foodpanda_reviews.csv,5,positive,negative,0.6874751503067704
Simple yet consumer friendly,foodpanda_reviews.csv,4,positive,positive,0.9955416404271844
mabilis dumating ang mga rider at hindi mahirap ka usap agad agad nan dyan na,grab_reviews.csv,5,neutral,neutral,0.989430804399276
Worst app.They don't take even any action if any problem .I left cos they did not solve my Cash on delivery issue,foodpanda_reviews.csv,1,negative,negative,0.9998482529369217
Thank you for this wonderful app,foodpanda_reviews.csv,5,positive,positive,0.9999720460472958
House kari india,foodpanda_reviews.csv,5,neutral,neutral,0.5084820074293714
maayos naman the best lahat,foodpanda_reviews.csv,5,positive,positive,0.9705596881704844
Potato corner only have 1 flavor and CUSTOMER SERVICES is bad 1 week my case still active no update or reply i recieve,foodpanda_reviews.csv,1,negative,negative,0.9943372812986054
Can't download app ANGKAS,grab_reviews.csv,1,neutral,neutral,0.9621403266498868
always happy with the services,grab_reviews.csv,5,positive,positive,0.9998910055783499
"Ko saya buka app grab pengguna slalu minta update padahal sudah saya update, selalu seperti itu trus, mohon info nya...",grab_reviews.csv,3,neutral,neutral,0.9999992617955964
Used to have better deals. Still serve its purpose of providing options for food delivery when there is not enough time to cook at home.,foodpanda_reviews.csv,4,positive,positive,0.9768192868561408
Sampah. Login dengan akun lama harus dengan pada waktu awal Login dengan sosmed.,grab_reviews.csv,1,neutral,neutral,0.9999489153240094
Solusi utk permasalahan saya tdk jelas,grab_reviews.csv,1,neutral,neutral,0.9996757681205676
"Aik number ka ghatiya aur bakwas app hai aik star ke bhi kabil nahi baas feedback dene ke liye star dena para, Itna time wait karwa kar order cancel ho jata hai, Aik time dene ke baad time mazeed barha dete hain, This is my personal opinion and experience, 😡.",foodpanda_reviews.csv,1,negative,neutral,0.939422967858319
"It's convenient, there's added vegan shops. I love it! 😃",foodpanda_reviews.csv,5,positive,positive,0.9999709192295922
🇧🇼🇨🇩7dl 🇨🇰🇨🇰🇨🇰 V fhg? 🗓📪 ⚾⚽🎣🏂🍟 jha😫😫😶😶😶😶🌁⛺⛺⬇🚯🖨📱🏫🕌🕍hrf stc. ICC cbn l,foodpanda_reviews.csv,5,negative,negative,0.9925913563472946
Nice app very useful for traveler,grab_reviews.csv,5,positive,positive,0.9999992864267983
"For Delivery, please add a Share button where the recipient will also be able to track the rider on the Grab app. Thank you. This was added. Thank you, Grab.",grab_reviews.csv,5,positive,positive,0.9516784131283326
"Di pembaruan selanjutnya sertakan fitur verifikasi with fingerprint, untuk mempermudah seperti dompet virtual lainnya 👍🏻",grab_reviews.csv,5,positive,neutral,0.9949882608137648
Untuk harga di grabfood tolong diupdate ya karena saya sering sekali memesan makanan dan harga nya selalu berbeda dari yang dicantumkan. Terimakasih,grab_reviews.csv,4,neutral,neutral,0.9999999888686091
Good service salamat sa apps na to,grab_reviews.csv,5,positive,neutral,0.5234120324627298
Graciass,grab_reviews.csv,4,neutral,neutral,0.3570915460156458
Hope it will be good for me. :-),foodpanda_reviews.csv,5,positive,positive,0.9989134153080043
Mẹ mày gửi Quảng cáo hoài z dm sợ ế ak,grab_reviews.csv,1,neutral,neutral,0.9984767351895859
Overrated,grab_reviews.csv,2,neutral,neutral,0.8390747595807159
WHAT A STUPID APP,grab_reviews.csv,1,negative,negative,0.999914479040759
Great and quick app,foodpanda_reviews.csv,5,positive,positive,0.9999743870914498
Thumbs up to this app. Very user friendly.,grab_reviews.csv,5,positive,positive,0.999967615705247
Expensive and always couldn't connect after update. Sucks.,grab_reviews.csv,1,negative,negative,0.9340590695629994
can't found location,grab_reviews.csv,1,neutral,neutral,0.533744691156639
I need to contact the driver for his tip...,grab_reviews.csv,5,neutral,negative,0.6313343543100378
suka makanan download lah apps grab 😜,grab_reviews.csv,5,neutral,neutral,0.879761113595201
Where is my point going?,grab_reviews.csv,5,neutral,negative,0.7428039096476823
the delivery app ever,grab_reviews.csv,5,neutral,negative,0.48887186416837847
Not good. Charged my debit card twice and they didnt refund me the amount. They want me to do all the hassle coordinating with the bank while theu easily double charge me on my booking.,grab_reviews.csv,1,negative,negative,0.9958422964629904
"Service Bangang, Pasal sistem Bodoh korang, rider jadi mangsa. Officially Uninstall this Stupid service",foodpanda_reviews.csv,1,negative,negative,0.9306888458663684
This App could beat the grab food. It's amazing I wish more people order here.,foodpanda_reviews.csv,5,positive,positive,0.999481684210512
Aplikasi bangsat login aja susah,grab_reviews.csv,1,neutral,neutral,0.9993098044351225
Cannot rate the restaurant. so i rate it here....,grab_reviews.csv,1,neutral,negative,0.6369965255930656
"Selalu berikan layanan yang baik karna mulai saat ini para pengemudi grab baik/car pada males ngambil orderan ketika dapat orderan jarak jauh dan sering menilai dari harga argo mangkanya para pengemudi malas,tingkatkan layanan untk costumer",grab_reviews.csv,5,neutral,neutral,0.9999999967335214
"I love the fact that food panda are available in my area but..... I hate the fact that it need to be updated all the time plus, I was facing the problem once where I ordered something and it just canceled without refunding my money.",foodpanda_reviews.csv,2,negative,negative,0.9962128588195978
Some grab drivers are rude,grab_reviews.csv,4,negative,negative,0.9944174913706124
"Good app, I love it",foodpanda_reviews.csv,5,positive,positive,0.9999993604983699
Fazol itni fazol cheezen dite hain Allah maf,foodpanda_reviews.csv,1,neutral,neutral,0.9845108452163771
kurang promo,grab_reviews.csv,1,neutral,neutral,0.9669162122583218
Horrible customer service,foodpanda_reviews.csv,1,negative,negative,0.9999409399442398
"Add local Items and also Add ""Khareed Lao"" option what ever we Want.",foodpanda_reviews.csv,4,neutral,negative,0.46092402914581976
An excellent way to get around the city with some useful visitor tips.,grab_reviews.csv,5,positive,positive,0.9989036529391969
This app is not installing...,foodpanda_reviews.csv,1,neutral,neutral,0.8716856944221507
Absolutely useless.,grab_reviews.csv,1,negative,negative,0.971320981404828
"Nice application, banyakin promo lagi ya. Persentase nya tolong di naikkan. Cengkiu",grab_reviews.csv,5,positive,neutral,0.9956398860594061
Plz delete fare high due demand this is not good and very costly than other taxi online,grab_reviews.csv,3,negative,negative,0.9279845894482599
"Terrible experience with the app. No restaurants are open at all aside from Boozy. And I live in Las Piñas, Metro Manila. Please fix the app!",foodpanda_reviews.csv,1,negative,negative,0.9874847340595027
Very bad experience over all.,foodpanda_reviews.csv,1,negative,negative,0.9947362675751125
Your apps sucks doesnt show correct info,foodpanda_reviews.csv,1,negative,negative,0.9483684979304663
I like it a lot but sometimes I can't give any stars to restaurants-,foodpanda_reviews.csv,5,neutral,neutral,0.468398420757024
"best ride, accessible anytime,anywhere in Manila.",grab_reviews.csv,5,positive,positive,0.9996199584811974
No contact number just the email. The system is not so smooth and the live chat is not functioning sometime when I have urgent questions to ask. Customer service is terrible.,foodpanda_reviews.csv,1,negative,negative,0.9998883366383533
I got a call from the driver said that i booked him but i don't. I even receive e-receipt even not me that used the service. I hope they can secure user information more.,grab_reviews.csv,1,positive,negative,0.7591897862849167
Charged ridiculous high delivery fees for food and grab car fees has been horrible. Customer service is unhelpful.,grab_reviews.csv,1,negative,negative,0.9995626765350132
can you help me? i already topup in grabpay but i cant use it... i dont know the problems... ive already updates.,grab_reviews.csv,5,neutral,negative,0.5191851633705665
"Nice promos, good for shopping too. App still has some glitches and quirks, but overall a positive experience.",foodpanda_reviews.csv,4,positive,positive,0.9835576175766212
Good and reliable online service,grab_reviews.csv,5,positive,positive,0.981565980940109
Costumer service is useless. And riders always delay the delivery,foodpanda_reviews.csv,1,negative,negative,0.9998554718534015
"Exclusive, great and exciting",foodpanda_reviews.csv,5,positive,positive,0.9997562955893096
"sudah bagus, tinggal harganya saja diturunkan, agar bisa bersaing dengan angkot baru sempurna 👍",grab_reviews.csv,4,positive,neutral,0.9991503595148222
Suddenly an aweful experience online payments not working,foodpanda_reviews.csv,1,negative,negative,0.9851566662254159
I would prefer to order from here even if i am in the shop itself,foodpanda_reviews.csv,5,neutral,negative,0.8884739498266723
Love it. App is userfriendly n easy to order all,foodpanda_reviews.csv,5,positive,positive,0.9999703227900025
So bad no vocher work 3rd class service,foodpanda_reviews.csv,1,negative,negative,0.979314044409951
The app is realy good,foodpanda_reviews.csv,5,positive,positive,0.9437824935680902
This app helped me a lot,grab_reviews.csv,5,neutral,positive,0.9562666140773184
"Grabpay ga bisa dipake. Telpon cs bilangnya otomatis terpakai jika ada saldo. Nyatanya ditagih driver dan saldo tidak berkurang. Untung bawa cash. Sudah 3 hari tidak ada jawaban jelas dari email supportnya. Nelpon udah males, soalnya terbukti salah. Nyesel topup grab.",grab_reviews.csv,1,neutral,neutral,0.9999999905609513
Great service and thank you.,grab_reviews.csv,5,positive,positive,0.9999856534819543
Working man,foodpanda_reviews.csv,5,neutral,neutral,0.36966523167731924
Bookings are auto-accepted but the drivers will ask you to cancel insisting they can't deliver from cebu city to talisay city. Such a waste of time.,grab_reviews.csv,1,negative,negative,0.9994364375030121
I can order everything just by sitting,foodpanda_reviews.csv,5,neutral,positive,0.806177908302621
I have ordered food from karachi red rock johar town but they refused to deliver order and I contact with chat room against this issue and Mrs.areesha khan chat with me but she has not proper respond to deliver order and left the chat without any response or reason it's really bad experience to order from food panda,foodpanda_reviews.csv,1,negative,negative,0.9992782300547897
I installed thrice but it won't proceed,foodpanda_reviews.csv,1,neutral,negative,0.5201012264770867
this food service is really too bad and customer services also very poor. it is not convenient for ordering. too bad 👎👎👎👎,foodpanda_reviews.csv,1,negative,negative,0.9999797403794687
Good if you need food fast,foodpanda_reviews.csv,5,positive,positive,0.99883717664211
banyak promonya nih pake grab,grab_reviews.csv,5,neutral,neutral,0.9996551634238448
Getting worse. always cannot connect to server.,grab_reviews.csv,1,negative,negative,0.9711985442598697
"Wrong restaurant listings, wrong amount totaling, misleading offers and pathetic service. This is the last time I used this in my life!",foodpanda_reviews.csv,1,negative,negative,0.9998000157213094
Bad system. Waiting for an hour for food from restaurant that not even 1km from my place. Very stupid apps. Out of blue cancelling my order. Pfftt.,foodpanda_reviews.csv,1,negative,negative,0.999988642694865
Can't login to my accoun,grab_reviews.csv,1,neutral,neutral,0.5727431819407253
Hút máu đối tác,grab_reviews.csv,1,neutral,neutral,0.6669843875957746
It's not working in my phone,grab_reviews.csv,1,negative,negative,0.9999662264780935
"GrabFood is sucks. They couldn't even find delivery guy so they just cancelled my order (after been waiting for 30 minutes). Sometimes they couldn't even delivered because of the distance (which is nonsense because it's not even more then 3km). Try Grab Ride also worst. I have to wait like more then an hour to get a driver every single time. Much worst, the price are ridiculously expensive (not at peak hour).",grab_reviews.csv,1,negative,negative,0.9999966762767185
"Easy to use and better than Uber... Got problem, can call them. More personalise and relational.",grab_reviews.csv,5,positive,positive,0.9999126039295656
This app is salim.,foodpanda_reviews.csv,1,neutral,positive,0.429744716284892
Thorbaekkkk,foodpanda_reviews.csv,5,neutral,neutral,0.8814966238129474
"i can't update it, what's wrong, i've been trying forever but still it doesn't work out, imma give you 2 stars, i'm sorry, but you gotta fix this ASAP",grab_reviews.csv,2,neutral,negative,0.9944904910039821
GPS for ETA is brutal.,grab_reviews.csv,3,negative,neutral,0.6093514334154608
"Your apps stated Rm4, drive r asked for Rm6 with the reason that the app was wrong",grab_reviews.csv,1,negative,negative,0.9915734517179694
Worst app ever used,foodpanda_reviews.csv,1,negative,negative,0.999435409316015
"Cepet, mudah, murah, mantap",grab_reviews.csv,5,positive,positive,0.6300038527845665
"This app is terrible, I ordered from merchant and my payment was on hold, however the system itself cancelled the order because there were no rider nearby,however the payment was already charged to my account and the giftcode used isn't available anymore, this platform is worst. Can't even contact customer server because they only available at 9am to 6pm which is worst because anytime could go something wrong.",grab_reviews.csv,1,negative,negative,0.9999852978331675
Ok. Easy to use,grab_reviews.csv,4,positive,positive,0.9999644813923915
Don't show any resturants on search engine.,foodpanda_reviews.csv,1,neutral,negative,0.8428156373641068
Banyak promo. Gampang dipakai.,grab_reviews.csv,5,neutral,neutral,0.9988790691051126
Poor. My account was suspended for no reason at all!,grab_reviews.csv,1,negative,negative,0.9938784846506632
Worst customer service. Not received order for 1 hour and we had to personally go and pick up the order,foodpanda_reviews.csv,1,negative,negative,0.9993438140971789
"Food panda is better and will show u the restaurants that are available and will show u as well the one that is not available,not like the other food app which is Lala will let u click the restaurants and food but after it it will shows up ordered expired or anything error and can't even use the vouchers,,Food Panda is Amazing and the Best",foodpanda_reviews.csv,5,positive,positive,0.9311871218629758
This is amazing app💏,foodpanda_reviews.csv,5,positive,positive,0.999995434466902
Bakwase sar wase in Pakistan,foodpanda_reviews.csv,1,neutral,neutral,0.38938556369949057
More promos and keep us safe all the time.,grab_reviews.csv,5,positive,positive,0.9969319065570434
bad application .. i cannot even place my order .. wasted my time only ..,foodpanda_reviews.csv,1,negative,negative,0.9994616901479345
Not working in Muzaffargarh Punjab,foodpanda_reviews.csv,1,negative,negative,0.99915177433292
Lebih ditingkatkan lagi,grab_reviews.csv,5,neutral,neutral,0.9993547763725258
lalalalalala,foodpanda_reviews.csv,5,neutral,neutral,0.6461469002076312
Tutorial pesan dua kali dong mna,grab_reviews.csv,4,neutral,neutral,0.9919129826117552
useless useless waste Application. After giving the order it takes a lot of time to clear it.While waiting our guests go back to their homes.,foodpanda_reviews.csv,1,negative,negative,0.9937572141603024
palagi nyo cinacancel order ko!!!! 😠😠😠😠😠,grab_reviews.csv,1,negative,negative,0.9998916645027979
There's always free delivery unlike foodpanda😅,grab_reviews.csv,5,positive,positive,0.9999208983785844
My number was blocked for a very long time but then they solved my issues Much appreciated!,foodpanda_reviews.csv,5,positive,negative,0.5552905526339343
I can't use my voucher very bad experience,foodpanda_reviews.csv,2,negative,negative,0.9939888450649348
Good app..excellent,grab_reviews.csv,5,positive,positive,0.9999981419822243
"It is going worst day by day! My question is that if there are maximum numbers of bad reviews on a particular restaurant, why you can't simply removr them from food panda!",foodpanda_reviews.csv,1,negative,negative,0.9982739596884863
MATAAS ANG PAMASAHE,grab_reviews.csv,2,neutral,neutral,0.9316745198481605
So far so good. I can even use FoodPanda to send food/drinks/items to my family members in different districts.,foodpanda_reviews.csv,5,positive,positive,0.9046923377459302
BS I never installed.,grab_reviews.csv,1,neutral,neutral,0.6378071809836565
The delivery fee is terrible 🤮🤮. The fact that the company takes more money from the stores is awful. This app is not friendly for small business owners 🤮🤮 they take more money from them. Then the delivery fee is more pricey 👎🏻👎🏻🤢. They worship money🤮👎🏻,foodpanda_reviews.csv,1,negative,negative,0.9999992391921974
"I had to wait for 1 hour and 48 minutes after the rider picked up my order because of your stupid process called ""double run"". Why do they have to wait for the order of others before delivering my order?",foodpanda_reviews.csv,1,negative,negative,0.9999051640809714
grabfood awesome!,grab_reviews.csv,5,positive,positive,0.9925917857984958
"Wajib instal ini! Kapan aja butuh taxi, gampang bgt kl pake grab",grab_reviews.csv,5,neutral,neutral,0.9999522395176165
D ako maka pag update sa grab,grab_reviews.csv,5,neutral,neutral,0.9738751351553794
Error di android marshmallow 😭😭,grab_reviews.csv,1,negative,negative,0.9997936302727135
Nice application to order food groceries but there is no chicken in the meat area but it is rated to be 5,foodpanda_reviews.csv,5,neutral,positive,0.6584274015654256
Hari ini dua kali saya menggunakan grab dan dua kali salah rute. Titik yang ditunjukkan aplikasi tidak tepat. Rugi waktu yang sangat berharga. Perbaiki,grab_reviews.csv,1,neutral,neutral,0.9999999052477664
"Harga ongkir naik , terimakasih",grab_reviews.csv,1,neutral,neutral,0.9997613128608158
Very good helpful app,foodpanda_reviews.csv,5,positive,positive,0.9999982828859649
so bad👎👎👎👎👎👎👎👎👎👎,foodpanda_reviews.csv,1,negative,negative,0.9999928707331492
"Worst food and high price, don't odrer foods and don't dowload this app.",foodpanda_reviews.csv,1,negative,negative,0.9889561332317193
Adorable Experienced Thanking &Regards,foodpanda_reviews.csv,4,positive,positive,0.6159034377110377
Grab is the perfect ride for us,grab_reviews.csv,5,positive,positive,0.9967732380626303
Pinamahal na nang husto ang pamasahe tapos bagal pa nang apps,grab_reviews.csv,1,neutral,neutral,0.9913353069438321
Very disappointing today's in optp order,foodpanda_reviews.csv,1,negative,negative,0.9970866652066936
"horrible and inefficient matchmaking, have been trying to find a driver for 1 whole hour??? Come on you should be better than this I am very disappointed",grab_reviews.csv,1,negative,negative,0.999091765017646
"It really ""Works""! Great job!",grab_reviews.csv,4,positive,positive,0.9999012146094115
Very good and makes it easy to order food from home.,foodpanda_reviews.csv,5,positive,positive,0.999995596406738
Poor delivery Pora order plastic ma gar Gaye ta...,foodpanda_reviews.csv,3,negative,negative,0.9833690361566366
App is so laggy! So selfish sa vouchers unlike foodpanda,grab_reviews.csv,1,negative,negative,0.5644658644179584
Always reliable and affordable.,grab_reviews.csv,5,neutral,positive,0.9503895755930414
"Worst delivery app ever, I can't verified using my phone number, so I contacted the support team 8 times, still they cant solve my problem! Such a joke. Ask me to restart my phone reinstall the apps.. I done all still unable to verified. Worst app !!!",foodpanda_reviews.csv,1,negative,negative,0.9999859602664202
khabar e kono test nai... picture e dekhte valo but order er por baje khabar dey 🤢,foodpanda_reviews.csv,1,negative,negative,0.878002184256554
Awfull app. Worst service,foodpanda_reviews.csv,1,negative,negative,0.9998205343192469
Amazing update thank you! foodpanda,foodpanda_reviews.csv,5,positive,positive,0.9998192858166585
Very quick and easy to order..,foodpanda_reviews.csv,1,positive,positive,0.9999991408275828
Cheap and also helpful for transportation,grab_reviews.csv,5,positive,positive,0.9998505868688192
"Duit dalam bank dah dipotong, order tak masok!",foodpanda_reviews.csv,1,neutral,neutral,0.9819772682102136
Senang app,foodpanda_reviews.csv,5,neutral,neutral,0.6928478122789609
"foodpanda is very generous when it comes to its food vouchers and deals. in addition, the delivery guys are kind and on time.",foodpanda_reviews.csv,5,positive,positive,0.9943948847700834
yaaokelah,grab_reviews.csv,5,neutral,neutral,0.8864477355308823
"Gwa gak tau kalo di region lain, tapi GrabID BRENGSEK!!! GrabCar no problem.. Motor jg normal.. GrabFood? 😠😠😠😠😠👎👎👎👎👎🖕🖕🖕🖕🖕 Driver PEMALAS, Cancel banyak alasan dan minta customer yg cancel <== ujungnya Gwa yg disuspend..padahal jelas ulah Driver, plus ditambah sistem suspend td yg gak jelas..lengkap sudah BOBROK!!! (bukti capture lengkap di Gwa) #UninstallGrab 🖕😠👎",grab_reviews.csv,1,negative,neutral,0.8941093660767734
The time dispalyed in the app si not showing the real time you have to wait for your food. Very disappointed. Not recommend at all.,foodpanda_reviews.csv,1,negative,negative,0.9996310432875046
"Don't download this app, you can try Uber Eats!!! It is better.",foodpanda_reviews.csv,1,positive,negative,0.8714242450967232
Pangit Ang update. Anyare???? Uninstalled done,grab_reviews.csv,1,neutral,neutral,0.8859066665865777
Pathetic app. Gets constantly stuck and loads continuously,foodpanda_reviews.csv,2,negative,negative,0.9975141014926729
Very good apps for food delivery at a quick time,foodpanda_reviews.csv,4,positive,positive,0.999947009826723
Terrible service from food panda. Placed an order which got delayed 3 times (that is 1.5 hour). Even the customer service agents were of no help. Later after 1.5 hour the agent said that the order would be complimentary as they had delayed and 30 min later (making it 2 hours) they cancel the order themselves. Terrible service will never be ordering again,foodpanda_reviews.csv,1,negative,negative,0.9999993555034709
The delivery is very affordable price..i love ittt❤❤❤❤😍😍😍,foodpanda_reviews.csv,5,positive,positive,0.9999998092578477
the offers is not friendly to small orders,grab_reviews.csv,3,negative,negative,0.9890661223760827
Fast delivery near resto availability is awesome,foodpanda_reviews.csv,5,positive,positive,0.9995575977929416
Its utter rubbish!! Most useless waste of space I've ever encountered on my mobile!!! Don't bother with it. Not user friendly. No easy access to hotline. No helpline. Everything is closed in the middle of he day. 20 mins of my life I'll never get back wasted on a stupid app and I'm still hungry!!!😠,foodpanda_reviews.csv,1,negative,negative,0.9999945703611285
Been great woth d app,grab_reviews.csv,5,positive,positive,0.9938254121347095
"Stupid Service that let's you pay Max surge because of MONOPOLY here in Manila. Also if you choose the cheaper amount in Grab Share, 1 hour into looking for a ride, still none. You guys might as well remove that option.",grab_reviews.csv,1,negative,negative,0.9760071160223286
"Worst app, useless delivery riders",foodpanda_reviews.csv,1,negative,negative,0.9996929888379916
Namwah shud b added,foodpanda_reviews.csv,5,neutral,neutral,0.6563876001365387
Im so happy with this application,grab_reviews.csv,5,positive,positive,0.9998411693882601
I have been asked to input a verification code before placing order. Even i input it right the app says wrong.,foodpanda_reviews.csv,1,negative,negative,0.955242804420496
Fake app is very bad app,foodpanda_reviews.csv,1,negative,negative,0.9999477481346125
Helpful and great service,grab_reviews.csv,5,positive,positive,0.9999991642927252
I've order the food from myeongdong topokki from oneutama and my location clearly show I'm at Kepong but the driver went to Petaling Jaya uptown and said my location wrong selected and it's not just about refund how are you gonna pay back my lunch time!!! I'm still have to work with my hungry feel,grab_reviews.csv,2,negative,negative,0.9771678447125254
This stupid app is canceling all my orders,foodpanda_reviews.csv,1,negative,negative,0.9998422530829197
Food deluvery,foodpanda_reviews.csv,5,neutral,positive,0.4668189158582677
This apps is easy to use. No problem so far. I hope that Grab come out with other better feutured. Keep it up..!!,grab_reviews.csv,5,positive,positive,0.9999942015017921
"I received bad cake from grab food. When I try to complain, the app crashes when I try to upload the photos. Can't submit the complain without the photos. So basically no way to complain or get my money back",grab_reviews.csv,1,negative,negative,0.9973591186892186
"Nice app, services overall everything good.",foodpanda_reviews.csv,5,positive,positive,0.9992928487311551
Best app for food lover like me,foodpanda_reviews.csv,5,positive,positive,0.9999977496444669
ফালতু Company. কোন কারন ছাড়াই ভেন্ডর এর সাথে চুক্তি ভংগ করে। ব্রাহ্মণবাড়িয়াই আমি সর্ব প্রথম চাইনিজ ফাষ্টফুড রেষ্টুরেন্ট ভেন্ডর হিসেবে আমার রেষ্টুরেন্ট চালু করি। অন্য রেষ্টুরেন্ট গুলু ফুডপান্ডা কে পাত্তাই দেই নাই। কিন্তু পরে কিছু রেষ্টুরেন্ট চালু হওয়ায় আমার রেষ্টুরেন্ট বাদ দিয়ে দেই তারা। ফালতু একদম ফালতু।,foodpanda_reviews.csv,1,neutral,negative,0.6884156715286813
Ghatia zalil app hy ye 😡😡,foodpanda_reviews.csv,1,negative,negative,0.9567057833671849
Pelayanan Grabfood khususnya Kota Manado Sangat-Sangat Mengecewakan. Dengan Pembatasan Area. Hampir semua Restoran/Rumah Makan di batasi area. Padahal masih dalam kota Manado.,grab_reviews.csv,1,neutral,neutral,0.9999997094709694
terabaik,grab_reviews.csv,5,neutral,neutral,0.7230419558045533
the app itself is good but the help center sucks. no help at all. they can't even resolve my complaints.,foodpanda_reviews.csv,1,negative,negative,0.9996898156193152
udah pake high accuracy tapi gak bisa login pfttsssss,grab_reviews.csv,1,neutral,neutral,0.9971960981900464
got my delivery on time ✔,foodpanda_reviews.csv,5,neutral,positive,0.8487454723835566
❤️ good for food,foodpanda_reviews.csv,5,positive,positive,0.9999536329239251
It's hard to view the realtime road that the grab food's driver take in the new updated version. I can not find where they are. Very bad.,grab_reviews.csv,2,negative,negative,0.9961972839187044
Best wishes and thanks for the first time,foodpanda_reviews.csv,5,positive,positive,0.9999719765921242
LEMOT....!!!!?,grab_reviews.csv,1,neutral,neutral,0.9824293244958694
It such a great apps,foodpanda_reviews.csv,4,positive,positive,0.9985628260998216
Aku fans beratmu grabcar. Pelayanannya selalu super ramah. Sukak 😘😘 maju terus grab,grab_reviews.csv,5,positive,positive,0.9938051061622082
Majority of the driver were polite and friendly.,grab_reviews.csv,5,positive,positive,0.9905842713347132
I like the food and it is very fast,foodpanda_reviews.csv,5,positive,positive,0.9979830282244727
Nice app its work,grab_reviews.csv,5,positive,positive,0.9949118080119829
After update why cannot make payment by cash,grab_reviews.csv,1,neutral,neutral,0.8487974314105665
Terrible employer towards their employee.,grab_reviews.csv,1,negative,negative,0.9996270906178497
Good for consumers,grab_reviews.csv,5,positive,positive,0.940383913568948
It's a really great app but sometimes it doesn't show any restaurants in my location but when it works it's really satisfying,foodpanda_reviews.csv,4,positive,positive,0.8957420939346543
Banyak promo mantapppp,grab_reviews.csv,5,positive,positive,0.9387388052759124
Price is too much. Better use Pathao.,foodpanda_reviews.csv,1,positive,positive,0.7435121600019673
Keep on jumping location 👎👎,grab_reviews.csv,1,negative,negative,0.9921367731499273
"Good app, but food menus are not translated to English from thai. So cannot use grab food.",grab_reviews.csv,3,neutral,negative,0.36476761013186515
App keeps asking me to subscribe.,grab_reviews.csv,1,neutral,negative,0.7557835949080093
so stupid that i had to make verification in order to transfer my money on the same bank that i topup with. menyusahkan lorh,grab_reviews.csv,1,negative,negative,0.8707571435376866
Good ho gya,foodpanda_reviews.csv,5,positive,positive,0.5779866349048385
Fast response good service..,grab_reviews.csv,5,positive,positive,0.9996328327549889
"Cannot auto set the right location！ I use grab to set my location at mourt erskine grove ,but apps lead the drivers go to taman kristal！actually is taman teguh ！！！！",grab_reviews.csv,3,neutral,neutral,0.6800660350052339
Really we are happy. Because Grab alwyas give good service,grab_reviews.csv,5,positive,positive,0.997911301389245
Anyone facing similar issue of not being able to login to app? Started last week can't seem to log into app itself. Tried uninstalling and reinstalling yet same issue...,foodpanda_reviews.csv,1,neutral,negative,0.9471422260740361
The worst service ever. Irresponsible service,foodpanda_reviews.csv,1,negative,negative,0.9999411268983537
Poor service and mindset,foodpanda_reviews.csv,1,negative,negative,0.9986243911200621
KFC say order magwaya wo bhi NAHi aya,foodpanda_reviews.csv,1,neutral,neutral,0.7288374760031554
Bad apps...hate it,grab_reviews.csv,1,negative,negative,0.9999602153800334
Excillent experience,foodpanda_reviews.csv,5,neutral,positive,0.8497683632325801
"This a terrible app they dont notify you if your order has been picked up and the estimated time delivery keeps changing from 5 mins to 40mins again, youll have to wait for 1 hour to received your order.",foodpanda_reviews.csv,1,negative,negative,0.9999604374065142
No one makes delivery in my area. Gotta love living in the middle of nowhere I guess,foodpanda_reviews.csv,1,positive,negative,0.8038463334852386
ইউটিউবে যাইতে পারি না তোদের জ্বালায় 😡,foodpanda_reviews.csv,1,negative,negative,0.9996327877215654
Not yet experience any bad issue with grab. Keep up the good work and please reward all your awesome drivers,grab_reviews.csv,5,positive,positive,0.9998101139241802
I can't update this application,grab_reviews.csv,1,neutral,neutral,0.7616626254102089
I am happy using Grab for my daily commute.,grab_reviews.csv,5,positive,positive,0.9985147874357698
promo code not working after updating app,grab_reviews.csv,1,negative,negative,0.9992858140690593
Goop aplication,grab_reviews.csv,5,neutral,positive,0.6343226906756881
Please rate foodpanda very bad.,foodpanda_reviews.csv,1,negative,negative,0.8851453747763693
gak bisa mesen kadang kadang padahal lagi perlu 👿,grab_reviews.csv,4,negative,neutral,0.9992400418703518
"Best service in city,no one can achieve the level easley.",foodpanda_reviews.csv,5,positive,positive,0.977460932371416
My first time with this app but its good thanks,foodpanda_reviews.csv,4,positive,positive,0.9996471400315488
"drivers who are very no brainer, carry cars at high speed and what you not see im with my baby. very very stupid. I pay and not free!!!! !",grab_reviews.csv,1,negative,negative,0.9936360040825234
Kasih bintang sapa tau dapet promo grabbike,grab_reviews.csv,5,neutral,neutral,0.9998894763124164
routingnya suka ngaco kadang suka kasian sama driver grab car yang di kasih routing motor,grab_reviews.csv,3,neutral,neutral,0.9999766091621577
Worse app ever,foodpanda_reviews.csv,1,negative,negative,0.9996767676968422
This app is so stupid because neither the driver or myself can't cancel my order because the resuatrant is closed. I have to wait a long time to reach the stupid customer service that slowly responded and manually cancel order from the customer service itself. Seriously why remove the cancel order especially with condition like this?!,grab_reviews.csv,1,negative,negative,0.9999970732799196
"Các tài xế đi nhanh, ẩu, chen lấn, lạng lách, vượt đèn đỏ nhiều. Ngoài ra ứng dụng cũng rất chậm, hay lỗi kết nối, bản đồ sơ sài và công cụ tìm kiếm kém thông minh.",grab_reviews.csv,2,neutral,neutral,0.9989770372306513
they deliver,foodpanda_reviews.csv,5,neutral,negative,0.6196991282238744
I think so,grab_reviews.csv,5,neutral,positive,0.5767162572738465
"I tried this application as suggested by my sister. I tried to book a driver from Alabang Town Center to NZ Embassy in Makati but after spending half an hour; nothing happened. It says it can't find me a driver. Now, I tried to book again from Alphaland to Molino but I got the same error message. Useless.",grab_reviews.csv,1,negative,negative,0.9995723376556761
My hungry app,foodpanda_reviews.csv,5,neutral,positive,0.5409810236774313
Good app. really help me. thx,grab_reviews.csv,5,positive,positive,0.9999422189729149
App is useless. Only in thai language. Deserves a 0 rating. Disgusting,grab_reviews.csv,1,negative,negative,0.9989746570238918
"Intuitive, reliable, and most importantly it is useful.",grab_reviews.csv,5,positive,positive,0.9979792006534436
Excellent app best services,foodpanda_reviews.csv,5,positive,positive,0.999900893150434
discounts and a lot of options,foodpanda_reviews.csv,5,neutral,positive,0.9961772815056599
"Great apps, helped a lot.",grab_reviews.csv,5,positive,positive,0.9987240641312084
Easy to use and good deals,foodpanda_reviews.csv,5,positive,positive,0.9999992858913905
Powerful HAHAHAHAHAHA,foodpanda_reviews.csv,5,positive,positive,0.9828669219762174
Orders are incomplete and the address system is so complicated because of the limited locations available. Had a very bad experience won't use this app again.,foodpanda_reviews.csv,1,negative,negative,0.9998872972488231
Can't open the apps in my oneplus one phone. What's wrong?,grab_reviews.csv,5,negative,negative,0.9508304502013095
ramah dan nyaman terimakasih,grab_reviews.csv,5,neutral,neutral,0.9998463339216951
"The location is very bad, impossible to locate my house, always deliver to other adress",grab_reviews.csv,1,negative,negative,0.9990014380630025
Stupid food panda.,foodpanda_reviews.csv,1,negative,negative,0.9926553264535031
It makes our lives easier to roam around with our four month old baby girl. 😀😊 friendly and very professional driver to top it off. Kudos!,grab_reviews.csv,5,positive,positive,0.9999998817993186
There is lot of bug when it comes to payment mode and it slow down and hell lot of time it take s. Before payment mode it works fine. Sorry to say you need to revisit your IT team who developed the code for app.,foodpanda_reviews.csv,1,negative,negative,0.9687107428996403
"Reason why 3stars. Because one rider cannot find my location. In my last orders the riders find my location easy because the pin is correct but the one rider,, 😡 say that i have a wrong pin. How he say that im in a wrong pin. If it is in a wrong pin, the other past riders didn't find my location. But they find it correctly through the map. I WISH THAT I CAN RATE A RIDER. 😧 I DIDN'T FORGOT HIS NAME.",foodpanda_reviews.csv,3,neutral,negative,0.996181659130606
"Suka banget sama grab,gatau kenapa apa apa jadi praktis kek energen aja praktis",grab_reviews.csv,5,neutral,neutral,0.9999960796233689
Sometimes it hangs up and then you get stucked then you cannot book anymore until you wait for another day!,grab_reviews.csv,1,neutral,negative,0.9834134569365562
"Why is my money ""PUT ON HOLD"" when booking a cab? Why must I pay before I even get in the car? Its just ridiculously dumb. What if I need cancel and you can't give me back? How? Should take away this thing. Only deduct the money AFTER passenger arrive at destination",grab_reviews.csv,3,negative,negative,0.9985394440965596
Worst Taxibike app ever :(,grab_reviews.csv,1,negative,negative,0.9639417800744555
"very easy & affordable price, good quality service",grab_reviews.csv,5,positive,positive,0.9998103980904434
Magnanakaw ang mga putang ina,foodpanda_reviews.csv,1,neutral,neutral,0.9975620032551616
"Very bad experience using it as it will change the fare unexpectedly , you are unable to grab a ride until the fare increase, then immediately you will get a driver, this is very unacceptable",grab_reviews.csv,1,negative,negative,0.9963129325444986
"Grab makin mahal, ingat semua org banyak duit ke naik grab harga melampau2, lepas tu driver suka cancel, ad pulak yg xnak ambik tp xnak cancel dia diamkan diri sampai 10 minit, kurang ajar buat org tunggu lama 😡",grab_reviews.csv,1,negative,neutral,0.9998353410502925
Easy for daily weekend rides.,grab_reviews.csv,3,positive,positive,0.9848268942769066
"Thansk for services ,............",foodpanda_reviews.csv,5,neutral,positive,0.6736101859213154
"I'm really disappointed to this app, especially their service quality for customer is totally suck.",foodpanda_reviews.csv,1,negative,negative,0.9976512082549032
usefull. i love it ❤,grab_reviews.csv,5,positive,positive,0.9999972963608554
为什么grab update了之后需要selfie face才能call grab??! selfie就算了，还要求动来动去。动来动去又scan不到,grab_reviews.csv,4,neutral,negative,0.6493983561016774
Really bad experience! The restaurant just cancel my order without any notification. Waste more than an hour to wait! So disappointed!,foodpanda_reviews.csv,1,negative,negative,0.9999765457497644
"I CANT BUY THE SUBSCRIPTION, IT SAYS THAT IM NOT ELIGIBLE. IM USING OVO AS A PAYMENT METHOD",grab_reviews.csv,1,neutral,neutral,0.7963780997910107
The app is great.. and so easy to order.. on time delivery thanks foodpanda 👍👍😊😊,foodpanda_reviews.csv,5,positive,positive,0.9999999999952252
Have to wait minimum 10 to 15 min to order because of poor performance of the app.. don't know why the app is still busy after placing the order.. technical people has to look into this..,foodpanda_reviews.csv,3,negative,negative,0.9985876882928814
tidak bisa mendeteksi gps padahal sudah dihidupkan,grab_reviews.csv,1,neutral,neutral,0.999961782011299
Designated area too short,foodpanda_reviews.csv,4,neutral,negative,0.7875864834004764
Satyhomesatysave This app mind blowing 👌,foodpanda_reviews.csv,5,positive,positive,0.9997524059310112
hopefully good service :),foodpanda_reviews.csv,4,positive,positive,0.997855906259429
Worst experience ever cancel orders when its time to deliver food on several occasions dont waste your time,foodpanda_reviews.csv,1,negative,negative,0.999664290139769
Saya akhir2 gak bisa pakai grab soalnya aplikasinya yang kebuka hanya untuk delivery. Homenya gak bisa kebuka. Gak bisa pilih transportasi 😐,grab_reviews.csv,3,neutral,neutral,0.999998589287259
Best ....i like voucher the most,foodpanda_reviews.csv,5,positive,positive,0.9982692102289061
There are nearby units on my location but not one is responding!,grab_reviews.csv,1,neutral,negative,0.6697763186435183
Very bad customer service. Emailed them like 5 times. No proper response and never got the issue resolved.,foodpanda_reviews.csv,1,negative,negative,0.9999000109525312
App is working great.,foodpanda_reviews.csv,5,positive,positive,0.9895973317500847
Getting worse day by day even the restaurant collection is very bad and I don't get any deal in the selective restaurant like I used to get before,foodpanda_reviews.csv,1,negative,negative,0.9995211779666693
"Ordered the food from my area, got confirmation saying food will be delivered in 1 hour. Almost 3 hours later, still no food. Slow response customer service. Delivery rider couldn't be contacted. This is the worst. Will not recommend this app to anyone.",foodpanda_reviews.csv,1,negative,negative,0.9999833708661978
Rider send my order wrong house. I didn't receive my order and foodpanda dont want refund my money. 😡,foodpanda_reviews.csv,1,negative,negative,0.9996022687892909
drivers complaining about how far the delivery area is.. rude drivers.. never installing again,foodpanda_reviews.csv,1,negative,negative,0.9962380639343318
"Kalau ada multiple order harusnya 1 arah bukan bedah arah ini driver sama customer dirugikan, driver capek, makanan keburu dingin, gara gara udah ngalamin ini 3 kali mutuskan untuk uninstall",grab_reviews.csv,2,neutral,neutral,0.9999803251962188
Onk joss app,foodpanda_reviews.csv,5,neutral,positive,0.47892053501163834
"caj delivery mahal sangat smpi 5 ringgit padahal dkt je dgn rumah , dulu selalu guna sbb murah tapi skrg hmm hampeh tapi x pe lah skrg susah cari duit kan",foodpanda_reviews.csv,3,neutral,neutral,0.9999665118264527
"Do something about drivers that accept fares but don't come!! You are penalized for cancelling a fare but EVERY driver I order either doesn't move for 10mins or they go the wrong direction, presumably because they want to pick up some groceries before they come.",grab_reviews.csv,1,negative,negative,0.9983911874138174
"Real color of food panda comes out when things get delayed. No customer contact. I make std call to their so called customer service, no response. These guys suck, order at your own risk, if things go wrong just sit like duck. Pathetic....",foodpanda_reviews.csv,1,negative,negative,0.9999541257068649
useless app 😠 many of their restaurant is always closed. waste of time,foodpanda_reviews.csv,1,negative,negative,0.999986264007668
Veryyy bad experience waiting for my order since 2 hours and have to cancel my order..,foodpanda_reviews.csv,1,negative,negative,0.9999517131830247
Comfortable and resonable price,grab_reviews.csv,4,positive,positive,0.9998999741266955
Easy life with food panda,foodpanda_reviews.csv,5,positive,positive,0.9919872809370407
Good.....but riders don't have change all time.and sometime they take money and not come back please see this issue seriously.,foodpanda_reviews.csv,5,negative,negative,0.9968931339645402
Best for ever,foodpanda_reviews.csv,5,positive,positive,0.9999724654094727
Good but some times i'm very disappointed from your service,foodpanda_reviews.csv,3,negative,negative,0.9904047661390061
Lahvee 💜,foodpanda_reviews.csv,5,neutral,positive,0.9137001236694472
senang utk order makanan jika mls nak keluar rumah,foodpanda_reviews.csv,4,neutral,neutral,0.9998436843496143
Amar 300 taka maira dise foodpanda.. Biriyani order korsi oita dei nai,foodpanda_reviews.csv,1,neutral,neutral,0.9179113546295609
Doesnt deliver at my location..,foodpanda_reviews.csv,1,neutral,negative,0.8025370636353298
Best app n very useful,grab_reviews.csv,5,positive,positive,0.9999997170157232
on-time delivery 👍👍👍,foodpanda_reviews.csv,5,positive,positive,0.9999939688221224
Price shown quite pricey,foodpanda_reviews.csv,4,neutral,positive,0.3618250022789815
Yung delivery address na nilagay ko nag.iba after ko magbayad so ayun di daw sakop nang delivery ang area namin. ay the best thanks for the service. hanggang sa uulitin? never na po,foodpanda_reviews.csv,1,positive,neutral,0.7052342437822733
this is literally my go to food delivery app,foodpanda_reviews.csv,5,neutral,positive,0.8564047442560467
Ghatya service jab b dekho toh koi restaurant hamrae area mein delivery e nahi karta upar sy youtube py jo ghandh machaya huwa hai in logon ne download food panda ye woh i m disappointed so i m done with one star review,foodpanda_reviews.csv,1,negative,neutral,0.9406841582507769
"Gahaman sa benta tong negosyong to. Kawawa ang lahat. Merchant, rider at customer",foodpanda_reviews.csv,1,neutral,neutral,0.9702717430072918
can not multy order on grab food,grab_reviews.csv,4,neutral,neutral,0.4676332134656357
"App is broken. Verify Email is not working. No recovery options. I'm softlocked, my phone number is not recognized and look like it's used by another account. Make no sense, no support. Literally the app is telling, no thank we don't need you as customer. Damnnnn I'm hungry guys",foodpanda_reviews.csv,1,negative,negative,0.999985154998879
"They only accept your book if you have huge tip, try it.",grab_reviews.csv,1,positive,negative,0.78040082003871
Worst app ever delet THIS yuck 👎👎👎👎👎👎👎👎👎👎👎👎,foodpanda_reviews.csv,1,negative,negative,0.999997754448137
Keep sending spam msges on my dnd number. Not sure how many times I need to tell them not to send msges.. Forget about the food they deliver! Always cold and everything spilt. Don't install not order from these mindless morons,foodpanda_reviews.csv,1,negative,negative,0.9995664420728443
Crashing on my oneplus 3,grab_reviews.csv,1,neutral,neutral,0.6933207991288903
sales nya buruk untuk pengurusan grabfood merchant,grab_reviews.csv,1,neutral,neutral,0.9987935633139782
"Selalu gagal ketika mau melakukan pembayaran di grab food, dan grab mart. Terkadang juga grab bike dan grab car ketika pakai voucher. Saya sudah komplain dari Januari 2022, sampai detik ini masalah belum juga terselesaikan oleh pihak Grab. Rasanya perlu saya angkat di media konsumen. Tidak ada komitmen dari kalian untuk penyelesaian masalah customernya. Grab sucks!",grab_reviews.csv,1,negative,neutral,0.9999999990507433
To class delivery,foodpanda_reviews.csv,5,neutral,neutral,0.6237809468372776
Kuch samj he nahie ati,foodpanda_reviews.csv,5,neutral,neutral,0.9182598469958798
Today covid 19 i oder food panda,foodpanda_reviews.csv,5,neutral,positive,0.8490865217072057
It's awesome now I don't have to go to the place to take my order,foodpanda_reviews.csv,5,positive,positive,0.9113235446804351
I can't download grab food app,grab_reviews.csv,1,neutral,neutral,0.8582493212565189
Good apo,grab_reviews.csv,5,positive,positive,0.9890620522701912
This app is legit so dumb it won't even lete us my Piso delivery,grab_reviews.csv,1,negative,negative,0.7605159926578113
Thanks for your help travel makes easy for us,grab_reviews.csv,5,positive,positive,0.9999902312890127
It's so difficult (nearly impossible) to find a driver between 1200 to 1400 in Singapore. This is not the case for Malaysia and Indonesia.,grab_reviews.csv,3,negative,negative,0.9993773069582459
Kailangan nlng part pars mka communicate sa seller,foodpanda_reviews.csv,5,neutral,neutral,0.6913227075013576
uber penyelamat dikala macet melanda.. sering2 adain promo dong.. jangan buat pelanggan baru aja.. tapi buat pelanggan lama juga adain promo,grab_reviews.csv,5,neutral,neutral,0.9999886592800943
lebih praktis punya gojek untuk belanja,grab_reviews.csv,3,neutral,neutral,0.9999406246627981
Keluhan dari pelanggan grab ditindaklanjuti.,grab_reviews.csv,5,neutral,neutral,0.999756544272523
banyak diskon banyak promo.,grab_reviews.csv,5,neutral,neutral,0.9920168212070809
95% Good service.,grab_reviews.csv,5,positive,positive,0.8970914236053845
Something's wrong with the UI. For some reason the promo code I enter would disappear and there would be times when I have to reboot the app just to manage the UI again.,grab_reviews.csv,3,negative,negative,0.9965722725340878
Dep*tang bonchon bilis mag sarado,grab_reviews.csv,2,neutral,neutral,0.9914718622678977
Saya Top up OVO via Grab tgl 29 aug 2019 dana terdebet saldo ovo tidak bertambah karena sudah over limit top up dana saya akan direfund tgl 29 sept 2019 sebagai konsumen jelas saya merasa dirugikan.,grab_reviews.csv,1,positive,neutral,0.9999720625432071
Very bad items and also masala items plz don't pick up the order plzzzzzzzz,foodpanda_reviews.csv,5,negative,negative,0.983716095066518
Actually I'm lovin it KFC,foodpanda_reviews.csv,5,neutral,positive,0.941731231795598
affordable lang df,foodpanda_reviews.csv,5,neutral,positive,0.6873530954667934
Too expensive for a usually cancelled booking and delayed email correspondece of customer service. Cant wait for the competitors to come in the picture.,grab_reviews.csv,1,negative,negative,0.9990698557543732
"Was 5 stars previously for good service. Downgraded to 1 star after a recent experience. When I contacted FP help after I was delivered wrong order, the agent refused refund readily; when I requested for delivery of right order, agent refused to do so.. agent robotically noted my complaint, failed to explain FP refund policy and extend any real help. FP is stealing money if people ain't getting what they paid for.",foodpanda_reviews.csv,1,positive,negative,0.999934908661267
How can I get vouchers with this app?,foodpanda_reviews.csv,4,neutral,positive,0.5136659839399044
Uninstalled. Useless apps. Keep canceling my order.,foodpanda_reviews.csv,1,negative,negative,0.9841217743817214
Safe and sound!,grab_reviews.csv,5,positive,positive,0.9997202864632349
"""connecting you with drivers"" finding a driver takes forever..- edited as of may 22, 2022 - same issue.. finding a driver takes forever",grab_reviews.csv,1,neutral,negative,0.9179989337283456
Cant even log in..waste my data,grab_reviews.csv,1,negative,negative,0.9927654311669529
the app that you can always depend on.,grab_reviews.csv,5,neutral,positive,0.7466937631076089
"A*****E.. If you care about humanity, please do not use this service.. Rott in hell",grab_reviews.csv,1,neutral,negative,0.9921708714788918
"Terrible Costumer Service!!! I ordered burger from shake shack on 6 Dec 2021 worth 23.48sgd but it was cancelled by the merchant, the problem is still deducted from my bank acccnt, i raise the problem food panda customer care, but until now i haven't received my refund amount.",foodpanda_reviews.csv,1,neutral,negative,0.9979158538513319
Extend this promo. Excellent service! Drivers are polite.,grab_reviews.csv,5,positive,positive,0.999524571026903
Overall service is Very Good but App is not working properly. We're facing location issues always. Attock area is missing in location.,foodpanda_reviews.csv,3,negative,negative,0.9997462571377095
"I hate it, stupid one.. Irritating with stupid messages!",foodpanda_reviews.csv,1,negative,negative,0.9999975410790929
The worst . It was great but now it's getting horrible . Hope you fix the damn app,foodpanda_reviews.csv,1,negative,negative,0.9982329111727856
i didn't get my food but it says that it was delivered already,foodpanda_reviews.csv,1,neutral,negative,0.6536305789908131
Astig kaso malaki patong hehe,foodpanda_reviews.csv,4,neutral,neutral,0.8623812226753936
I really enjoyed this app in the past and ordered food very frequently but recently i have deleted this app because or ridiculous price hike in name of platform fees and taxes a simple order of 600 becomes of 1100 during checkout,foodpanda_reviews.csv,2,negative,negative,0.9852093456027373
its very bad.. 👿👿👿,foodpanda_reviews.csv,1,negative,negative,0.9999886357179972
Abu Bakar,foodpanda_reviews.csv,5,neutral,neutral,0.9010408728185205
Food Panda is a very good platform to order food. Lot of different types of food in your access with great discounts. Thanks Foodpanda.,foodpanda_reviews.csv,5,positive,positive,0.999380589112457
helpful n easy to use,grab_reviews.csv,5,positive,positive,0.9999960893184379
This app is good but not the driver,grab_reviews.csv,4,neutral,neutral,0.6141592399766405
Sangat membantu dan selalu mendapatkan pelayanan terbaik dibanding ojek² lainnya. Thankyou! Selalu memuaskan!,grab_reviews.csv,5,neutral,neutral,0.9999994156960954
Easy and less delivery fee than Grab ✌,foodpanda_reviews.csv,5,positive,positive,0.9999373848916439
Cheetay & airlift are so better then this stung bee.....will never ever use it again worst app...Placed order 1 and half hour ago they said we are sorry and gave me the voucher of 140pkr..and then chat ended worst bomb blast ap,foodpanda_reviews.csv,1,negative,negative,0.9999796097505755
L + ratio + you fell off,foodpanda_reviews.csv,1,neutral,positive,0.6012530683084416
bao rami raja g,foodpanda_reviews.csv,5,neutral,neutral,0.7989334111871006
it's nice and affordable but the addition was too overprice,foodpanda_reviews.csv,4,neutral,positive,0.8389224947145734
good services and lvl discount,foodpanda_reviews.csv,5,positive,positive,0.9976904135603923
Nice sirves,foodpanda_reviews.csv,5,positive,positive,0.9918474001895723
Promo nya lebih sering ya :) overall good application,grab_reviews.csv,4,positive,neutral,0.6086635994034425
"Friendly Service, I Like it",foodpanda_reviews.csv,5,positive,positive,0.9981332524080984
muhd syafiq,foodpanda_reviews.csv,5,neutral,neutral,0.6541803563551866
I have waste my money on this app. My payment was done but no refunds. The order gets auto cancelled. Very poor service. Food panda team has the customer care email which is not managed anf i geg auto reply that it is not managed. The toll free number is also changed. Poor team and execution,foodpanda_reviews.csv,1,negative,negative,0.9999683911605659
Too good to be true !!! :D,foodpanda_reviews.csv,5,positive,positive,0.9898038778550471
The company is ripping off customers.,grab_reviews.csv,4,neutral,negative,0.9568189373802987
"ayaw gumana ng apps . sayang data ,sayang oras.",grab_reviews.csv,1,neutral,neutral,0.9868077183871614
Good app and company. That help provide work for our youth.,foodpanda_reviews.csv,5,positive,positive,0.9498184638632142
Ride grab car,grab_reviews.csv,5,neutral,positive,0.6507118265570673
"Aplikasi gajelas, promo makanan gabisa dipake semua, tiap input promo pesanan reset lagi, harus pesan lagi satu persatu.",grab_reviews.csv,1,neutral,neutral,0.9999979133907742
เรียก grab taxi ที่สยาม ไม่มีใครรับเลยค่ะ รออยู่เป็นชั่วโมง สุดท้ายกลับ BTS,grab_reviews.csv,3,neutral,positive,0.49730281134258975
"Would rate 0 stars if possible.... they never deliver your order.. Worst food delivery app in Singapore... used to be good but recent times they are worse, and had worst experiences using this app. they think that by giving ""sorry vouchers"" everything can be fixed.. Permanently uninstalling the app..",foodpanda_reviews.csv,1,negative,negative,0.9976364245115016
আপনাদের রাইডার রা পচা খাবার দিয়ে যায়।। 😡 আমার টাকা লস খাবার অডার দিয়ে খাইতে না পারলে লাভ কি। 🤢🤮🤮🤮,foodpanda_reviews.csv,1,negative,negative,0.9999995375154075
Food panda.,foodpanda_reviews.csv,4,neutral,positive,0.6170156247908724
"Fast delivery. Excellent delivery service. Hopefully, they wouldn't compromise on their quality service. But coupons are a drama",foodpanda_reviews.csv,3,neutral,positive,0.9759102437390732
I am not able to update this app and I couldn't use this app even I hv money in it. I hv tried to uninstall and reinstall but nothing works,grab_reviews.csv,1,neutral,negative,0.9787213143240923
Fantistic,grab_reviews.csv,5,neutral,positive,0.6517901072443024
Make my day more easier.,foodpanda_reviews.csv,5,positive,positive,0.907100606929007
Why i cannot ddddowload,grab_reviews.csv,1,neutral,neutral,0.8617066838663014
Convenience! ü,grab_reviews.csv,5,neutral,neutral,0.5125387325320213
"I prefer the old version. The new update was kindda confusing me and the delivery timing was the worst. At first 30minutes then 26minutes suddenly it changed to 41minutes. Yesterday I ordered once, I wait for 1and a half hours. It's a bad update Zzz",foodpanda_reviews.csv,5,negative,negative,0.999919100731479
I made 3 orders after successful payment they cancelled all the orders. Saying they cannot deliver. And there refund policy is also pathetic. Wanted to give negative ratings. UNINSTALLING the app .,foodpanda_reviews.csv,1,negative,negative,0.9995801763575157
Its really disappointing especially lately. The whole app is lagging and thats not all. Either a sudden cancel of my order after a long wait or my order will not reach at all. Dude seriously? Wheres my refund by the way. Whats the point giving RM 4 compensation after the long wait when i almost got a gastric?,foodpanda_reviews.csv,1,negative,negative,0.999985645012577
Banyakin promo baik GrabRide or Grabcar juga GrabFood yak...,grab_reviews.csv,5,neutral,neutral,0.992380503787533
"the respon of grabcar driver is slow when we use promotion code. not all driver is friendly. WE ARE CUSTOMER, please be more friendly, WE PAY for your service !!!!",grab_reviews.csv,1,positive,positive,0.8386262042530428
Wrong way my order two time I don't happy and order anymore 👎👎👎👎😞😞,foodpanda_reviews.csv,1,negative,negative,0.9999997499050324
Overall is good but droping off another order along the way is not good inovation for me. Took loooooonger time until the delivery was arrived.,grab_reviews.csv,3,negative,negative,0.6542402762976262
เดี๋ยวนี้แย่มาก เรียกวิน แล้ววินติดต่อไม่ได้ พอจะแคนเซิลก็คิดเงินเพิ่ม เลยนั่งรอต่ออีก 10 นาที สุดท้ายวินแคนเซิลเอง เสียเวลา,grab_reviews.csv,1,neutral,neutral,0.5557853140650609
Food panda is not on commitment ..They said 60 mins but order arrived almost after one hour 45 mins. And they did not do anything about it,foodpanda_reviews.csv,2,neutral,negative,0.9687501770371312
salna a nai keno bal,foodpanda_reviews.csv,1,neutral,neutral,0.9891419132359431
Very Bad Experience....I ordered 2 large pizzas from King Pizza Gujranwala.....They did not give me free 1.5 colddrink with it......They later told me that If i order from Foodpanda then no free cold drink with it....If i call for home delivery without this useless app then i get free cold drinks with pizza.....Lanat Beshumar,foodpanda_reviews.csv,5,negative,negative,0.9938313291742649
Bad company for food..,foodpanda_reviews.csv,1,negative,negative,0.9902776760616735
Keep update always,grab_reviews.csv,5,neutral,neutral,0.5534947484452906
Recent update made the app more user friendly especially on putting location,foodpanda_reviews.csv,5,positive,positive,0.9521477312373846
Unreliable location detector.,grab_reviews.csv,1,neutral,neutral,0.4949952380135916
Photos not loading,grab_reviews.csv,2,neutral,neutral,0.8558411848625139
Time pai jo hotel chahiya wo milta nhi,foodpanda_reviews.csv,3,neutral,neutral,0.8585212157796157
Easy. Thank you panda...i love panda.,foodpanda_reviews.csv,5,positive,positive,0.9999966448833684
kok buka nya lama ya?. ga hemat waktu:)).,grab_reviews.csv,2,neutral,neutral,0.9999573190529943
bolehlh..,foodpanda_reviews.csv,4,neutral,neutral,0.6633795671788811
There should be payment option with bkash.It would be very helpful,foodpanda_reviews.csv,4,positive,positive,0.9458282049354433
Kabhi kabhi taste acha nhi huta delivery time pr huti,foodpanda_reviews.csv,3,neutral,neutral,0.8986513986700067
your ad is missing close button!!!,foodpanda_reviews.csv,1,negative,negative,0.9308212065629506
grrat service,foodpanda_reviews.csv,5,neutral,positive,0.42358743686793604
Delivery time need to be reduced,foodpanda_reviews.csv,4,neutral,negative,0.7391965884531626
"terrible!wrong location detected all the time, when typed in it keeps overiding, or keep showing the wrong location even after refreshing. did advance booking, verified with my husband the timing and he sees me selecting the time, as soon as i confirm, it turns out to be immediate booking. after landing in different country it didnt get better. i just downloaded this version few days ago. no star",grab_reviews.csv,1,negative,negative,0.9994790387102023
Nice food app nice foooooooooood,foodpanda_reviews.csv,5,positive,positive,0.9995792184166834
Cannot use promo code,grab_reviews.csv,1,neutral,neutral,0.7024483050350478
"aplikasinya oke sangat helpful dalam kehidupan sehari-hari. keep up the good work, team.",grab_reviews.csv,5,positive,neutral,0.7506590877492455
But my orders nt taking place I use to oder like instant but nw is nt working fix it,foodpanda_reviews.csv,2,negative,negative,0.9978882049542072
💕💕💕💕💕 best app,foodpanda_reviews.csv,5,positive,positive,0.9975203230426467
"Before i had no problem with this app. I started using this app just this year, January, when my boyfriend and I started LDR. Works perfectly fine up until April. Soon after ordering online and food deliveries became a ""new normal"", every time I open the app it just keeps on loading, like a video that keeps on buffering. I tried to click other buttons on the screen (i.e. changing the address, pick up/delivery, more options) nothing is working. I tried to uninstall and install, nada.",foodpanda_reviews.csv,1,positive,negative,0.6485860355888479
Terrible customer support. Embarrassing.,foodpanda_reviews.csv,1,negative,negative,0.9997943834488391
Too much percent for shop and worst customer service ever.,foodpanda_reviews.csv,1,negative,negative,0.9704185601062645
app sử dụng tốt. đặt hàng nhanh.,grab_reviews.csv,5,neutral,neutral,0.9186388836475747
"Review for food after pick up didnt show up! Waited for the review to rate the restaurant, where is it? And the restaurant didnt even give me spagetti that it is in their menu! Very bad app! Unlike grab!",foodpanda_reviews.csv,1,negative,negative,0.9556118771224436
Better driving and driver,grab_reviews.csv,5,positive,positive,0.9164636868381936
"It's very good, highly recommended.. But it should deliver at 2 or 3 am too. Btw it's super duper",foodpanda_reviews.csv,5,positive,positive,0.986873231035921
Good apps for online transportation . Many promos than other competitors.,grab_reviews.csv,5,positive,positive,0.9996245436887071
User friendly.. easy to order my food.,foodpanda_reviews.csv,5,positive,positive,0.9999545419177238
"Terrible glitches and would not accept any of my payment cards. I'm having to keep redownloading it for the order to go through and when it doesn't, it forces me to get a verification code. When I do enter the verification code, it still doesn't work! I'm going in circles with this app. Incredibly frustrating.",foodpanda_reviews.csv,1,negative,negative,0.9999532104104722
"very poor, and aobrang tagal... minsan mali pa ang location nyu",foodpanda_reviews.csv,1,negative,neutral,0.7718306046311274
easy use..thanks to grab,grab_reviews.csv,5,positive,positive,0.9999524975569958
What happen to grab app suddenly only have hotel and insurance service in my grab app no other service 😡,grab_reviews.csv,1,negative,negative,0.9921614578399315
"Order grabfood,pas dateng ternyata ada yang kurang. Pas komplen cuma dikasih ganti ruginya promo senilai Rp.20 RIBU. ITU BAHKAN NGGAK ADA SETENGAH DARI HARGA MAKANANNYA.",grab_reviews.csv,1,neutral,neutral,0.9999995058836162
Panda is very good but not better. Customer delivery is very bad.,foodpanda_reviews.csv,5,negative,negative,0.9540754668648247
If they want my photo i will quit this app,grab_reviews.csv,1,neutral,negative,0.9015714945174674
"Unfair po ang Grab sa mga kapwa niya Riders, yung mga pa raffle nila may duga, yung commission nila lagpas ng 20% sa laki ng bayad ng customer hindi kumikita ang Riders kung walang riders wala din ang Grab tapos ganon kame i trato ng management. Kung di daw kame sang ayon lumipat daw tama ba yon?",grab_reviews.csv,1,negative,neutral,0.9900424753094874
U have a lot of annoying ads,grab_reviews.csv,1,negative,negative,0.9200575697164397
Such a good app. hassle free😍,grab_reviews.csv,5,positive,positive,0.9999904913824078
grabe yung delivery rate nyo,grab_reviews.csv,1,neutral,neutral,0.8389906819501725
Dont ask me to keep updating. I have limit memory on my phone,grab_reviews.csv,3,neutral,negative,0.7474578880644065
"This is my fourth time ordering food from Adam Lai, recomand for this at shah alam sek 15, love it so much, pork free so my family can eat well great! the system design really helpfull ,just click comfirm order place it make payment after just keep track the page will c driver when to when reach ! The great one is driver contact ,can try call & ask . For me is really really helpfull, not like last time the food xxx wait and food make me crazy wasted! Great ,thanks to Grab food !",grab_reviews.csv,5,positive,positive,0.9905496204945085
"Today I used grab twice. Both the time today drivers were good and polite. Last time I was disappointed (13 feb 2021). I booked the grab taxi. But the driver didn't come to pick me up at the right place. So, I had to cancel. Though it was not my mistake, I paid 30 baht cancellation fee today in my first ride. Anyway, its not about money but I was disappointed.",grab_reviews.csv,4,negative,negative,0.9998746580775688
"Disappointed! worst customer service, settle one small issue take few weeks time. Stupid arrangement.",grab_reviews.csv,1,negative,negative,0.9999913705637211
"Good app for Jakarta n Bogor. But i dont get the promo code for grabfood that I usually received eventhough i routinely use grab. I feel left out, so sad.",grab_reviews.csv,4,negative,negative,0.9207795724001636
Bad Experience. Not recommend for other user. I wish I could give 0 star to this app,foodpanda_reviews.csv,1,negative,negative,0.989358996255532
Awesome app...I really like it...,foodpanda_reviews.csv,5,positive,positive,0.9999643057587055
4 star lang di naman nalabas address namin kahit asa loob kami ng subdivision 😡😡😡😡,foodpanda_reviews.csv,4,negative,negative,0.9106058079455346
Sampah nk varify bagai,grab_reviews.csv,1,neutral,neutral,0.9870056843518435
Life is happy with you,foodpanda_reviews.csv,5,positive,positive,0.9992550449966576
very accommodating support team,foodpanda_reviews.csv,5,positive,positive,0.6448393996607242
"The customer service reps seem too lazy to actually reach out for additional details re certain issues. The COD option was recently disabled for me, and unfairly so, just because a restaurant cancelled an order without reaching out first. I understand wanting to protect their restaurant partners too, but to automatically penalize the customer without investigating further is utterly ridiculous.",foodpanda_reviews.csv,2,negative,negative,0.9999463234996664
Convenient and efficient.,grab_reviews.csv,5,neutral,positive,0.5690700299026605
Very very bad experience....it's like my worst experience of using this app....I recommend you not to download ever,foodpanda_reviews.csv,1,negative,negative,0.9995410496922558
Has always worked for me,grab_reviews.csv,5,neutral,positive,0.6495712124692575
Don't have options,foodpanda_reviews.csv,1,neutral,negative,0.5896140348417322
Sone time its gone mad. Bad thing is if order is stuck(any reason) we cant cnotact any one..no customer attendent from app or resturent.,foodpanda_reviews.csv,4,negative,negative,0.9997803932662253
Poor customer service. Deploying riders and seller with defective phones. Rude support agents. Will not recommend this app anymore.,foodpanda_reviews.csv,1,negative,negative,0.9999882521837247
This is the best transportation or app that i not used this is the best,grab_reviews.csv,2,positive,positive,0.9984866794117819
My hone adress not show in this mao,foodpanda_reviews.csv,3,neutral,negative,0.7343662541244145
Best app,grab_reviews.csv,5,positive,positive,0.9999907174818032
Very easy to navigate and excellent app,foodpanda_reviews.csv,4,positive,positive,0.9999999849605815
Easy to use ride sharing app for the digital natives. Makes commuting so much easier. A must have for the first time visitor to Bali.,grab_reviews.csv,4,positive,positive,0.9994262959158079
it doesn't show driver track on map. very bad update.,grab_reviews.csv,2,negative,negative,0.9197807265904128
Sangat bagus saya suka,foodpanda_reviews.csv,5,positive,neutral,0.5997755606780235
"GRAB HELP CENTER IS USELESS! THE CUSTOMER SERVICE WAS LITERALLY THE WORST, THEY DIDN'T EVEN BOTHER TO CHECK EVERYTHING I SENT THEM.",grab_reviews.csv,1,negative,negative,0.9999868743036552
Easy set up n ordering,foodpanda_reviews.csv,4,positive,positive,0.9292442593029826
"Mantab lah, tingkatkan lagi sangat2 membantu 👍",grab_reviews.csv,5,positive,neutral,0.9997603123117904
Namimili mga drivers myo,grab_reviews.csv,1,neutral,neutral,0.9914144725057744
All riders i encounter with are all polite and friendly,grab_reviews.csv,5,positive,positive,0.9979249874306225
customer service zero,foodpanda_reviews.csv,1,neutral,negative,0.9058515274967722
Pathetic experience. Poor communication and lack of responsibility. I and my husband hate them alot. I and my dear husband like Cheetay and Eat Mubarak.,foodpanda_reviews.csv,1,negative,negative,0.9974717318990751
The pro feature is hella dope,foodpanda_reviews.csv,5,neutral,neutral,0.6328025443997594
Secara umumnya ia masih lagi penyedia perkhidmatan e-hailing yang terbaik di Malaysia. Cuma terasa sangat ketara kesan kenaikan harga tambang.,grab_reviews.csv,4,neutral,neutral,0.9999896088562407
"The price is too expensive. It only takes 10 to 15 minutes to drive and it is already rm20! And at this stage the car is hard enough to call, and there are fewer cars or even no cars? Spend more time. The application has been slow enough, it is still expensive, it is difficult to call the car, and it takes longer.",grab_reviews.csv,1,negative,negative,0.9999080902735017
Grab service is way different from before. There drivers choose their customers. One driver mentioned that they usually dont accept passneger u puts in a promo...useless. Unisntall for me.,grab_reviews.csv,1,negative,negative,0.9898316394738634
"10.10 challenge sampai tgl 22 oktober, tapi hari ini tgl 15 oktober tanda piala nya sudah hilang",grab_reviews.csv,3,neutral,neutral,0.9996661640883967
"banyakin promo dong, terus jangan fully used terus",grab_reviews.csv,4,neutral,neutral,0.998209382955718
Easy going to do activities,grab_reviews.csv,5,positive,positive,0.6967838048798711
Good but cously deal,foodpanda_reviews.csv,3,neutral,positive,0.6290018794182327
"After update, can't search all of the promo or voucher, so bad!!",grab_reviews.csv,1,negative,negative,0.9006358412257682
Raining and no quality raincoat for rider. Poor rider. You should learn from Domino's Pizza instead on how they treat their rider properly 👎🏿 Also my order stuck 1 hour at the foodstore.,foodpanda_reviews.csv,2,negative,negative,0.9999392400042683
Your pin does not match the entered pick up or drop off location causing some altercation at times with drivers resulting to negative experience.,grab_reviews.csv,2,negative,negative,0.9739708296119026
Rekomended,grab_reviews.csv,5,neutral,neutral,0.6275747831260252
The worst app I ever seen. Please don't install,foodpanda_reviews.csv,1,negative,negative,0.9999056545271287
Good approach,grab_reviews.csv,4,positive,positive,0.8829458949085615
perkhidmatan yang terbaik..terima grab,grab_reviews.csv,5,neutral,neutral,0.9997967896303424
useless customer support. prices mark on item and your bill is different. refund depend on customer service mood. i have given up on such service. 10 orders 5 failed,foodpanda_reviews.csv,1,negative,negative,0.9973181452035843
Oh marvelous we have here at Pampanga is it true?,grab_reviews.csv,5,positive,neutral,0.5764528770342708
"App is working as intended. I just hate the fact that ever since they monopolized here in the PH, they can care less how they do their pricing. Compared when Uber was still here pricing was very reasonable and competitive. Now their fare computation is just plain ridiculous. It's just sad.",grab_reviews.csv,1,negative,negative,0.9925404147812379
Excellent but coverage area onek chuto😐,foodpanda_reviews.csv,4,neutral,neutral,0.6030641519593127
"Great app, easy to use and access contents quickly.",foodpanda_reviews.csv,5,positive,positive,0.9999996169164854
The app does not work!,grab_reviews.csv,1,negative,negative,0.9999755660241986
"It gets me food, sooo.. yeh",foodpanda_reviews.csv,5,neutral,negative,0.41877631532591325
ovo tidak bisa aktivasi,grab_reviews.csv,1,neutral,neutral,0.9991918302166775
"The promotion had already started one day earlier, you sent me the notice the next day :)",grab_reviews.csv,2,neutral,negative,0.8252821942599206
"What are benefits for your employees (your riders), who make you able to run this application. Today I paid a bill of 2304 of my childhood friend who is your employee he was unable to earn just because of a negative bill till 10 days. Why Foodpanda can not help their employees? Is Foodpanda a poor application? I think this case is shameful act for the branch manager supervisor who refuse to help their riders .",foodpanda_reviews.csv,1,negative,negative,0.999334712442058
very helpful and I like it,grab_reviews.csv,5,positive,positive,0.9999979963732848
Timing is good but taste is almost good,foodpanda_reviews.csv,4,positive,positive,0.9476565801056052
I think worst QA you hired. I am selecting pickup and it is showing me result of delivery as well as in pick up mode we have delivery fee also aded in total bill. worst billing I ever faced,foodpanda_reviews.csv,1,negative,negative,0.9714108912011153
Nice best app,grab_reviews.csv,5,positive,positive,0.9999991947596643
The WORST. Everytime I order food from this app. It's either there's a missing order or there's incorrect order. The worst part is whenever I request a refund it takes ages to complete.,grab_reviews.csv,1,negative,negative,0.9989626622114492
U can cook and eat food faster than ordering in food panda,foodpanda_reviews.csv,2,neutral,positive,0.8285903190162351
"very fast, easy to find driver",grab_reviews.csv,5,positive,positive,0.9996902507283942
Great app with a very nice features easy to. Use and secure,foodpanda_reviews.csv,5,positive,positive,0.9999995639421924
Order 4-5 times a month. Sometimes issues do occur at the restaurant end but customer service does a food job every time.,foodpanda_reviews.csv,5,neutral,negative,0.9420806601015818
Delivery service is poor. Many riders don't deliver to your door. Many complain and request to have the buyer himself/herself come to the rider because the rider either has someplace to go or just lazy. I have experienced this personally. My classroom is on the third floor and many riders won't go up. I would always have to come down or have a learner get my order for me. I am paying a delivery fee and yet they don't deliver properly.,foodpanda_reviews.csv,1,neutral,negative,0.9988803120936497
Super happy with the referral vouchers! Super savings. Dami namin na order na food and drinks!!!! Satisfaction indeed!,foodpanda_reviews.csv,5,positive,positive,0.9930069105190069
promo function not working properly. unable to key in promo codes. pls look into it.,grab_reviews.csv,4,negative,negative,0.9963986576298265
รายการอาหารใน Grab Food มีไม่ครบทุกเมนู เช่น ร้านไก่ย่างนิตยาไม่มีเมนูไก่ย่างให้เลือก,grab_reviews.csv,4,neutral,positive,0.5126304226198299
excessive marketing is annoying to us,foodpanda_reviews.csv,1,negative,negative,0.9916741920665874
Not gud ..m ' not happy,foodpanda_reviews.csv,2,negative,negative,0.9995018278596753
Food panda is the best 💕...thank you !,foodpanda_reviews.csv,5,positive,positive,0.9999901386205976
Just grab waiting time is almost 15mins. Why system is giving me such long waiting time driver?! Just because I use my points to book this? My points was accumulated by what I pay for my service! Ridiculous services... Getting worse,grab_reviews.csv,1,negative,negative,0.9995777240469832
Good but sometimes it hangs,foodpanda_reviews.csv,3,neutral,neutral,0.4697387440596177
Super fast delivery :),foodpanda_reviews.csv,5,positive,positive,0.999935632034001
"aplikasi ini sangat membantu saya di saat butuh transportasi, maupun pesan makanan di saat ga ada makanan di rumah",grab_reviews.csv,5,neutral,neutral,0.9999996643462618
"I can't use my grabcredit. My money just stuck. I need a refund. Contact the admin, slow response without solution.",grab_reviews.csv,1,negative,negative,0.9971448416624029
Very nice this grab and very cool,grab_reviews.csv,5,positive,positive,0.9999418371414843
"5 stars, but i suggest to provide more promos please 😆",grab_reviews.csv,5,positive,positive,0.9998914927613564
Had the worst experience lately. Once sent the wrong order and didn't take it back even after 2 hours of continuous complaint. Another time cancelled the order and didn't refund. Promised something and delivered something else!,foodpanda_reviews.csv,5,negative,negative,0.9999941363688509
"I kept on sending messages on food panda customer support but did not got any response, is this what a regular customer expect?",foodpanda_reviews.csv,1,neutral,negative,0.8472961831978941
"nice,fast and good service",grab_reviews.csv,5,positive,positive,0.9999991040374175
Tẩy chay grab ủng hộ cổ vũ bọn đồng tính tởm lợm hạ cấp. Fu ck that support for dirty LGBT,grab_reviews.csv,1,negative,neutral,0.5455266473364396
Extremely bad search results,foodpanda_reviews.csv,3,negative,negative,0.9916536562119546
abba kida,foodpanda_reviews.csv,5,neutral,neutral,0.5266383261683749
Great app and easy to use.,grab_reviews.csv,5,positive,positive,0.9999997817955186
Worst worst worst app ever...tried 10 times uninstall it as well but couldnt get the food code didnt send the code a single time. Useless,foodpanda_reviews.csv,1,negative,negative,0.9984111971240528
Time and money saver ...overall good. but now a days we cant book the cab that easy it consumes lots of time,grab_reviews.csv,4,positive,negative,0.6178958840876231
Best em best,foodpanda_reviews.csv,5,positive,positive,0.9999794144441142
Cool! I can pay using Gcash!,foodpanda_reviews.csv,5,positive,positive,0.9770407899163424
"Terrible service, the food ordered was disgusting, it was raw and uncooked, I would have given rating in negative if there was an option. Will never buy from Food panda, recommend the same.",foodpanda_reviews.csv,1,negative,negative,0.9999713178842663
"DON'T EVER USE THIS APP. Promo codes are useless, if you even try to use them, the restaurants will cancel your orders even if your bill is still above the minimum order. It also locates restos near me but when you order it will say ""Your location is out of delivery area"".",foodpanda_reviews.csv,1,neutral,negative,0.9984575784784673
I don't like it in Indonesia where I can't use credit cards anymore but forced to use OVO!!!,grab_reviews.csv,3,negative,negative,0.9804551153951887
"Saya merasa aman dalam perjalanan bersama GRAB. Apalagi saya sering pulang malam... bagi seorang wanita meski sudah ibu-ibu..pulang malam sendirian tentunya harus waspada.. harus mencari transportasi yang aman, yang memberi perlindungan penuh buat penumpangnya dan tentu saja sudah dipercaya oleh banyak pelanggan. Itu menunjukkan dan membuktikan bahwa GRAP bisa dipercaya dan sudah terpercaya. Saya sangat senang dab puas dengan pelayanan GRAB.. Jangan berubah ya.. Semakin baik & TERBAIK.",grab_reviews.csv,5,neutral,neutral,0.9999999997819202
Haven't refunded my money for out of stock items.,foodpanda_reviews.csv,1,neutral,negative,0.9769466438276583
Fix your adress/mapping system.,foodpanda_reviews.csv,2,neutral,negative,0.853270253247278
Bodoh nak kata tak update dah update. Report pon tak guna. Bebal.,grab_reviews.csv,1,negative,neutral,0.9199664283054189
Require update every time want to use,grab_reviews.csv,1,neutral,negative,0.599657338285682
Dependable and always on time..,grab_reviews.csv,5,neutral,positive,0.576977828282871
Great to get food from the places you love. Very easy to use and I can track where my food is!,foodpanda_reviews.csv,5,positive,positive,0.9999889007718749
Cheap and great service 👍👍👍,grab_reviews.csv,5,positive,positive,0.999999940446914
Tak konsisten,foodpanda_reviews.csv,1,neutral,neutral,0.6057129970623011
Utk memberikan rate kpd driver cpt sekali hilang.,grab_reviews.csv,4,neutral,neutral,0.9997018801417784
Great deals especially if you subscribe to Panda Pro. Love it,foodpanda_reviews.csv,5,positive,positive,0.9828208020858311
"I ordered and waited for 2 hours using this app, sent messages multiple time while waiting for the delivery, someone replied at the end only to inform me that they have not got any order from me. Terrible app, there are bugs with ordering process and also with GPS",foodpanda_reviews.csv,5,negative,negative,0.9999413804928978
late delivery longer than 2 hours and cancel my order still late refund. so awful service with expensive services charge,foodpanda_reviews.csv,1,negative,negative,0.9999207954072936
Grabbike Helpfull,grab_reviews.csv,5,neutral,positive,0.7568304207149364
Can't order any car nor bike,grab_reviews.csv,1,neutral,neutral,0.5666458000976701
Best app of its kind for use here in sg,grab_reviews.csv,5,positive,positive,0.9997695993883964
Best app ever tried....every time delivéry is on time ...keep it up foodpanda team....,foodpanda_reviews.csv,5,positive,positive,0.9948751031295379
SOBRANG SAMA NIYO SA RIDERS NYO! #FOODPANDACANCELLED #OUSTFOODPANDA,foodpanda_reviews.csv,1,neutral,neutral,0.9503780204623816
gampang dipakai.. banyak promo juga,grab_reviews.csv,5,neutral,neutral,0.999758007337037
cant find my location. wrong address,foodpanda_reviews.csv,1,negative,negative,0.9709810059088929
This app is pakistan's uber eats it has all types traditional foods fast food and healthy food like subway,foodpanda_reviews.csv,5,positive,positive,0.9977406656452292
"Easy,simple,good app",foodpanda_reviews.csv,5,positive,positive,0.9999340869998513
KO BH hu lo lo h Mk Mk,grab_reviews.csv,4,neutral,neutral,0.9686552758921237
Buu sampah,foodpanda_reviews.csv,1,neutral,neutral,0.9791658493635792
What's the update on my concern? (65894085),grab_reviews.csv,1,neutral,negative,0.7348886412888981
great follow up,grab_reviews.csv,5,positive,positive,0.7453258023828117
item bhi kam hain,foodpanda_reviews.csv,3,neutral,neutral,0.9592870462788842
The app is crashing n pay now tab is also not working in debit card option,foodpanda_reviews.csv,2,negative,negative,0.9848599583081644
its ridiculous it says drivers are busy 🙄and suddenly when i book again fare increased into 100 more wowww magic and still nobody answer,grab_reviews.csv,1,positive,negative,0.967432741436532
Its amazing !,foodpanda_reviews.csv,5,positive,positive,0.9986931277139314
Good service for availability everywhere,foodpanda_reviews.csv,5,positive,positive,0.9887184235369211
Happy for being on time of my delivery and most often abhead of time.. 👏👏👏,foodpanda_reviews.csv,5,positive,positive,0.9957660008288186
Good service provider overall,grab_reviews.csv,5,positive,positive,0.9866447249540712
the customer service agents blame us for receiving the wrong order. They didn't even help and they still blamed us. what the hell?,foodpanda_reviews.csv,1,negative,negative,0.9999683965128014
I think it's a best food delivery service in Bangladesh,foodpanda_reviews.csv,5,positive,positive,0.9996006470812933
Fast delivery and correct items delivered. Thanks,grab_reviews.csv,5,positive,positive,0.9961855919546808
Very good app.but paytm transaction fails sometime,foodpanda_reviews.csv,4,negative,negative,0.6387666699324317
Great 💖 The service is really nice and accurate...would suggest it 💖,foodpanda_reviews.csv,4,positive,positive,0.9999890289853955
I have orders 2 times food and receive on time but when I got my order of pizza the cheez was almost melted... So my pizza didn't not contain it's cheesiness...,foodpanda_reviews.csv,1,neutral,negative,0.9544745871729391
Never download it. Becoz this is fake app..,foodpanda_reviews.csv,1,negative,negative,0.9938956815702739
Bad customer service. Uninstalling.,foodpanda_reviews.csv,1,negative,negative,0.9995996218616217
nice app 😍,grab_reviews.csv,5,positive,positive,0.9999965080476874
"Hey dzolim kau, aku bayar grab bike 83rb, driver cuma dapat 65rb. Banyak Kali potongan mu. Nggak berkah perusahaan kau ni",grab_reviews.csv,2,neutral,neutral,0.9999957535127986
Tak boleh pakai app ni susah nak cri location bodoh buang masa seja guna app ni,grab_reviews.csv,1,negative,neutral,0.9983677405633914
"I'm ordering grabcar when the car is arrived why conventional taxi picking me up? I wanted private car to pickup me. I really don't want conventional taxi pickup me, because at the early order i choose grabcar not grabtaxi -_-",grab_reviews.csv,2,neutral,negative,0.7289114433526169
Sangat membantu konsumen,grab_reviews.csv,5,neutral,neutral,0.9982065819099463
Serious for this past 3 week.. Food Panda keeps rejecting my order.. Cant believe that starbuck or A&W out of stock in the middle of the day.. Try explain this.. Does your rider to lazy to accept order or what??,foodpanda_reviews.csv,2,negative,negative,0.996479039636414
"Sometimes it doesn't accept credit card, I hate that",grab_reviews.csv,1,negative,negative,0.9982021980810137
"what a life saver, coz there is many discount and subscription mode that I like it. I will use this for every one of my needs coz of that exist.",grab_reviews.csv,5,positive,positive,0.9794312280651483
banyak promo nya.. menyenangkan..,grab_reviews.csv,5,neutral,neutral,0.9998433585056651
"what a lousy app which do not update immediately for promo code, wasting time to use app to order food",foodpanda_reviews.csv,1,negative,negative,0.9141190192588703
can't set my location,grab_reviews.csv,1,neutral,neutral,0.5622187086866693
easy tonorder and so many discount,foodpanda_reviews.csv,5,positive,positive,0.9983158302596696
"semua praktis, tinggal pakai Grab",grab_reviews.csv,5,neutral,neutral,0.9997442517775434
"Grabfood for food services are bad, out of the blue you're cancelled my ordered 😠",grab_reviews.csv,1,negative,negative,0.9855001648660564
great. hotel wood 7296 terbaik di semarang,grab_reviews.csv,5,positive,neutral,0.8106226490854421
Pathetic service 🤬🤬🤬 they have deliver melted ice cream twice in my order and we're reported on this matter in minutes after receiving then even though they didn't change the product or refunded my amount .. 😞😕I urge people to order from krave mart as they delivered ur order in icebox if cold and in a very civilized way .. don't order from them .,foodpanda_reviews.csv,1,negative,negative,0.9999996133997407
2x kena masalah di grabfood payah bgt. ga ngerti sama sekali deh.,grab_reviews.csv,1,neutral,neutral,0.9999933683482052
Gabisa bayar pake ovo point,grab_reviews.csv,1,neutral,neutral,0.9979137153303542
knows shortcuts for me to get faster to my destination,grab_reviews.csv,5,neutral,positive,0.5498194252734123
Worst service. Multiple orders taken by the driver resulting to cold food and lapse meal.,foodpanda_reviews.csv,1,negative,negative,0.9980583552870996
app ny knp trouble di versi baru ya.. gak bisa update ke last version Samsung J7 prime,grab_reviews.csv,1,negative,neutral,0.9994758896075012
Very 👌 app.......but very few restaurants...😠,foodpanda_reviews.csv,5,negative,negative,0.9915097262058731
idiiot kl ngasi harga mikir dikit la,grab_reviews.csv,1,neutral,neutral,0.99132484982075
Berangkat ke kantor gak terlambat lagi karena bisa nyelip di sela kemacetan. Bisa lewat jalan yg gak di lalaui angkutan umum atau busway.,grab_reviews.csv,5,neutral,neutral,0.9999978423696774
Best app ever.!,foodpanda_reviews.csv,5,positive,positive,0.9999516539844377
food app it is an examole to get foodin discount,foodpanda_reviews.csv,5,neutral,positive,0.8769287737227613
Tabahi app hai bs koi voucher kara doo food panda plzz,foodpanda_reviews.csv,5,neutral,neutral,0.8722465316027783
Best app for ordering foods! And the riders are the best when it comes in delivering your orders! Two thumbs up guys! Keep it up👍,foodpanda_reviews.csv,5,positive,positive,0.9999921489309536
😇😇😇❤️❤️❤️,foodpanda_reviews.csv,5,positive,positive,0.9999998414549635
"Hard to navigate. Worst of all, the updates took up too much space and without the updates I wasn't even allowed to use the app.",grab_reviews.csv,1,negative,negative,0.997139657982405
The apps is good. And the price to used this service is the cheapest one ^^,grab_reviews.csv,5,positive,positive,0.9940186872310782
Membantu banget,grab_reviews.csv,5,neutral,neutral,0.8861270976263474
"its very good app,",grab_reviews.csv,5,positive,positive,0.9996499262724782
can't use advance booking 😤,grab_reviews.csv,1,neutral,negative,0.6108433556282599
good app..very helpful but sometimes doesn't work😣😣,foodpanda_reviews.csv,5,negative,positive,0.5757301845614793
i love in grab travelling,grab_reviews.csv,5,positive,positive,0.9978350794810011
"Great app for ordering, very easy and simple to understand",foodpanda_reviews.csv,5,positive,positive,0.9999991186891368
I hated This,grab_reviews.csv,1,negative,negative,0.8952221606524995
Excilent apps for meal,foodpanda_reviews.csv,5,neutral,positive,0.8353539809028101
Hotel did not confirm the order and foodpanda did not refund money also,foodpanda_reviews.csv,1,neutral,negative,0.9951328400163636
"Tambahkan peraturan untuk driver wajib membawa uang receh, biar gampang buat kembalian",grab_reviews.csv,4,neutral,neutral,0.9999684367880759
I updated this app but its not show the Grocery Category,foodpanda_reviews.csv,3,neutral,neutral,0.7317122745701001
"After top up money gone. Transection even capture in garb app but the amount still remain the same. Please use with caution, grab no longer as good as it used to be. Force you to subscribe to get the promo which was free last time and limit the city. If you travel alot, you are scwred.",grab_reviews.csv,1,positive,negative,0.8401129979972343
They do fraud. Rider took the cash for change and didn't come to return money back. Food panda representative are doing farud with customers. They are useless. Fraudulent. Be aware don't give them money.,foodpanda_reviews.csv,1,negative,negative,0.9991848850928169
GPS is not very good,grab_reviews.csv,4,negative,negative,0.9913511884013017
Very bad grab..no good using dis app,grab_reviews.csv,1,negative,negative,0.9990359894643732
The restaurants are very selective on taste angry quality,foodpanda_reviews.csv,5,negative,negative,0.9361667438370067
"App was working fine but keeps crashing today. Of all days, when I wanted to redeem my points for F&B",grab_reviews.csv,1,neutral,negative,0.8736000538383257
The worst apps ever,foodpanda_reviews.csv,1,negative,negative,0.9999041202345769
Your are the Worst ever in food delivery app. Your driver could not find my location because your pin drops always in the wrong place! Your customer service is also BIG LIAR. I answered your call but reported me as did not answer!! My order was not deliver & your customer service said it is my issue. Cannot be refund. Banning you forever!!!,foodpanda_reviews.csv,1,neutral,negative,0.9999843438981523
I couldn't sign in!!,grab_reviews.csv,1,neutral,negative,0.7840293825961414
"Best app, hassle free service! Keep up!",grab_reviews.csv,5,positive,positive,0.999988273059211
Không tôn trọng chủ quyền biển đảo của Việt Nam! Đề nghị Grab cuốn gói ra khỏi Việt Nam! Không tiễn!,grab_reviews.csv,1,neutral,neutral,0.9999978208796574
great and easy user,foodpanda_reviews.csv,5,positive,positive,0.9999927599652495
Cannot book anything on this app. Very slow and takes an hour to load. Heavy memory mobile games run faster than grab. Everything is too expensive for a crappy app.,grab_reviews.csv,1,negative,negative,0.9928126384948107
This app is great! No issues so far.,grab_reviews.csv,5,positive,positive,0.9505459242055935
Bad experience... Estimated delivery time is just a fraud... It keeps updating and nothing happens within the time... At last you will get cold and bad food... No check and balance from Foodpanda authority.,foodpanda_reviews.csv,1,negative,negative,0.9998175994971409
Very useless app i want to add my location and it doesn't add and doesn't open why?????,foodpanda_reviews.csv,1,negative,negative,0.9980330592869429
Excellent food service,foodpanda_reviews.csv,5,positive,positive,0.9992077067863673
Very difficult now to book grab car rides,grab_reviews.csv,1,negative,negative,0.9952650682535915
Why did you remove 7-11 for cash in option? Now it's sucks,grab_reviews.csv,3,negative,negative,0.9150550358968687
Please dont opt for it..my sincere request esp if u r hungry. Because it will never get delivered and u may die hungry .even wen u call cu care dey will never care u n put u on hold for long time and its not a toll free number,foodpanda_reviews.csv,1,positive,negative,0.9985309428550995
"After the last update my app doesn't find me any restaurants, it works only if i reinstall the app, and then after a few days again the same bug, another reinstall. Except that, all good. Update: works fine now. Tyvm!",foodpanda_reviews.csv,5,positive,negative,0.9898184650217705
Got promo code,foodpanda_reviews.csv,5,neutral,neutral,0.5829512775959851
Services are getting from bad to worse. Waiting time for food delivery is horrible. Grab fares are also increasing.,grab_reviews.csv,1,negative,negative,0.9994357846179942
Pleaseeee....low the fee thats need to pay because sometimes its was very expensive,grab_reviews.csv,3,negative,negative,0.9824886213517499
Maglagay na kayo grab food sa Meycauayan,grab_reviews.csv,4,neutral,neutral,0.9613230998915312
I book a standard taxi driver gave me recipt ar $17 but charge me $20,grab_reviews.csv,1,neutral,negative,0.7570517238893563
"After upgrade the App sucks. Unable to process payment cards, unable to manage card glitches at every stage of order",foodpanda_reviews.csv,1,negative,negative,0.9940203948105388
always on-time or reach faster. Way better than deliver eat !!,foodpanda_reviews.csv,5,positive,positive,0.9833443421145112
Cheaper compared to Grab,foodpanda_reviews.csv,5,neutral,positive,0.8372307570702029
Nice app😋😋😋👍,foodpanda_reviews.csv,5,positive,positive,0.9993159702471082
Your riders are people.,foodpanda_reviews.csv,1,neutral,negative,0.5421560841553844
Bad update can't opening at all taking too much time,foodpanda_reviews.csv,1,negative,negative,0.978288491311893
Costumer service sucks! Refund for wrong items are non existent.. so disapointed,foodpanda_reviews.csv,1,negative,negative,0.999806801313037
Masih bs diandalkan,grab_reviews.csv,5,neutral,neutral,0.9962364747240497
LAV U 3000 GRAB,grab_reviews.csv,5,neutral,neutral,0.5326525453333839
Best one app,foodpanda_reviews.csv,3,positive,positive,0.9992051928997289
"Pandamart order selalu tak cukup, lepastu boleh pula adjust harga ikut yang ditolak dr kad(harga jadi mahal sebelumnya)takda notification pun bgtau item tu out stock & akan refund👎",foodpanda_reviews.csv,1,negative,neutral,0.9999686151804437
It's so beautiful,foodpanda_reviews.csv,5,positive,positive,0.6916315831309597
Kurang banyak promo,grab_reviews.csv,4,neutral,neutral,0.9947451186226671
"best,simple",foodpanda_reviews.csv,5,positive,positive,0.9999239999688697
I like this app because i can go anywhere with the car and the price is good too.,grab_reviews.csv,5,positive,positive,0.9988643510414231
Thank you foodpanda😊👍,foodpanda_reviews.csv,5,positive,positive,0.9999999872916447
"I think it is great , very useful when you need to rush home. Good luck.",grab_reviews.csv,4,positive,positive,0.999918841259172
Bad apps.Can't get refund and waste my time for waiting the order.Poor.,foodpanda_reviews.csv,1,negative,negative,0.9997518189964748
"Gua bayar pake kode jatimirit. Mustinya bayarnya 9k, eh malah di app driver kena 13k. Terus, saldo ovo saya kena sedot lagi. UNINSTALLLLLLLL !!!!!!!!!",grab_reviews.csv,1,neutral,neutral,0.9999912895641716
Its fast and easy,foodpanda_reviews.csv,5,positive,positive,0.9999875233099419
"SERVICE FOODPANDA TERUK TERUK TERUK TERUK TERUK. kedai buka, bila sudah order & buat payment, boleh pula kedai tutup. nak bayar duit customer punyalah payah, kena tunggu 14 hari. service foodpanda teruk, harga makanan mahal nak mampus.",foodpanda_reviews.csv,1,negative,neutral,0.9700142151083034
"What a terrible app!!! When I clicked place order, a message popped up telling me to review my order as there's a change in my total. Ok so after reviewing my order I went on to click place order. But the SAME message popped up again telling me to review my order!!! I can't even place my order at all!!! What a stupid app!!!",foodpanda_reviews.csv,1,negative,negative,0.9993211529833131
Dekhai ek dei r ek,foodpanda_reviews.csv,2,neutral,neutral,0.9858678464821694
veery good sarves,grab_reviews.csv,5,positive,positive,0.7403731169260775
Worst app. Everything i touch says not available in your area wth?,foodpanda_reviews.csv,1,negative,negative,0.9969284096822919
Good app and great discounts,foodpanda_reviews.csv,5,positive,positive,0.9999960920226036
deserves,foodpanda_reviews.csv,4,neutral,neutral,0.5065442369726196
Sadly. Not available at night,foodpanda_reviews.csv,4,negative,negative,0.96418101402132
This new update about face scan is literally troubled me because I cant verify it using my phone....pls fix it,grab_reviews.csv,1,negative,negative,0.9966770252356126
Cancel order has been removed. My orders are always late. I lost my patience,foodpanda_reviews.csv,1,negative,negative,0.9902003501187396
excellant service..never encountered any problem...tq..,grab_reviews.csv,5,neutral,positive,0.8173357956197583
Seringnya promo gak bisa dpake padahal kodenya sesuai,grab_reviews.csv,3,neutral,neutral,0.9999677711240594
"UPDATE: for some reason,they permanently disable my account to pay COD, though mostly I prefer online payment but this is still unfair If theres any problem with my order their customers support has always been very helpful. They will immediately refund or will give voucher and sometimes will give more. Great improvement as ive been using food panda for long now.",foodpanda_reviews.csv,1,positive,negative,0.9663013037366076
"Tanks food panda.,this app is nice 😍😍😍😊😊😊",foodpanda_reviews.csv,5,positive,positive,0.9999999998314024
Always having issue with card payments. Worst experience of card payments,foodpanda_reviews.csv,2,negative,negative,0.9325157272999568
Worst service provider for both users and vendors.. will never used it..,foodpanda_reviews.csv,1,negative,negative,0.9901238822890999
Why are you charging extra from original price as well as delivery fees. Why there is difference in quantity from ordering through foodpanda. 70% off is written but in reality 0% off.,foodpanda_reviews.csv,1,neutral,negative,0.9756366895709584
Day by day getting worst,grab_reviews.csv,1,negative,negative,0.9965448319826972
"Grab gps not working well, i could no longer find any driver.... While uber app has no issues....",grab_reviews.csv,2,negative,negative,0.9975290457304375
seriously? grabfood jarak 1km kena ongkir 8ribu? jarang 4km kena ongkir 6rb?? ini maksudnya apaan lagi sih??,grab_reviews.csv,1,negative,neutral,0.9999734465595853
Gooooood!!,foodpanda_reviews.csv,5,positive,positive,0.9975059056236635
heng mulu tiap dibuka. restart2 terus balik ke awal kyk baru buka. jd nggak bisa pake. dulu jg perna gini tp begitu update uda aman. skrg update malah balik gitu lg,grab_reviews.csv,1,neutral,neutral,0.9999998897368191
Sudah berapa kali di update tapi masih aja gagal Dan akhirnya aku gk bisa pesan taksi sungguh meyedihkan😤😤😤😤,grab_reviews.csv,1,neutral,neutral,0.9998711280538757
"Grab foodnya pada males ambil order pada gamau nerima order ,sampah dasar",grab_reviews.csv,1,neutral,neutral,0.9999687740014976
Senang & prefer lagi food panda sebab boleh cash,foodpanda_reviews.csv,4,neutral,neutral,0.962118889884968
The pin location is not good enough,foodpanda_reviews.csv,4,negative,negative,0.9901835849595246
Good working apps🥰The riders is Nice and very Humble,foodpanda_reviews.csv,5,positive,positive,0.9999994608857637
Its a good app but is sad 300 reshied,foodpanda_reviews.csv,3,negative,negative,0.5310653394421746
"Alot of food choices, but delivery time sometimes is way too long. i would give 5 if delivery time can get better.",foodpanda_reviews.csv,4,positive,positive,0.8586899781470908
Grab are punctual and cheaper.,grab_reviews.csv,5,neutral,positive,0.8480231017447808
bad ux design,grab_reviews.csv,1,negative,negative,0.9422203401496521
Excellent fr a fat foodie like me :),foodpanda_reviews.csv,5,positive,positive,0.9997391263285281
"i can't do multiple grabfood orders with the new app!!! and everytime i order grabfood, i have to re-key my unit number again. The system will not autosave my unit number... Pls do something on app to make it user friendly.",grab_reviews.csv,1,positive,negative,0.7445597471112824
"Ordered food was not delivered to the right address, but was notified as Order Received.",foodpanda_reviews.csv,1,neutral,negative,0.9851827592851432
Good Deal!,grab_reviews.csv,4,positive,positive,0.997133388835731
I used once the Grab . Now I can't coz last time I book the grab while emergency and driver was late .I lifted coz of emergency now I can't install the grab and idint see any help from grab so I disappoint now I m not using it.,grab_reviews.csv,1,negative,negative,0.9909953379586605
Good service for this generation,grab_reviews.csv,5,positive,positive,0.9795733418745483
uh well it's good i guess,grab_reviews.csv,3,positive,positive,0.959791054295154
GAK ADA PROMO LAGI UNTUK YG GA PAKAI OVO CKCK,grab_reviews.csv,1,neutral,neutral,0.9999861910032353
"keren, bantu banget, semoga tetep jaga kredibilitas",grab_reviews.csv,5,neutral,neutral,0.9999005354601697
great apps..helpful...,foodpanda_reviews.csv,4,positive,positive,0.9999599251804241
It's good services,grab_reviews.csv,5,positive,positive,0.9990238061261902
Payah dah grab. Jadi harus saya uninstall,grab_reviews.csv,1,neutral,neutral,0.9994571696168217
easy to use and accruate navigator,grab_reviews.csv,5,positive,positive,0.9999228463746611
When I use this apps ut really make me feel easy to go anywhere that I like at town,grab_reviews.csv,5,positive,positive,0.9991884940196787
"NO MORE ""No cancellation promise, Grab points +100"" from grab, and no where for enquiry and feedback",grab_reviews.csv,3,negative,negative,0.9945654418396344
Very useful....it helps feed pwd and senior citizen who can not go out.,foodpanda_reviews.csv,4,positive,positive,0.9824601077242593
"App yg bagus dan banyak kegunaannya dari segi order makan ,shopping,and transport semua ade dalam1 app sahaja .mudah dan pantas",grab_reviews.csv,5,positive,neutral,0.9939516288196389
Easy way to order from your favourite place.,foodpanda_reviews.csv,5,positive,positive,0.9992095219981129
very convenient to use and make my life easier.,grab_reviews.csv,5,positive,positive,0.9903922386982577
Suer app,foodpanda_reviews.csv,5,neutral,positive,0.4087283875435075
"Horrible app. Could not locate my address in chennai ... All other apps work fine ... Domino's, just eat etc all identify my place ... For some reason, this does not ... On top of it the tie ups are even worse ... I ordered food via Wang's kitchen and made an online payment ... The restaurant refused to deliver the food after 1.5 hours of waiting and I never got any refund ... Disgusted by FoodPanda .....",foodpanda_reviews.csv,1,negative,negative,0.9999845961330976
"Does what it says on the tin, could do with more restaurants but that'll come with time I guess",foodpanda_reviews.csv,5,neutral,neutral,0.4009148517426242
Amar to foodpanda bhaloi lage,foodpanda_reviews.csv,4,neutral,neutral,0.7739169689100676
"Very bad at retrieving location, can't retrieve my location",foodpanda_reviews.csv,2,negative,negative,0.9932981190173662
This app is fantastic and fast delivery i enjoyed this app,foodpanda_reviews.csv,5,positive,positive,0.9999954315388397
Riders are thugs,foodpanda_reviews.csv,2,neutral,negative,0.4874627645154816
Best food ordering app!,foodpanda_reviews.csv,5,positive,positive,0.99995629393325
Everything is good except for the OVO top up can't be done by single click debited from BCA account like Gopay did.,grab_reviews.csv,5,positive,positive,0.544368155063791
suddipjpo,grab_reviews.csv,4,neutral,neutral,0.4723704614268405
i like it. easy to use.seamless. sometimes it is cheaper than buy at counter.,foodpanda_reviews.csv,5,positive,positive,0.9990354300708857
Tcs for 3,foodpanda_reviews.csv,4,neutral,positive,0.383839159546085
Customer service is really bad.. they deliver me half products.. and then jb mene complain tou unho ne mjhe mre missing products k amount dyne ae inkar krdia.. bad experience.. Pandmart,foodpanda_reviews.csv,2,negative,negative,0.9998466181837037
In one word 'awesome' 😎,foodpanda_reviews.csv,5,positive,positive,0.9999993582018404
Really easy to use....would prefer KFC to be added though....,foodpanda_reviews.csv,5,positive,positive,0.9938909207367103
I love this app even though I have not downloaded it right now. Reason I don't know. I feel emotional when I hear or watch this ad. Truth and faithfulness is observed. Seems like one of the top apps. I hope this should be a super hit app,foodpanda_reviews.csv,5,positive,positive,0.6168854117446972
I think GRABCAR is awesome.,grab_reviews.csv,5,positive,positive,0.990917655006639
Good as delivery,foodpanda_reviews.csv,5,positive,positive,0.9839914606052413
Food Panda ads are very annoying,foodpanda_reviews.csv,1,negative,negative,0.9984011005117474
"A really good app for various services like transportation, food, etc. Thanks!",grab_reviews.csv,5,positive,positive,0.9999684166773671
"ADD GCASH AS PAYING OPTION PLEASE Edit: okay, so gcash was added. Now, give me vouchers plz.",foodpanda_reviews.csv,3,positive,negative,0.41897531298785284
DISSAPPOINTING,foodpanda_reviews.csv,1,negative,negative,0.9994841438062056
NAKAKAINIS yung mga driver nyo na walang modo ampanget ng services nyo di ako natutuwa😡😡😡,foodpanda_reviews.csv,1,negative,neutral,0.6605811276013336
I'm in learn about it,grab_reviews.csv,4,neutral,negative,0.7104725479992399
ทำไมแอดมิน Twitter account ถึงใช้คำว่า ก่อการร้าย?,foodpanda_reviews.csv,1,neutral,negative,0.8076736704043551
asik apk,grab_reviews.csv,5,neutral,neutral,0.9668168535167889
Enak bgt pake grab 😍😍,grab_reviews.csv,5,positive,positive,0.7376420436141288
Omg can't install Grab transport omg,grab_reviews.csv,1,neutral,negative,0.4376134643005295
Haroon Bhai,foodpanda_reviews.csv,1,neutral,neutral,0.987082684517786
TERRIBLE CUSTOMER SERVICE TERRIBLE RIDERS TERRIBLE APP!!! Grabe ang foodpanda na 'to!! Wala naman dumating na order pero may siningil pa din ako!! Walang kwenta. Not recommending this!,foodpanda_reviews.csv,1,negative,negative,0.9532852018092114
"Good apps. But the Estimate Arrival Time is not accurate, please improve on this.",grab_reviews.csv,5,negative,negative,0.953661684639146
Grab pay not working. Disappointing!!!!!,grab_reviews.csv,2,negative,negative,0.9999893774744232
"SAMA CUSTOMER MILIH2 KONTOL, MASA OVO POINT GUA GA BISA DI PAKE & KALAU ADA PROMO AKUN GUA GA BISA PAKE VOUCHER TSB. USELESS!!!",grab_reviews.csv,1,negative,neutral,0.9999344537815696
Nice and good apps. Even though not so many promo like before ⭐⭐⭐⭐👍,grab_reviews.csv,4,positive,positive,0.9737321505040617
Aplikasi sering lamban. G tau karna apa. Padahal jaringan sy stabil,grab_reviews.csv,4,neutral,neutral,0.9997636793777448
This is great! Thank You GRAB! i can now buy digital goods overseas using GrabPay Card! Yey! WoooHoooo Lets go! ⭐⭐⭐⭐⭐,grab_reviews.csv,5,positive,positive,0.8613101541775331
This app is very useless.,foodpanda_reviews.csv,1,negative,negative,0.9386620078013895
Fast and quick delivery 😊,foodpanda_reviews.csv,5,positive,positive,0.9999999918945406
I just hate the driver 😠,grab_reviews.csv,1,negative,negative,0.9998503805759348
Foodpanda food ordering very good..But customer service is the worst in the world.. cannot get my money back since 6 month ago.. 1 star,foodpanda_reviews.csv,1,negative,negative,0.9940958193201848
Brilliant Food,foodpanda_reviews.csv,5,neutral,positive,0.5866526765857754
They are a bunch of crooks and fraudsters they dont make a refund for missing items all they have is just apology..There agents are all fraudsters...Foodpanda Pakistan u guys are fraud.,foodpanda_reviews.csv,1,negative,negative,0.9997845660063945
Wth happen to this apps. How come some of the shop that i used to order cannot send to my address???? Did you guys make the circle even more small? Hard for me to lrder woth only some limited location. This sucks. This apps is getting worse.,foodpanda_reviews.csv,1,negative,negative,0.9995731817763421
This is the first time I have ordered through your app. Appreciate quick delivery. Keep it up.,foodpanda_reviews.csv,4,positive,positive,0.9566064994463486
Excellent and Effecient,foodpanda_reviews.csv,4,positive,positive,0.9998353746447349
Penyelamat,grab_reviews.csv,5,neutral,neutral,0.816531572328339
suxh a ridiculous app....which only bother u....😡😡😡😡😡💔💔💔,foodpanda_reviews.csv,1,negative,negative,0.9999995055401399
so enjoy recomend ko to hehe,foodpanda_reviews.csv,5,positive,positive,0.9893048015072972
Not good for delivery charges,foodpanda_reviews.csv,1,negative,negative,0.9931617916649091
"Shows 70% discount but inside it's no discount and also time is almost always delay, what ever the tine shows but when you place the order the delivery time is extended",foodpanda_reviews.csv,1,neutral,negative,0.9951087996005531
Such nice,foodpanda_reviews.csv,5,positive,positive,0.980545955779151
best interface,grab_reviews.csv,5,positive,positive,0.9991219808674945
So bad i am tired of ads 500 ads come in a day 👎👎👎👎👎👎👎👎👎👎👎👎👎👎👎,foodpanda_reviews.csv,1,negative,negative,0.9999818818813676
"Been third times that grab driver get the wrongly address which is my addresd and he go nearby in my place and keep rounding it and the worst thing he asked me a penalty of 4$ reason he keep waiting, but its your GPS tracking how could i able to give a wrong address of mine so i keep discussing to the grab that its not my fault its your GPS Fix it for better service Thank you",grab_reviews.csv,3,positive,negative,0.9873259401985075
Hospott Make HABIS BABI 😞😞😳😩😭😭,foodpanda_reviews.csv,3,negative,negative,0.9999394435316776
Got blocked for no reason. Very disappointed. Support does not react. Imagine you wait in the night outside but cannot order taxi.,grab_reviews.csv,1,neutral,negative,0.9997241821941948
This is best app for food delivery. Ti is best for us,foodpanda_reviews.csv,5,positive,positive,0.999999046764088
But it sucks when comes ordering foods,grab_reviews.csv,1,negative,negative,0.9630234927649912
I was in the middle of giving a bad review for the restaurant due to poor timeliness and suddenly the apps got problem and the review section are dissapear. Im angry with the restaurant and now im angry with this apps 🤬,foodpanda_reviews.csv,2,negative,negative,0.9998906516443415
"Been trying to access the app since this morning but it always says ""cannot connect to server."" 👎",grab_reviews.csv,1,negative,negative,0.9766342636451318
"Aplikasinya bagus, attitude drivernya jauh dibawah kalo dibanding saingannya. Driver gak bisa baca map, nyetir ndut2an, polisi tidur dihajar dll.",grab_reviews.csv,5,positive,neutral,0.9999719804109144
Great experience to use it ♥️,foodpanda_reviews.csv,5,positive,positive,0.9984351472967609
It's not working properly quite annoying,foodpanda_reviews.csv,1,negative,negative,0.9999940251401405
Enakan gojek,grab_reviews.csv,1,neutral,neutral,0.9939345932527771
Imi da eroare si nu ma lasa sa comand,foodpanda_reviews.csv,5,neutral,neutral,0.9976104240548141
what is wrong with your app today?,grab_reviews.csv,1,negative,negative,0.9997851756669797
"good app, good vouchers love this app",foodpanda_reviews.csv,5,positive,positive,0.9999938166987223
Very easy to used this app,foodpanda_reviews.csv,5,positive,positive,0.9999483472671259
Best services and restaurants can now be availed at a touch of a button 😍,foodpanda_reviews.csv,5,positive,positive,0.9981119443703699
Nice without any tension without go anywhere all food enjoy at your home 🏠,foodpanda_reviews.csv,5,positive,positive,0.9928277791653212
"Unreliable company. Happened more than once where they cancel my order after making me wait way past the initial promised time, and then say I'll get a refund without stating a definite date. When asked about it later, they'll just say it was refunded without any proof or details such as date as to when that happened. They collect money upfront with a 30% margin, this the best they can do?",foodpanda_reviews.csv,1,positive,negative,0.9995871176287574
I personally uninstall this app ... waste money ... dikhty kuch daite kuch bad experience,foodpanda_reviews.csv,1,negative,negative,0.9878473105907833
Very useful. All drivers are kind and patient.,grab_reviews.csv,5,positive,positive,0.999081439737835
"my last purchase was so bad, rider very rude, wouldn't recommend to my friends and family",foodpanda_reviews.csv,1,negative,negative,0.99967074052044
Nice 👍 apps,foodpanda_reviews.csv,5,positive,positive,0.9999734924778165
For Grab Indonesia : Aplikasinya bagus tetapi untuk layanan Grab Food masih harus diperbaiki. Banyak driver yang suka minta cancle karena alasan kurang jelas.,grab_reviews.csv,4,neutral,neutral,0.9999994539871934
Sana dagdagan pa ng mga merchant and photo ng mga binebentang food,foodpanda_reviews.csv,4,neutral,neutral,0.9495236488612288
App sucks! Agents sucks!,foodpanda_reviews.csv,1,negative,negative,0.9997138317089543
So far so good. Good job,grab_reviews.csv,5,positive,positive,0.9999990838366917
"Promonya buset ga abis abiiisss, bakar teruussss",grab_reviews.csv,5,neutral,neutral,0.999183149016551
"Sometimes you would meet friendly people and sometimes it would have an awkward atmosphere but in the end when in jam, just use grab instead of uber",grab_reviews.csv,5,neutral,negative,0.5973806025797843
can't reach an agent for my concern,foodpanda_reviews.csv,1,neutral,negative,0.9860662203860687
Maybe it would be nice if you can add a call the rider option so that we could speak to him.through phone call cause sometimes other riders tend to not get the instructions properly... And hopefully you can expand your shops choices thanks,foodpanda_reviews.csv,3,positive,positive,0.9929419468747733
"can dont ask again ""use this location"" ???",grab_reviews.csv,3,neutral,negative,0.9286836907180237
i think this is not a good app. it is very difficult to find foods or item.,foodpanda_reviews.csv,2,negative,negative,0.9997146899339141
Extremely bad service.,foodpanda_reviews.csv,1,negative,negative,0.9994277157123511
Update: warning do not patronized the force online payment Overprice and worst damage goods. Still forced to pay online payment only to get scammed typical im not going to install this i rather choose different app,foodpanda_reviews.csv,1,negative,negative,0.9985988587417431
Why i cannot order food via grabfood??,grab_reviews.csv,3,neutral,neutral,0.6141369302179683
"Terpaksa saya uninstal, krn tdk bisa log in. Padahal sdh terdaftar lama... payah, mending pakai aplikasi transportasi yg lain.",grab_reviews.csv,1,neutral,neutral,0.9999987585276561
tagal mag download tanginahdiqms,grab_reviews.csv,1,neutral,neutral,0.9855372795665381
it's good apps for food,foodpanda_reviews.csv,5,positive,positive,0.9998324024567187
Updateeeeeee memanjangggg menyampah aku,foodpanda_reviews.csv,1,negative,neutral,0.6357652024145791
Interface is easy to navigate ...,foodpanda_reviews.csv,4,positive,positive,0.9999152839835771
PKP nie memang app nie membantu sangat2 ketika lapauuu....,foodpanda_reviews.csv,5,neutral,neutral,0.9965462818404228
"Never order from this app... Worst service ever, , , waited for my order 2 hours and no body takes action, worst worst service ever.. Never going to order from this stupi. App.",foodpanda_reviews.csv,1,negative,negative,0.9999977568604811
Best approach,foodpanda_reviews.csv,4,positive,positive,0.9965980712790568
My fav app in the world. I'm sure I am their best customer. Love foodpanda!!,foodpanda_reviews.csv,5,positive,positive,0.9992520127748203
Fablisistic,foodpanda_reviews.csv,5,neutral,positive,0.4698149263565281
why no cash on delivery😡,foodpanda_reviews.csv,4,negative,negative,0.5272183707509616
แอพสลิ่ม ลบแล้ว ให้ 1 ดาวพอครับ,foodpanda_reviews.csv,1,neutral,neutral,0.41944290113117993
Grab drivers are rude and don't even wait 5 minutes leaving you to pay an RM3 ringgit penalty fee. Twice I came outside only to see my driver driving away as soon as I am there. Also food delivery guys can't even call me to deliver my food and instead I am stuck with a refund and an empty stomach.,grab_reviews.csv,1,negative,negative,0.9997932357076578
pin location not working,grab_reviews.csv,1,negative,negative,0.9972923500506606
Bad application .,foodpanda_reviews.csv,1,negative,negative,0.989533158596655
Great I love this app thanks for great job this app very helpful n the drivers it's very friendly n polite.,grab_reviews.csv,5,positive,positive,0.9999999982823056
bisa kemana mana dengan dana budget,grab_reviews.csv,5,neutral,neutral,0.99777504394205
Easy&great apps,grab_reviews.csv,5,positive,positive,0.9999713452388018
"recomended banget..beli makanan di grabfood bayarnya pake ovo, discount nya ga kapok²..mantul..",grab_reviews.csv,5,neutral,neutral,0.9999742999594247
Best way to get around in Vietnam,grab_reviews.csv,5,positive,positive,0.9998585429353887
"When using Grab Credits, I'd appreciate it more if the final amount (amount after a promocode is applied) will be factored, not just the whole amount without promo. With this, we can utilize the Grab Credits more. Thanks!",grab_reviews.csv,4,positive,negative,0.8825664939362294
Bahut Achcha hai,foodpanda_reviews.csv,5,neutral,neutral,0.8864645223491406
Outstanding app. A lot of income for the owners of the app. :),grab_reviews.csv,5,positive,positive,0.9560677010480765
No way to report a late order. Or to cancel or change an order even when it is cancelled/changed within a few minutes of placing it. Very poor service overall.,foodpanda_reviews.csv,1,negative,negative,0.9999252272867831
Hope more restaurants can participate,grab_reviews.csv,4,positive,positive,0.9806379369695418
No support and apps doesn't work.,foodpanda_reviews.csv,1,negative,negative,0.9971917542122833
kya bat hai jnb,foodpanda_reviews.csv,5,neutral,neutral,0.8735895406944657
Sobrang Gandang Apps. Walang Hassle sa pag bili ng Pagkain at paborito kong Milktea,foodpanda_reviews.csv,5,neutral,neutral,0.9895050730353052
It's an annoying app because its advertising everywhere 😡😡,foodpanda_reviews.csv,1,negative,negative,0.9985681978963352
Cant push thru with my order.,foodpanda_reviews.csv,1,neutral,negative,0.5564214392411533
Very good kc mabilis ang delivery hindi ko lang nagustuhan ang ang service ng rider na ngdeliver saakin kc first transaction ko pa nmn ito sa food panda,foodpanda_reviews.csv,5,positive,neutral,0.9989157750413494
Its too good ❤️❤️❤️,foodpanda_reviews.csv,5,positive,positive,0.9999991077073818
Very good app to eat food in discounts😊😊😋😋,foodpanda_reviews.csv,5,positive,positive,0.9999999777234623
Easy and reliable app,foodpanda_reviews.csv,4,positive,positive,0.9977980567041794
Pathetic app. Dont give you real time info and cancels order after the time of delivery is passed. Pathetic and unprofessional. Never using it again..,foodpanda_reviews.csv,5,negative,negative,0.9999928017524138
Great experience.. Pakistan is progressing <3,foodpanda_reviews.csv,5,positive,positive,0.9871443458574649
"The Worst Monopoly Company. Order wrong food , give wrong auto address on grabfood, request cancel via customer support instantly. System auto replies fast, it solve nothing . 30 minutes press more then 20 times for cancel, in the end food ready and i cannot cancel. food end up at the wrong place. No customer support follow up and no section allow me to submit the complain. The day end up with HANGER and DISSAPOINTMENT. WORST EXPERINCES EVER",grab_reviews.csv,1,negative,negative,0.9999992567840001
Nice and user friendly app to order food,foodpanda_reviews.csv,5,positive,positive,0.9999981672983463
The location of driver is not true. On one occasion I did not confirm the ride but the taxi reached my place and the driver called me and started shouting at me. I told him that I did not book for a taxi but he never listen..,grab_reviews.csv,1,neutral,negative,0.9892406690811995
So naice app,foodpanda_reviews.csv,5,neutral,positive,0.47999660130019395
Lovely Food App amoung others,foodpanda_reviews.csv,5,positive,positive,0.9966770989124658
It's not work.. M trying to check cart but it's not working,foodpanda_reviews.csv,1,negative,negative,0.9998215115098373
"easy, quick, good interface.",foodpanda_reviews.csv,5,positive,positive,0.9999262530369982
Less promotion code higher price n less service,grab_reviews.csv,3,neutral,negative,0.5803233601029736
very satisfied using this application,grab_reviews.csv,5,positive,positive,0.9990727172560742
It's a food app where you order food. What more can I say. I'd love to see more photos though from the menu. It should be required at least to post photos.,foodpanda_reviews.csv,5,positive,positive,0.7362708226786904
"I had an accident with the Grabbike and I already sent email and comment by the apps but there is no respond from Grab. This app and the service very awful! I recommend you to use GoJek or Uber, at least they responsible and respond the emails and bad comment.",grab_reviews.csv,1,negative,negative,0.9970297762449878
Good aplication ⭐⭐⭐⭐⭐,grab_reviews.csv,5,positive,neutral,0.5165688015184745
Sangat membantu untuk pulang kerumah,grab_reviews.csv,5,neutral,neutral,0.9990578162565464
i missed my bus just bcs of this stupid selfie..stop using that or use for once only..and the price also expensive 3 months ago i pay only rm5 now i pay for 8 for same destination!!and your driver so lazy never help me pick up my things just sit in the car after received my money!! fix this or your customer find the others much better than this,grab_reviews.csv,1,negative,negative,0.9975968148221274
There are so limited option and so much delivery boundaries its bee 2 years I'm trying to use this app but still unable to makea single order I am start thinking now that this app is a waste of storage in phone,foodpanda_reviews.csv,1,negative,negative,0.9875896436742043
great service! saves a lot of time in ordering food.,foodpanda_reviews.csv,5,positive,positive,0.9715686021410925
Great app everrrre,foodpanda_reviews.csv,5,positive,positive,0.9980537047809974
it is annoying because it keeps poping up,foodpanda_reviews.csv,5,negative,negative,0.9984840591666884
Sblm2 nie ok ja...tp skrg mcm to much la..sbb min top4 grab py dah jd rm50...plz la min rm20 pn dah ok...,grab_reviews.csv,3,positive,neutral,0.8919587191506205
"I can't claim the ePENJANA, It got stucked",grab_reviews.csv,1,neutral,negative,0.9896924755519427
"They always answer whenever I have order problems and will give vouchers if possible. Drivers are also courteous and the app itself is easy to navigate. Thanks, foodpanda!",foodpanda_reviews.csv,5,positive,positive,0.9989788194882002
Please fix your promo system. My promo was rejected twice already even though both driver and me got the promo tag confirmation but the fare was not properly deducted.,grab_reviews.csv,1,neutral,negative,0.8240410296909628
Ok la tapi tak Banyak kedai,foodpanda_reviews.csv,5,neutral,neutral,0.991262146197646
"Good driver, good n comfy ride",grab_reviews.csv,5,positive,positive,0.9996419163067399
"worst experiance, keep on increasing sale tax and delivery charges",foodpanda_reviews.csv,1,negative,negative,0.937296306430915
"Whenever book for grabcar, timing always wait more then 10mins. Out of like 7 trips i take to work, 6 trips , im always late for work.",grab_reviews.csv,3,positive,negative,0.8849819598967819
uo . Bogura,foodpanda_reviews.csv,4,neutral,neutral,0.4082048165408608
keep asking to update when i just update the app 😑,foodpanda_reviews.csv,1,neutral,neutral,0.7663338454224984
Diskon terus yaaa,grab_reviews.csv,5,neutral,neutral,0.9906860721413753
Good application to order good.,foodpanda_reviews.csv,5,positive,positive,0.9997523642835273
Jgn nafsu aja kntl,foodpanda_reviews.csv,1,neutral,neutral,0.9681732044015673
verry accomodating.,foodpanda_reviews.csv,5,neutral,positive,0.5139603448895108
Huge improvement in the past six months. Much much better - does exactly what it's supposed to with a great range of options. Very good.,foodpanda_reviews.csv,5,positive,positive,0.9830696145898381
There should be an option that users can change the order within five minutes.,foodpanda_reviews.csv,2,neutral,negative,0.5007003459298833
it was doing well before but lately it hasn't been working properly with the wifi only with my data. really disappointed with this.,grab_reviews.csv,1,negative,negative,0.9997289782718168
Just forget que's at restorants on weekends....order on foodpanda at home and enjoy life.... love you foodpanda.,foodpanda_reviews.csv,5,positive,positive,0.9992210968799636
percepat update perubahan hrg & menu masing2 outlet,grab_reviews.csv,4,neutral,neutral,0.9962863459427317
Behtreen Service ... Masha Allah,foodpanda_reviews.csv,5,neutral,neutral,0.6910516268735993
!😑 Bad bad bad !!!!!!!!!!,foodpanda_reviews.csv,1,negative,negative,0.9996692117090709
I cant send packages,grab_reviews.csv,1,neutral,negative,0.48193926893582373
Service is getting from bad to worst.,grab_reviews.csv,1,negative,negative,0.9995611320191391
"After 1½ hour, my order canceled bad service",foodpanda_reviews.csv,1,negative,negative,0.9974511251861965
Getting better day by day!,foodpanda_reviews.csv,5,positive,positive,0.5358817978403765
Some time work very good but sometime bad,grab_reviews.csv,5,negative,negative,0.95367861954398
Easy to use for a senior citizen like me,foodpanda_reviews.csv,5,positive,positive,0.9996926362340774
Amazing food service,foodpanda_reviews.csv,5,positive,positive,0.9973363594850757
"bad service, hard to contact customer service, all hotline number not reachable, i already made payment for my order, suddenly the error message popup ""unknown error"",",foodpanda_reviews.csv,1,negative,negative,0.999997482733405
Very good at app l love you lt,foodpanda_reviews.csv,5,positive,positive,0.9999754225680345
Sgeg update,foodpanda_reviews.csv,1,neutral,neutral,0.6946437781383635
la lng hehe,foodpanda_reviews.csv,5,neutral,neutral,0.5684389630164268
Efficient 👍,grab_reviews.csv,5,negative,negative,0.49638821725606136
Awesome experience..... Smoother process nd less Time consuming....,foodpanda_reviews.csv,5,positive,positive,0.9934540348137653
Nice gud ni sya aay kay naay map,foodpanda_reviews.csv,5,positive,positive,0.959499597545441
Excellent application and servis,foodpanda_reviews.csv,5,positive,positive,0.9997590212030084
"Can't make payment, can't use voucher, can't get through customer service. What's the use of this app?",foodpanda_reviews.csv,1,neutral,negative,0.8819866806141616
"IF I ONLY KNOW SA UNA PALANG NA BASTOS PALA ANG PAKIKITUNGO NYO SA MGA IMPLEYADO AT DRIVER NIYO, SANA PALA HINDI NAKO NAG ORDER GAMIT YANG APP NYO. NOT ONLY THAT, YUNG PAGIGING GAHAMAN NYO SA PERA VISIBLE NA VISIBLE NA SA DELIVERY FEE PALANG. SA MGA NAG BABALAK PONG MAG ORDER SA FOODPANDA, PLEASE DONT SUPPORT THIS KIND OF STUPID COMPANY WITH POOR AND HARSH TREATMENT WITH THIER EMPLOYEES. MARAMING SALAMAT PERO SA GRAB NALANG AKO MAG OORDER NGAYUN 👎 #BOYCOTT FOODPANDA",foodpanda_reviews.csv,1,negative,negative,0.5476671190277164
Can't even log in anymore,grab_reviews.csv,1,neutral,negative,0.9912689269843215
account got suspended without any particular reason. call the support centre but there's nothing they can do.,grab_reviews.csv,1,neutral,negative,0.9681874885083464
Very bad app very slow,foodpanda_reviews.csv,1,negative,negative,0.9999391290456998
Kenapa beii nda buli guna Grab pay.. parah ! Oo..,grab_reviews.csv,3,neutral,neutral,0.9513156755589498
IS WORSE. I got scold by a driver because he doesn't know my address.,foodpanda_reviews.csv,1,negative,negative,0.9974780919382142
Tried to change trip but ended up total fare is $53. From $20. They deduct for my first trip $20 and when change location states new trip coat $33 so after topping up to fit the new bill it keeps says insufficient as the balance i have is below $33 which means they deducting another $33 for the change trip from Alexandra to my home? Wow. That is pure robbery. I shall just walk next time.,grab_reviews.csv,1,positive,negative,0.9737257449199577
So helpfull everywehre,grab_reviews.csv,5,neutral,positive,0.9500135666021221
"Nice app for order food, This lockdown help me so much Thank you",foodpanda_reviews.csv,5,positive,positive,0.9999237338463051
"Unable to use promotion code with Grab-Pay (by using Grab-Pay, means I'm intended to continues using Grab). Insane fare due High Demand (I can get much cheaper price by others app).",grab_reviews.csv,1,negative,negative,0.9259896126563981
Bad experience Too much delivery charges,foodpanda_reviews.csv,1,negative,negative,0.9974911337571354
Very bad not accurate location deserve 2 star,foodpanda_reviews.csv,2,negative,negative,0.9895129057509773
"This application Expose Grab Customers privacy ( My Phone Number exposed to Drivers & can be contacted after orders. Its annoying application exposed my phone number, block 1 incoming , use another number messy to block number )",grab_reviews.csv,1,negative,negative,0.9990930486336167
Bad service of food,foodpanda_reviews.csv,1,negative,negative,0.9737911817146382
Kelihaian dan kepiawaian Pengemudi juga penumpang masih lebih hebat lagi management pihak Grab....,grab_reviews.csv,5,neutral,neutral,0.9996446609048368
"Sudah 5x lebih kejadian order grabfood driver tdk memperhatikan note. Semua informasi yg dibutuhkan sudah tertera di note, driver cukup mengkonfirmasi saja tidak perlu menanyakan kembali pesanan pelanggan dimana menurut saya hal ini sangatlah menganggu dan terkesan driver tidak memperhatikan note yg ada. Mohon di edukasi kembali.",grab_reviews.csv,1,neutral,neutral,0.9999999961216872
Update the app to make sure that se are getting the right and accurate arrival time like uber some drivers also tend wait till the rider cancels,grab_reviews.csv,1,positive,negative,0.8246432227610659
I am having an issue ...app is unable to open....unknown error...try again later...how ca0n I fix this problem,foodpanda_reviews.csv,5,negative,negative,0.9999010946532911
This is really great app,grab_reviews.csv,5,positive,positive,0.998869871287643
1st Experience and Nice experience,foodpanda_reviews.csv,1,positive,positive,0.9954297598067027
I'm in love with this app. Best deals in discounted price. Highly recommended...,foodpanda_reviews.csv,5,positive,positive,0.9999985084242025
Very easy and Good apps...i like it....,grab_reviews.csv,5,positive,positive,0.9999996179601017
Very easy and relax to take a grab,grab_reviews.csv,5,positive,positive,0.9998418934036969
Good job grab. So afordable and helpful,grab_reviews.csv,5,positive,positive,0.9999950742458122
"Can't choose another payment methods. Even when still have balance on my e-wallet. It sucks, how come you promote cashless transc. when we can't choosing it as payment method? And everyone complaining bout it? But it stil happen again and again......",grab_reviews.csv,1,neutral,negative,0.9629773772320789
Intahai ger zumadar rider rakhe hue hen,foodpanda_reviews.csv,1,neutral,neutral,0.7590703196648242
Makin susah cari tempat naik turun kenapa sih -_-,grab_reviews.csv,4,neutral,neutral,0.9999531301760208
"This app is ridiculous.I ordered a McDonald's last time and they sent me a New Yorker pizza.I ordered a subway deal this time and they ordered a New Yorker again,telling me that it was my mistake and I reordered.Do they think that I am dumb and blind?I know how to use technology.They didn't cancel the order in next 5 mins.I WILL NEVER USE THIS APP AGAIN. they have also cancelled my orders when I was starving.I hate it.Just because this app is popular everybody uses it but don't use it.NEVER EVER",foodpanda_reviews.csv,1,neutral,negative,0.9999497235239313
I can't update my Grab app,grab_reviews.csv,2,neutral,neutral,0.8741192145276704
ใช้มานานหลายปี แต่ลบบัญชีทิ้งแล้ว เพราะหน้าเพจ foodpanda thailand บอกว่าคนที่ไปม็อบไปเผารูปกษัตริย์ เป็นผู้ก่อการร้าย เฉยเลยย,foodpanda_reviews.csv,1,neutral,neutral,0.43416142710493305
"bad service. me myself cannot eat spicy food, so i write a note already the kfc need to buy original one, but then when delivery arrive the chicken is spicy one ! and i also write note for the coleslaw i want change to smash potato but also didn't change for me ! i had very bad experience using foodpanda !",foodpanda_reviews.csv,1,negative,negative,0.9990703411551595
sya lansong x bole dpt imi grab account,grab_reviews.csv,5,neutral,neutral,0.9598217511675802
Gre8t experience with panda..,foodpanda_reviews.csv,5,neutral,positive,0.6279698171251795
Worst app ever!! Bye-bye FP. Now I'm using Halo,foodpanda_reviews.csv,1,negative,negative,0.9241681153214469
In app adding address is very difficult and address which location got is automatically saves and not editable,foodpanda_reviews.csv,3,negative,negative,0.9976758713570257
Delivery is very worst I ordered food at 12.19 pm today and now it's 2.56 pm still food is not delivered and there is no option of cancellation. Very worst experience.,foodpanda_reviews.csv,1,negative,negative,0.9998410392216436
"Sepatutnya foodpanda kena strict sikit dengan peniaga..banyak yg masakannya tak bagus...tak bagus ok lagi, siap ada jual yg basi plak tu, tau ownernya india tp jgn kualiti pon x bersih mcm ownernya....fail",foodpanda_reviews.csv,2,negative,neutral,0.9981086952293339
Worst app.. Dont download this bloody app......,foodpanda_reviews.csv,1,negative,negative,0.9984475600833136
Very bad service!!! Foodpanda order with ID N1ZD-FCJP today was delivered 10mins late and it was spilled. When I contacted customer care he closed my chat window before even I could reply... Saying we haven't heard from you...,foodpanda_reviews.csv,1,negative,negative,0.9999335230908876
"Makes your day.Hassle free rides. Need to find out ,as not realized I have many points expired, how do I claim back.anyone can assit me.",grab_reviews.csv,5,positive,positive,0.8423888711832709
It gets better day by day..,grab_reviews.csv,5,positive,negative,0.5727240442527163
"Last time I need to reinstall apps since the previous one cant update. What happen is my balance are gone. I used to rate 2 star for this matter, but after communication with help centre, now I know what happen & everything is back to normal. I rate 5 star for great CSO Mr Haikal. TQ so much!",grab_reviews.csv,5,positive,negative,0.6636696400511701
I've had a great experience in booking a driver for travel and food deliveries.,grab_reviews.csv,5,positive,positive,0.9993295222296377
Increase price because fewer drivers? Are your drivers dead?,grab_reviews.csv,1,negative,negative,0.959994614454583
madinya welah,grab_reviews.csv,5,neutral,neutral,0.8583379716287171
"There is no way to contact the customer care, no chat, no phone number. Sent emails, contacted on fb messenger no answer, meanwhile the delivery time changes randomly each minute. Will not order from them ever again",foodpanda_reviews.csv,1,negative,negative,0.999975429212469
Apaan nih kok mau masuk nomor lain gak bisa..... Tolong diperbaiki,grab_reviews.csv,1,neutral,neutral,0.9999996698976877
Why can't use online banking after update,foodpanda_reviews.csv,2,neutral,neutral,0.5907982492008078
Lil bit cheaper than the competitor.,grab_reviews.csv,5,neutral,positive,0.8940905062062248
I cant pass even 1 day without ordering food from foodpanda but it is not working with wifi for 2 days .It shows some unknown error issues. Plz Repair such problems,foodpanda_reviews.csv,4,negative,negative,0.9999764110209
"it can,t work in all place.",foodpanda_reviews.csv,1,neutral,positive,0.6077386097758712
Best app ever i really loved it,foodpanda_reviews.csv,5,positive,positive,0.9999994245887031
I read the 3 page article in mint today!!!!!! What's going on!!!,foodpanda_reviews.csv,5,neutral,negative,0.48357952872823756
Great app for getting around in Asia.,grab_reviews.csv,5,positive,positive,0.999210021438367
How many times do I have to update this app? Everytime I open the app it keeps saying to update. It's so annoying!,foodpanda_reviews.csv,1,negative,negative,0.9924320346344251
"Wrong products delivered. When asked for repayment, I didn't got",foodpanda_reviews.csv,1,negative,negative,0.998292313008403
"Walau pun sudah di tulis tempat dan tujuan,tetap saja tidak ada harganya!!!!!!?!!!!!!!!!!!!!!!!!!!!!??????????????????????!!!!!!!!!!!!!!!!!!!!!!!????????????~~~~~~~~~~????????!!!!",grab_reviews.csv,1,neutral,neutral,0.9999813558050399
Had for wait for 3.5 hours to get food... Worst form of service ever experienced... Request to stay away from it...,foodpanda_reviews.csv,1,negative,negative,0.9871572824917022
Great app and multiple options,foodpanda_reviews.csv,5,positive,positive,0.9966567819085839
"IT IS RUNNING A TOTAL SCAM , first they give you lucrative deals then force you to do a online payment then after the transaction they cancel your order and NEVER refund your money the order is even wiped from your order history , They never reply to calls or emails . And they are throwing millions of money to get fake reviews and doing advertisements .",foodpanda_reviews.csv,1,negative,negative,0.999997784486861
Very poor experience even don't need a single star The team of customer service don't response and deny their faults.,foodpanda_reviews.csv,1,negative,negative,0.9999480932134908
Zabardast appp maza aaa gya.......itz amazing😎😎😎😎i'am loving it.,foodpanda_reviews.csv,5,positive,positive,0.9999985885853149
banyak driver nya + banyak promo nya,grab_reviews.csv,5,neutral,neutral,0.997991407358409
Always met rude rider,foodpanda_reviews.csv,1,negative,negative,0.9914101772564349
They oppress Rider & Vendor,foodpanda_reviews.csv,1,neutral,negative,0.7811115403615605
"Full of fun enjoy your weekend food ,is,Pakistani ,Chinese, Indian Food odar now,,,areesha's kichan's",foodpanda_reviews.csv,3,positive,positive,0.9695279306353333
"why cannot use grabpay or any cashless method for my ride, useless",grab_reviews.csv,1,negative,negative,0.8684277946054866
"Worst customer care , they cheated me for paying for a package and did not return the money as well after writing so many emails and in calls. Customer care person who called me was adamant arrogant making sarcastic comments such a pathetic service should not be allowed to operate who doesnt have any values. Do not know how foodpanda getting away with all this",foodpanda_reviews.csv,1,negative,negative,0.999789059272781
Wrong order received Very bad order cancel no refund,foodpanda_reviews.csv,1,negative,negative,0.9999919409403643
"can't to login after wrong input code (once time wrong, didn't work everytime)",grab_reviews.csv,3,negative,negative,0.9848731486855825
"Food not delivered after 2 hours, no option to cancel order. Wasting time waiting for food that never arrived.",foodpanda_reviews.csv,1,negative,negative,0.999871543003452
Good panda 🐼,foodpanda_reviews.csv,5,positive,positive,0.9984194864259903
changing my review to 5star cuz im done in verification and the app is good... thank u devz... keep it up... ^^,grab_reviews.csv,5,positive,positive,0.9386645434564267
Excellence service.,grab_reviews.csv,3,positive,positive,0.9999919314505245
Best food service of all time,foodpanda_reviews.csv,5,positive,positive,0.9989147858495787
"kalo bikin promo itu kalo bisa berdasarkan lokasi dong, masa promo di Surabaya semua, padahal saya domisili malang",grab_reviews.csv,2,neutral,neutral,0.999992464237011
SO SLOW. ever since i moved from imperial manila to nearby malolos the app started taking almost 5 minutes just to load the home screen and it lags all the frickin time. fix this. also sucks that there's no longer a way to directly contact restaurants??? this is awfully inconvenient,foodpanda_reviews.csv,1,negative,negative,0.9981651324449514
"Safe, gr8 driving! Cool. I'm supposed to get a ride to a MRT station to The Bead Shop - Trinoma destination but I chose Grab no less. No second thoughts whatsoever,my ride to a Grab car gives me this real feeling of Safety &Satisfaction +Comfort to the moon,stars Oh! Gr8r goodness is: It's a'Plus' factor havin' a cool,engaging, courteous friend drivin' beside, or he'd be up front where you wish a seat then. Amazing,right?!! Thanks,what a Gr8 day Grab! Safe travels! Gb.🙏🤲💞🎊🕺🚶‍♂️🕴🚘🌛🎄🙋‍♂",grab_reviews.csv,5,positive,positive,0.9992909560330477
I have bad experience with the driver twice when they said they already reached the pick up point when actually they did not.They arrived at the wrong pick up point.It ended up I have to pay the cancellation fee because they did not want to cancel the trip by themselves.Maybe due to the rating.-Najihah,grab_reviews.csv,1,negative,negative,0.9999941995351349
that was so amazing🏅,grab_reviews.csv,5,positive,positive,0.9950009711807591
Search nama tempat sering tidak muncul,grab_reviews.csv,1,neutral,neutral,0.9984174670491688
"Every time I'm going to book for Grab, I'm going to be late for work. I book early as I can but there's an app issue and booking issue most of the time. Grab food 👎👎👎👎👎",grab_reviews.csv,1,negative,negative,0.9994134594906067
"The grabcar service shall have indicated more clearly that it is meant for a private car instead of a taxi.( an disclaimer pop up shall be in place, but unfortunately it is overlooked) Some of ur users do need an offical receipt from one of the major taxi company to make transport claim",grab_reviews.csv,1,negative,negative,0.9899114739106288
not working naman yung food walang nalabas pag ni search tsk,grab_reviews.csv,1,negative,neutral,0.4988348480042136
Always update😡,foodpanda_reviews.csv,1,negative,negative,0.9711170327780225
Stupid app with trashy customer service!!,foodpanda_reviews.csv,1,negative,negative,0.9983617527462022
Nuhun memudahkan,grab_reviews.csv,5,neutral,neutral,0.991373259004567
cant detect my location for delivery.,foodpanda_reviews.csv,1,neutral,negative,0.6600084508975894
bessttt app,foodpanda_reviews.csv,5,neutral,neutral,0.5097300526946044
Good service. But you have to give the rider details.. Im not saying that all rider is scam.. But sometimes i have bad experience food panda rider. The food is not complet what i order.. Thats why riders details is badly needed.,foodpanda_reviews.csv,5,negative,negative,0.9994725410949391
Gd service by grab,grab_reviews.csv,5,neutral,neutral,0.5123128430573689
Its very annoying having to update weekly and no changes is made lols,foodpanda_reviews.csv,2,negative,negative,0.9898540820132484
"iwatch raffy tulfo in action a FP rider Jeffery Salamat had been victim of its FP customer a new modus paid online but when food is arrived it will cancelled the order, but i was disappointed on how the FP company abandon thier employee in needed times.",foodpanda_reviews.csv,1,negative,negative,0.997441687990567
nice cool app and life easy hogy yr,foodpanda_reviews.csv,5,positive,positive,0.9999381688446736
Product not good,foodpanda_reviews.csv,1,negative,negative,0.9882591142197242
Very good . Great service . I love it,grab_reviews.csv,5,positive,positive,0.9999998655402128
"This is the worst service ever! Twice my order was picked, paid online, at 4am, the rider Marks it delivered leaving me hanging on the street. On both occasions it was a sehri for nafli rozay of my family. The help center agent only refunds the amount to ""pandapay wallet"" and tht can be transferred bck in 7 days. Laitay 2min mai hain detay 7 din mai. No action against the riders that steal. No compensation, nothing! Zero customer centric policy. Paisay wapis kr k ahsaan krte hain. No confidence.",foodpanda_reviews.csv,1,negative,negative,0.9999385151511999
Using this app will really make your life miserable. Used this app to order food and they cancelled my paid order for the reason that I need to be the one to pick-up my order instead of leaving it into my condo's lobby for contactless delivery. So disappointed. Uninstalling their app right now.,foodpanda_reviews.csv,1,negative,negative,0.9979402356430236
"such a bad app, always error and wasting my battery",grab_reviews.csv,1,negative,negative,0.9999393615736356
Very good job.,foodpanda_reviews.csv,5,positive,positive,0.9999437764357582
Bad too many ads,foodpanda_reviews.csv,1,negative,negative,0.9841560580446991
"Lipat na kayo sa GRAB guys, nagbabayad sila ng tama at nasa oras di tulad ng bwakananginang to",foodpanda_reviews.csv,1,neutral,neutral,0.9995551045100123
Marks 80/100,foodpanda_reviews.csv,5,neutral,neutral,0.825171705783553
Worst app don't waste your time it will make you mad,foodpanda_reviews.csv,1,negative,negative,0.9999449889042975
"Not smooth, hangs for quite lonh. Had to kill and restart. But in the end has got the job done. Have seen worse.",foodpanda_reviews.csv,3,negative,negative,0.9320213766389182
alhamdulillah perjalanan di luar kota menjadi lancar,grab_reviews.csv,4,neutral,neutral,0.9999836545413026
Please remove the cooldown system its so dumb when all the driver asked us to cancel and it gave me a cooldown.Its so ridiculous what if a person are relying on grab as their all day transport and u gave him a cooldown ? What happen if he can't go back home ?? Stupid app hate it so much,grab_reviews.csv,1,negative,negative,0.9988777496352813
"why the app keep asking for update. if i dont update the app, then i cant book / use the app",grab_reviews.csv,5,neutral,neutral,0.665337727075598
Anytime i got delicious food and very good delivery. So i also give five star the best app of bangladesh.,foodpanda_reviews.csv,5,positive,positive,0.9999927375403352
Love you yar,foodpanda_reviews.csv,5,positive,positive,0.9983664185204912
Works well! Very happy with this app,grab_reviews.csv,5,positive,positive,0.9998903616822161
It takes 24 hrs for them to refund the canceled order.,grab_reviews.csv,1,neutral,negative,0.9944635881141531
"Last time the delivery to my home just cost 19 Php, then became 39 Php and now 49 Php. What the f, Foodpanda?",foodpanda_reviews.csv,1,neutral,negative,0.7274756367562403
Great customer service👍🏻,grab_reviews.csv,4,positive,positive,0.9999169721100498
referral link to sign up is a scam. both me and my friend didn't receive any. And now customer service adding new terms and conditions to receive it. not the same as mentioned before signing up. seriously hate unethical companies,foodpanda_reviews.csv,1,negative,negative,0.9994905900828768
So bad apps no us Thais,foodpanda_reviews.csv,5,negative,negative,0.9975903338023293
i always get late delivery and food panda don't take any responsibility for late orders.. You should have some policy on this. Either give delivery charges back or remove delivery charges it's not fare to charge for delivery and gate late delivery,foodpanda_reviews.csv,1,negative,negative,0.9986275708054778
Best deals out there. Their service is great.,foodpanda_reviews.csv,5,positive,positive,0.9999258851332908
kerap minta update !!!,foodpanda_reviews.csv,2,neutral,neutral,0.997042507447247
"Dont go with the bullshits..... I Loved the service, discounts, customer support. Just one advice - Pls tieup with more restraunts.",foodpanda_reviews.csv,5,positive,positive,0.972508011049495
Ada keributan apa ovo dengan grab? Saldo ovo ga bisa dipake grabbike & grabfood,grab_reviews.csv,1,neutral,neutral,0.9999916765517096
Great food delivery app! I just wish there was a tip option for our riders :),foodpanda_reviews.csv,5,positive,positive,0.9997763745087996
Bad customer service experience. Will never use this again!,foodpanda_reviews.csv,1,negative,negative,0.9999310648301339
The best food delivery app! Thanks for your service during this pandemic!,foodpanda_reviews.csv,5,positive,positive,0.9999999737039363
pagregister pa lang error na kagad. Ilang beses nag attempt puro error at try again later. disappointing,grab_reviews.csv,1,negative,negative,0.9765946938013713
Wtf lahore is the hub of food nd its nt in the list w0w,foodpanda_reviews.csv,1,negative,negative,0.9150465295514235
very good app to offer deal,foodpanda_reviews.csv,5,positive,positive,0.9998171641955671
Search ยังไงก็ไม่เจอ,foodpanda_reviews.csv,3,neutral,negative,0.5872632869896202
"Edit, saran untuk admin, mohon di paket yang menyertakan disney plus 1 bulan, diberi keterangan, bahwa customer tetap harus mempunyai credit card untuk membayar 100 rupiah layanan. Saya relakan paket saya hilang karena saya ga pakai CC, tapi tolong diupdate keterangan layanannya. Terima kasih.",grab_reviews.csv,5,neutral,neutral,0.9999999911293571
WONDERFULL APP!,foodpanda_reviews.csv,5,neutral,positive,0.8171868248530517
jika boleh buat pesanan untuk luar daerah atau kawasan lagi terbaik 🌟⭐🌟,grab_reviews.csv,4,neutral,neutral,0.9998856858623617
App is extremely glitchy and tends to pick up wrong address and in such cases the customer service is also useless.,foodpanda_reviews.csv,1,negative,negative,0.9991647564121277
Faced some issues with online payments,foodpanda_reviews.csv,4,neutral,negative,0.7923458218628568
Aplikasi susah kebuka,grab_reviews.csv,1,neutral,neutral,0.9987272544193748
Great app. Very accessible anywhere I go even outside my country. Kudos!,grab_reviews.csv,5,positive,positive,0.9997577873972715
di Pontianak 1 hari udh nyoba 30x pun gak dpt driver buat grabfood 😭 padahal biasanya gampang dapat,grab_reviews.csv,5,negative,neutral,0.9999958723884311
Eazy n safe too use,grab_reviews.csv,5,positive,positive,0.9873857763612082
Doing what they are supposed to do,foodpanda_reviews.csv,5,neutral,negative,0.6604961059538
"BAD CUSTOMER SERVICE. I usually don't give a bad review on apps but everytime I order here and one of the items are either missing or when the restaurant doesn't even read the notes, I would always get a voucher as a 'sorry' which will be worth lower than your actual order. The person I've recently talked to just seem like it was my fault and was very arrogant instead of understanding my side. This is the first time that this happened and I'm very disappointed with the service.",foodpanda_reviews.csv,1,negative,negative,0.9999839345029669
bug when i updated cant add my card cant check notifications,grab_reviews.csv,5,neutral,neutral,0.5557654487262609
when I am hungry this app fill up my tummy,foodpanda_reviews.csv,5,neutral,positive,0.737893318549399
"poor map, cant even deliver to my address",foodpanda_reviews.csv,1,negative,negative,0.878805097835631
"0> BIG SCAM: app said that just apply ""9HSANG"" or ""2HCHIEU"" at specific time to get 20% OFF but noone could. Liar. Cheat. Scam. 1> Too many popup, so annoying. 2> No search option in Rewards page. 3> Lookback 2020 shows only your information, why not my information like other apps. Too bad and waste time for customer to view your Lookback. I was going to give u 1 star because of this but I can't because you got 1 star already.",grab_reviews.csv,1,neutral,negative,0.9999727607563563
Its Very Easy To Book A Drive,grab_reviews.csv,5,positive,positive,0.9997213608130414
"সালার পুতেরা,,, তদের এত এটবেরটাইজ দিতে হয় কে 🤬🤬",foodpanda_reviews.csv,1,negative,negative,0.9999755707499526
"Worst app ever , just keep u waiting ,and then order didn't even got delivered",foodpanda_reviews.csv,1,negative,negative,0.9989590353589881
i love free delivery 😉😉,foodpanda_reviews.csv,5,positive,positive,0.9964718922814176
"Easy to operate, very helpfull, and polite driver but the tariff is still the highest one among others...thanx grab!",grab_reviews.csv,5,neutral,positive,0.9797433344220847
"Need to familiar with the app. First use it, don't know how to amend the order 😊",grab_reviews.csv,4,positive,positive,0.9994518168023904
"I am steering clear of Grab. I have been a victim of scam with this app and my debit card was used for 4 unauthorised deductions with only one pin. Although the other third party involved is willing to reimbursed me, via Grab, Grab has refused to help me to get a reversal payment as it was my negligence. Dangerous app because it uses your phone number and email address for people to break into your account. A bit silly as everyone uses these details in their communication.",grab_reviews.csv,1,negative,negative,0.972328499716884
A convenient access to food around,foodpanda_reviews.csv,5,neutral,negative,0.4320921398278525
Food quality is not batter when we order on foodpanda.,foodpanda_reviews.csv,1,neutral,negative,0.8773091332972651
Worst app always delay,foodpanda_reviews.csv,1,negative,negative,0.9984433025326368
why i can't use my grabcar ?,grab_reviews.csv,1,neutral,neutral,0.8655709195170754
Best service for delivering food.,foodpanda_reviews.csv,5,positive,positive,0.9999353800107432
Bad food delivery,foodpanda_reviews.csv,1,negative,negative,0.9897388672381113
awesomatix,grab_reviews.csv,5,neutral,positive,0.9169754541576902
Bad. Everything is very expensive,foodpanda_reviews.csv,1,negative,negative,0.9706278093100619
Food delivered is too bad,foodpanda_reviews.csv,1,negative,negative,0.9974215093975994
Ur services in Peshawar is so poor when i tried to connect u through chat no one is there for any response,foodpanda_reviews.csv,1,negative,negative,0.9985622574004225
I love this app even dilivers in midnight,foodpanda_reviews.csv,5,positive,positive,0.9898093698296261
Terbaik. Rezeki tidak salah alamat..,grab_reviews.csv,5,neutral,neutral,0.9986924473948819
reported an issue yesterday....it became worse today....yesterday bill was 267 and the buggy app showed amount to be paid as 400 +.. today bill is only 189 and payment amount is shown as 587....its robbery,foodpanda_reviews.csv,1,negative,negative,0.9944729654495014
"Reliable, Some drivers may speak basic English",grab_reviews.csv,4,neutral,neutral,0.4987903256499425
"Don't bother to preorder or it will ruin your entire meal plan. App is horrible misleading you to book in advance after lunch hour. Ok, so I waited from 1pm to 6.15pm only to be delayed for 40+mins. Food panda does not care to check with the restaurant in that time frame. Your order is only processed along with other ppl who order for that time though you did so first. Frustrating!",foodpanda_reviews.csv,1,negative,negative,0.9999861636030398
Food ordering has become so easy.,foodpanda_reviews.csv,5,positive,positive,0.9239271634462126
It's convinient,grab_reviews.csv,5,neutral,positive,0.7420784854338102
So bad Vouchers not working at all.,foodpanda_reviews.csv,1,negative,negative,0.9999799722824602
Had to take an hour of my time just to talk to someone remotely competent with regard to a rewards purchase issue. Lost 1k pts to thin air and experience with customer service is one of the worst by far. Got transferred a million times and made me feel like I'm begging for a measly 100Php off voucher after spending literal thousands via this app. I'm on gold tier but treated like dog poo. Nice basic facilities but the experience regarding issues and concern are abysmal. 1 star is generous really,grab_reviews.csv,1,positive,negative,0.9943374666117519
Majority of Grab drivers in the Philippines don't accept rides or are lazy.,grab_reviews.csv,2,negative,negative,0.9446134770930369
Terrible service & over charging unethical drivers. I will never use grab again.,grab_reviews.csv,2,negative,negative,0.9996624085691126
Very good but not excellent,foodpanda_reviews.csv,4,negative,positive,0.9502512401821653
operator lemot!!,grab_reviews.csv,1,neutral,neutral,0.9397613509674477
Apss mcm babi.. nk bayar pkai m2u pon x boleh.. cash x boleh.. apps bangang..,grab_reviews.csv,1,neutral,neutral,0.9908779845265063
This application is my useful app,foodpanda_reviews.csv,5,positive,positive,0.9939549225509084
Best Food Delivery Service Ever.Better than any others Delivery apps on Appstore.,foodpanda_reviews.csv,5,positive,positive,0.999935924679303
"Tôi đặt xe trả tiền trước qua Moca cho người nhà. Tài xế Trần Văn Dũng 66G1-482.42 gian dối thu luôn tiền mặt, sau nói láo là tiền bo. CSKH Grab chậm, sau 1 tuần vẫn chưa giải quyết xong. I booked a ride for a relative, paid with Moca. But the driver pretended not to know and took the cash, later lied that it was a tip. Customer service sucks, did not resolve the problem even after a week.",grab_reviews.csv,1,negative,negative,0.7659950246719924
Great using this grab 👍,grab_reviews.csv,4,positive,positive,0.9981937749924762
"App nya bagus, lengkap alamatnya gak perlu nulis ulang, mantap",grab_reviews.csv,5,positive,neutral,0.9993970460352716
"Cant update, need to uninstall to update?",grab_reviews.csv,1,neutral,neutral,0.8303630875191176
Good and responsive app...,foodpanda_reviews.csv,5,positive,positive,0.9958869057803358
its good and exelent platform for online food and shoping,foodpanda_reviews.csv,4,positive,positive,0.665455308355561
App is handy but while downloading the app it popped that you will get 40% off. On first order but it didn't happened,foodpanda_reviews.csv,4,neutral,neutral,0.6329385943601775
Worst app. Makanan tk dpt walau dh bayar alasan x munasabah. App teruk location dgn time estimated cam haram,foodpanda_reviews.csv,1,negative,neutral,0.824613873532306
Okeeee.....:),grab_reviews.csv,5,neutral,neutral,0.9772078620408255
Very helpful...😍,foodpanda_reviews.csv,5,positive,positive,0.9999966704207787
"Saya terbantu dengan adanya fitur grab hitch bike, saat ada pengumuman bahwa grab hitch bike akan di non aktifkan, saya sangat KECEWA sekali...",grab_reviews.csv,3,neutral,neutral,0.9999921606857961
Very Puntual n responsible.,grab_reviews.csv,5,positive,positive,0.6287082787332683
gooddddddddddddd,grab_reviews.csv,5,positive,positive,0.9975059056236635
Kindly update your locations. Try to merge it to google maps. There are locations that cannot be pin.,grab_reviews.csv,1,positive,negative,0.6546206179501503
Setiap kali sy nk order grab food. Mesti payment tak boleh!. Kenapa? Payment method sy tak boleh pilih cash or online.. kenapa yeee???????,grab_reviews.csv,1,neutral,neutral,0.9945954547618927
Peta gak akurat di vivo. Trus pas pesan food malah tujuannya ke lokasi asal berangkat sebelumnya bukan posisi terakhir tujuan. Dan gak bs update app,grab_reviews.csv,1,neutral,neutral,0.9999995224881676
Easy 👌🏻 and convenient,foodpanda_reviews.csv,4,positive,positive,0.9999916022417537
This apps is very good and help me a lot,foodpanda_reviews.csv,5,positive,positive,0.999939286264498
"Ganti jadi bintang 1, TIDAK RAMAH DISABLE, PERUSAHAAN RASIS, UNINSTALLED GRAB . KACAU KACAU 2022 ATTITUDE PRIMITIF",grab_reviews.csv,1,neutral,neutral,0.9998994987450323
sukak bgt pake apk grab,grab_reviews.csv,5,neutral,neutral,0.9950816136162666
HASSLE FREE AND GOOD APPLI,foodpanda_reviews.csv,5,positive,positive,0.9999832975127078
Very helpful my business,grab_reviews.csv,5,positive,positive,0.9893218871959185
good exelence,foodpanda_reviews.csv,4,positive,positive,0.9591514516937515
Purfectttt,grab_reviews.csv,5,neutral,positive,0.8582101756402778
"After being this long in the market, your app is still lacking a lot. Wished there was a way to contact the food seller / restaurant within your app. Chat records with rider should have lasted a little longer instead of disappearing once order was completed. That way, I can ask rider if there's any problem, eg: if they have wrongly sent the food etc. After all those years, you still can't detect my location accurately? Too bad, I can't keep up when there's no improvement. I'm installing you 👎👋",foodpanda_reviews.csv,1,negative,negative,0.9998833491782415
"The app lacks a ""Change For"" query. If that exist, then there's a design flaw.",foodpanda_reviews.csv,3,neutral,negative,0.5463558265144942
increase priz 😡😡😡hate it,foodpanda_reviews.csv,1,negative,negative,0.999997787377314
"I pinned my exact location and the app changed it far away from my location after order is placed. Really annoying as the driver cannot find me. Not once, not twice. This happened every single time order was placed. I did leave feedback few times on the app but this problem is not fixed. So annoying. Update: Did as instructed to dm grab and all, but still not working.",grab_reviews.csv,1,negative,negative,0.9999990735604768
❤️ Dami discounts,foodpanda_reviews.csv,5,positive,positive,0.9651411055374175
Love your Service,grab_reviews.csv,5,positive,positive,0.9925055266158345
"after upgrade i cant do multiple booking, so boring",grab_reviews.csv,5,negative,negative,0.720686214232558
Very good service sometimes mishaps happens but I am always a happy customer,foodpanda_reviews.csv,5,positive,positive,0.9512188406254634
Fast delivery. thank you very much. happy new year.,grab_reviews.csv,5,positive,positive,0.9999616918693709
Aplikasi yg bagus.Semoga makin banyak promonya.Thanks Grab.,grab_reviews.csv,5,positive,neutral,0.9980232181093593
Worse app ever. Half the orders went wrong. My order got cancelled over an hour later and i have to follow up twice... they took 3+ months to refund. Beyond ridiculous and enough is enough...,foodpanda_reviews.csv,1,negative,negative,0.9999989312598272
The app is always showing that it cannot connect to the servers... Waste of data and time...,grab_reviews.csv,1,negative,negative,0.9678043588502252
"Ordered and received confirmation email, after that receive a call from Foodpanda said that no delivery to my house. Stupid apps, wasted all my time...",foodpanda_reviews.csv,1,negative,negative,0.9996715021787578
awesome when bored with ur hostel food or during a lazy friday or even just a normal day 😍,foodpanda_reviews.csv,5,positive,positive,0.9220637848623585
Best Multi apps in 1,grab_reviews.csv,5,positive,positive,0.9923558731720137
Abis updt suram,grab_reviews.csv,2,neutral,neutral,0.943821298786065
"Do NOT use this app! They frequently lose your orders and they will not refund the money. They have disabled cash payments because they want you to pay even if you don't get your order. Edit: It has recently come to my attention that FoodPanda has illegally kept my private information, in spite their promise to delete this information when I deleted my account.",foodpanda_reviews.csv,1,negative,negative,0.9999060961366262
So far OK especially with WA-like feature so we can chat with driver,grab_reviews.csv,5,positive,positive,0.996947879664
ArchivedtoyouandI,grab_reviews.csv,5,neutral,neutral,0.4881048732522557
"Very well app, easy to use & lot of promo code grabfood.. thanks",grab_reviews.csv,5,positive,positive,0.9999859837733879
Now foodpanda is totally useless,foodpanda_reviews.csv,1,negative,negative,0.9966785997474485
"There's a bug where after online payment is made, it says payment failed. I accidentally made the same order twice. Please fix your app The problem occured when i used bank rakyat debit card.",foodpanda_reviews.csv,2,positive,negative,0.9838767255113483
Love the aps,grab_reviews.csv,5,positive,positive,0.9972583162970438
"The booking button was grayed out!!! Even if i have grab wallet and debit card as my payment option, it doesnt show in my account to book a car!!!!",grab_reviews.csv,1,neutral,negative,0.6642530941711065
"Inconvenience apps, It says no restaurant near my location why do you use this apps if unable to locate any resto. Disappointed!",foodpanda_reviews.csv,1,negative,negative,0.9983294383142357
BS customer support with issue cause by the app. Not the first time.,foodpanda_reviews.csv,1,positive,negative,0.9724341482207567
Excellent driving...,grab_reviews.csv,5,positive,positive,0.9999263482552763
Justic for rider,foodpanda_reviews.csv,1,neutral,negative,0.537345218040524
Its glitched all the time,foodpanda_reviews.csv,2,neutral,negative,0.3855407307073357
Great Apps... 👍,grab_reviews.csv,5,positive,positive,0.9999475767422439
the service is verygood,foodpanda_reviews.csv,5,neutral,neutral,0.9708056168795539
"Excellent App, it would be nice, if they started including more areas, like Chandapura, Muthanallur etc",foodpanda_reviews.csv,5,positive,positive,0.9999773165510248
I have good experience overall sometimes riders took time to deliver but not every time.,foodpanda_reviews.csv,4,neutral,positive,0.7005221820184891
Delivery become expensive more and more. Yet customer service is lousy.,foodpanda_reviews.csv,1,negative,negative,0.9384581210600611
Easy to use and this apps is very useful.. I love it,foodpanda_reviews.csv,5,positive,positive,0.9999999273809292
There order took double time as compared to the originally showed time and the order was incomplete . We complained to the driver also. He said that it was given incomplete . There were four bottles in total and one was missing and the third bottle was in a glass shape bottle.The bread slice which was present in the order was bad and the rice were old.. Very poor service Not satisfied,foodpanda_reviews.csv,1,negative,negative,0.9999745354631306
"Very bad experience. This is a very bad app for ordering food. They took more than 2 hour, which was shown 30 min distance before order. They didn't provide rider's contact. Avoid this app. Avoid this app. Avoid this app.",foodpanda_reviews.csv,1,negative,negative,0.9999148695394594
Order grabfood tgl 3/5/2017 di canceled by driver. Ada masalah apa?,grab_reviews.csv,1,neutral,neutral,0.9964170899662821
A very good app and it's easy to use!!!😀,grab_reviews.csv,5,positive,positive,0.9999999528930925
Easy way to order foods and travel around. Thank you Grab! You made my life much easier.,grab_reviews.csv,5,positive,positive,0.9999981228472162
Although food 🐼 is doing effort but some restaurants are not sincerely doing them job some send the order late some change the items & some don't care about quality & quantity.,foodpanda_reviews.csv,4,negative,negative,0.994923399963329
Neither get discount nor voucher,foodpanda_reviews.csv,1,neutral,negative,0.6750347382902175
Tiktok is much better than Foodpanda.,foodpanda_reviews.csv,1,positive,positive,0.9960797237574818
Very easy! :),foodpanda_reviews.csv,5,positive,positive,0.999865701620345
Grabdriver cancel my ride and eat my promo code stupid,grab_reviews.csv,1,negative,negative,0.9603828842824124
I had a very bad experience with your rider early this year,foodpanda_reviews.csv,3,negative,negative,0.9968309312627932
Cant give 0 star,foodpanda_reviews.csv,1,neutral,negative,0.8184174935199674
tôi sử dụng grab mấy năm nay. là khách hàng platinum. sử dụng hàng ngày. grab vô lý khóa tài khoản của tôi mà ko có 1 phản hồi là tôi đã làm gì sai. mấy a giỏi lắm. tôi uninstall app. chúc mấy anh ráng phục vụ tốt mấy khách hàng khác,grab_reviews.csv,1,neutral,neutral,0.9999770097115871
Notifikasinya gak bisa dibuka,grab_reviews.csv,1,neutral,neutral,0.9999958510786747
"Uninstalled! We are very very dissapointed on the rider's behaviour! We just ordered pizza from pizza hut sm lanang davao! And we were waiting like about an hour and when the rider is already near our location, suddenly he purposely cancelled our order!!! And food panda app just notified me that my order was cancelled because the rider cant find my location!! I am pretty sure that i was very clear and precise on my location instructions!!!! It was very upsetting!!!! So please fix this!!!!!!!!!!!",foodpanda_reviews.csv,1,positive,negative,0.9988712181148384
banyak promooo!,grab_reviews.csv,5,neutral,neutral,0.9758711409926845
"I updated the app today, December 28, 2020, then I searched for food. But why are the search results shown to me are nothing but MILK TEA? This is frustrating. Then I looked for ""paella"" your search results give me, among others, McDonald's. This app was good. Now the search algorithm is a mess. Paella is NOT hamburger. Also, the pop-ups onscreen are annoying.",foodpanda_reviews.csv,2,negative,negative,0.9997335510968374
"Nice app but whenever I open it, it says an unknown error appeared. Very frustrated due to this crap. Please do something.",foodpanda_reviews.csv,3,negative,negative,0.9999884474055112
"Bad services , xde contact blh d hubungi . Cancel order sndiri tnpa bgtau customer. Refund tak dpt .",foodpanda_reviews.csv,1,negative,negative,0.8735060151478474
I can't reinstall food panda.. tried everything.,foodpanda_reviews.csv,5,neutral,negative,0.6015298956365261
its just useless .. the food quality is very poor and also their timming .. it took 1hour bt still the time shows 45mint ..,foodpanda_reviews.csv,1,negative,negative,0.99845494412815
Unfair to the rider in Myanmar,foodpanda_reviews.csv,1,negative,negative,0.9992462257632462
"So far so good. There are few, very few who are pasaway but that would be 1 out of 10.",grab_reviews.csv,4,neutral,positive,0.7798272507642714
Grabpay disuspen tanpa info yang jelas. gak nyaman banget dan merasa terancam klo isi grabpay bisa ilang sendirinya.,grab_reviews.csv,1,neutral,neutral,0.9999807253353425
The Paracel and Spratly Islands belong to Vietnam... not Chinese,grab_reviews.csv,1,neutral,neutral,0.7269146492246565
Its was realy good,grab_reviews.csv,5,positive,positive,0.946303227751266
"praktis, keren grab",grab_reviews.csv,5,neutral,neutral,0.9989986880296478
Pengurusan yang mengecewakan!,foodpanda_reviews.csv,1,neutral,neutral,0.9994365832989298
One of the best food apps!,foodpanda_reviews.csv,5,positive,positive,0.9999969339610396
ORDER ALWAYS TAKEsTOO LONG IN THE KITCHEN DO NOT USE FOOD PANDA IT TAKES 1 TO 2HRS BEFORE YOU CAN EAT Ill switch now to Grab food and uninstall this FoodPanda app. PATAY KANA SA GUTOM BAGO DUMATING,foodpanda_reviews.csv,1,negative,negative,0.9436584755242745
i think foodpanda is an excellent service. and serve the people dedicatly.,foodpanda_reviews.csv,5,positive,positive,0.9999354501436737
Sagat mbantu !! Tq food panda,foodpanda_reviews.csv,4,neutral,neutral,0.6414718693278576
ribet lo,grab_reviews.csv,1,neutral,neutral,0.9504080605542341
"Unfriendly user interface, the promo code columm keep in hidden place, feedback to help center but just end my chat sessions, the worst customer service!",grab_reviews.csv,1,negative,negative,0.9988614725675249
Model dobel orderan dimatiin aja lah. Bikin driver gak fokus sampe salah ngasih orderan.,grab_reviews.csv,1,neutral,neutral,0.9999185843496087
It's terribly difficult to get a ride ever since grab bought Uber. It takes 30 minutes to find a driver. Previously it only took 2-3 minutes. Now I have to find alternatives all the time. Very unreliable,grab_reviews.csv,1,negative,negative,0.9998574122778702
The new grabfood is disappointing. Unable to view delivery charges before adding items to cart anymore,grab_reviews.csv,1,negative,negative,0.9959441897596745
"Teruk, aku order dekat sejam, tapi tak sampai juga, sampailah aku geram, aku pergi terus ke kedai, orang kedai boleh cakap,diaorang tak terima order aku.. Memang bonggok jugak la aku rasa.. Food panda ni memang tak best la nak Pakai,nak call customer care pun, depa tak jawab.. Chat live pun sangat tak membantu.. Itu yang kena dekat aku la.. Kat orang lain aku tak tahu la.. Done uninstall.. Malas nk pakai app ni..",foodpanda_reviews.csv,1,negative,neutral,0.9999500620025378
Nice and easy love it!,grab_reviews.csv,5,positive,positive,0.9999999725494891
God is Good all the time,grab_reviews.csv,5,positive,positive,0.9884799094635784
"Their customer service from the base office in Thailand is excellent, when addressing problems. This is Rare in a digital marketing age.",grab_reviews.csv,5,positive,positive,0.7000979091558666
Y dnt u ppl have a cancel order option...once ordered it cannot be undone while the damned vendor can have ample of time to APPROVE the order...ridiculus... and plz dnt feed me that cliche message that u paste on evry bad comment that u get...resolve those issues..,foodpanda_reviews.csv,1,negative,negative,0.9982770125776447
"Unreliable. Charges my card for a driver-cancelled trip, bad customer support, doesnt even give the courtesy of a reply, and today, a driver showed up after Ive stopped trying to contact. Poor poor connection issue, extremely bad customer service. Definitely my last trip with Grab Philippines after more than 3 horrifying experiences!",grab_reviews.csv,1,negative,negative,0.9999791401129153
Kok gk dpt2 driver terus?,grab_reviews.csv,4,neutral,neutral,0.9996582968528144
The food was great and complete,foodpanda_reviews.csv,5,positive,positive,0.9852939564140467
Getting pathetic.,foodpanda_reviews.csv,1,negative,negative,0.9992525359227763
Never gives an option to buy with the discount. Either they say online payment options are not available for the restaurants we choose or won't allow us to pay online. A dummy discount coupon. However makes us purchase without discount.,foodpanda_reviews.csv,3,neutral,negative,0.9938638839546033
Banyaki diskon ae,grab_reviews.csv,5,neutral,neutral,0.979774626925623
DISAPPOINTED. First tried and VERY BAD experience with the food delivery. Order based on the delivery estimation time for 25mins . Over an hour it's still under food preparation status. It seems if I didn't contact the rider won't be anyone pick up my food from the restaurant as I see the restaurant listed pick up time was 20mins after order placed.,foodpanda_reviews.csv,1,negative,negative,0.9999436288886394
Awesome experience.,foodpanda_reviews.csv,5,positive,positive,0.9991232766459766
superlike,grab_reviews.csv,5,neutral,positive,0.5796380356632237
Sometimes i can't order in idont know why??????,foodpanda_reviews.csv,4,neutral,negative,0.5463006167588877
Poor customer service.,grab_reviews.csv,1,negative,negative,0.9996330867487841
Useless company. Useless service. Capitalist. Selfish.,foodpanda_reviews.csv,1,negative,negative,0.996693787752035
kali ke 5 order kfc ...order set A(snackplate) mana potato whipped n coselow xde?????aym je ade!👎👎👎👎👎👎👎👎,foodpanda_reviews.csv,2,negative,negative,0.9895459583304858
Please work on the application it's getting cancelled Everytime I order But I get an email where they say your order has been placed,foodpanda_reviews.csv,1,neutral,negative,0.9778713717197377
I can't download the app.,grab_reviews.csv,1,neutral,neutral,0.954118382543544
"I was charged for something that didn't arrive in my order and I couldn't connect to customer service, it was so frustrating:(",grab_reviews.csv,1,negative,negative,0.9992193144436811
Connection very bad,grab_reviews.csv,1,negative,negative,0.9925906457914702
good car ...,grab_reviews.csv,5,positive,positive,0.9628454050100076
In Bangladesh its a bad service,foodpanda_reviews.csv,1,negative,negative,0.9837655647574745
Marvellous Service,foodpanda_reviews.csv,5,neutral,positive,0.4253948221459737
"Saya kasih bintang 3 dulu. Sistem Grabfood yang baru kurang oke nih min. Lucu sih tampilannya. Tp kita jadi gak bisa memantau posisi driver di mana, atau udah jalan apa belum. Biar nunggunya enggak lama².",grab_reviews.csv,3,neutral,neutral,0.9999999940154964
Overpriced fares #BringBackUber,grab_reviews.csv,1,neutral,negative,0.4676242555270805
This app is not working properly.,foodpanda_reviews.csv,1,negative,negative,0.999973351403505
Very good and useful app👍,foodpanda_reviews.csv,4,positive,positive,0.9999997021635084
Rubbish.. wasted 1 hour waiting because it is useless and inaccurate,grab_reviews.csv,1,negative,negative,0.9996741316912049
Fraudulent,foodpanda_reviews.csv,1,neutral,negative,0.6939246750757831
The great efforts of Food Panda,foodpanda_reviews.csv,5,positive,positive,0.9877495423678685
Reliable and convenient,grab_reviews.csv,5,neutral,positive,0.939144435504067
"Getting real frustrated with this app. Understandably prices have gone up due to global economy but the service is getting worse. Can't find cabs, cab drivers accepting rides but don't show up and after wasting your time, they ask you to cancel. Why the hell accept a job if you don't intend to do it? Probably time to explore other apps.",grab_reviews.csv,2,negative,negative,0.9999289708331756
I cannot Set my location 😭😭😭😭😭 i hate you,foodpanda_reviews.csv,1,negative,negative,0.9999832670022143
It was the best app.. But it's getting worse and worse with time.. One rider is delivering more then one order and you keeps waiting for hours to receive yours.,foodpanda_reviews.csv,1,negative,negative,0.9993111602680855
Buat id aja g bsa msk sms nya,grab_reviews.csv,1,neutral,neutral,0.9992465517006286
"Now Grab is so so soooo expensive. I cant believe how expensive it has became. Used to be such a reliable app, now not so much. Very disappointed. Will have to try other app now",grab_reviews.csv,1,negative,negative,0.9787792469818606
Gd and reliable app,grab_reviews.csv,4,neutral,neutral,0.8458950228876713
The service for transportation is excellent and also provide numerous food discount. Do not uninstall this app.,grab_reviews.csv,5,positive,positive,0.9887084466488277
ah mantap.,foodpanda_reviews.csv,5,positive,positive,0.9987674193558036
Pag meron ka i search n restaurant n gusto mo n andito nman sa food panda hindi lumalabas bumabalik lng sa main menu 😢,foodpanda_reviews.csv,3,negative,neutral,0.9864644319592104
hshsshab,foodpanda_reviews.csv,5,neutral,neutral,0.5034839451332894
It's good food services,foodpanda_reviews.csv,5,positive,positive,0.9976256453566293
"Delivery system ভালো। কিন্তু এই অ্যাপের মত ফালতু অ্যাপ আর ইউজ করিনি। না একাউন্ট বাতিল করা যায়, না ফোন নম্বর চেইঞ্জ করা যায়, না নতুন আইডি ওপেন করা যায়। ফোননম্বর গত সমস্যায়,খাবারই অডার করতে পারিনা।",foodpanda_reviews.csv,1,neutral,negative,0.6324112767863397
"Maaf, knp grab food pake sistem ""out for delivery"" 1 driver bisa terima.bbrpa orderan, kebetulan saya order ice, yg ada orderan saya cair smpe kesaya. Dan saya kecewa bgt.. makasi",grab_reviews.csv,1,neutral,neutral,0.9999910419192227
Hahaha....boleh ke orng lain guna id orng lain siap nak topup lak tu...bile tanye dekat pasal ni dekt chat grab customer service jawapn xboleh blah...benda ni jd kat tunang aku...lag satu nak log in xboleh sebb orng lain dah gune siap tukar password lag...kena sistem makin teruk ni...ke ade share partner dengn scam...sebb bile tanye dekat customer service jawanpn yng same sory2...makin teruk,grab_reviews.csv,1,negative,neutral,0.9995961790285024
Ager tai valo chilo,foodpanda_reviews.csv,1,neutral,neutral,0.8726332727523085
thankyou kuya,grab_reviews.csv,5,neutral,neutral,0.6197367714866923
Bad Service 🤬🤬,foodpanda_reviews.csv,1,negative,negative,0.9999981295823104
so far so good both grab car and grab food...,grab_reviews.csv,5,positive,positive,0.9967162715731956
Not showing Correct Result in Search Bar,foodpanda_reviews.csv,1,neutral,neutral,0.6243448064716519
"banyak promonya, murah meriah, bagus lah pokoknya, tingkatin terus grab",grab_reviews.csv,5,positive,neutral,0.9846930537899352
My goto car app in Bangkok!,grab_reviews.csv,5,neutral,positive,0.5196328663151847
Currently using foodpanda for the best services,foodpanda_reviews.csv,5,positive,positive,0.9997433806536993
"after Installing the app,,always shows me ""unknown error occured, try again later""once I uninstall the app & then re install but nothing change!!!!😖😖😞😞",foodpanda_reviews.csv,1,negative,negative,0.9999809343545343
Invoice header: *** Inc.,grab_reviews.csv,5,neutral,negative,0.8850060195034368
Asking me to re-register and activation code becomes a loop.,grab_reviews.csv,2,neutral,negative,0.7580784406887172
"Foodpanda is the best app because it's services is awesome and fabulous. Good riders, timing, quality of materials and much more!!Really it's my great experience ever.",foodpanda_reviews.csv,5,positive,positive,0.9999992850714816
Bbahshsh,foodpanda_reviews.csv,5,neutral,neutral,0.6126038144204062
Not working properly. Always crashing!,grab_reviews.csv,1,negative,negative,0.9988949239435786
Poor service. Time constantly change unrealistically.,foodpanda_reviews.csv,3,negative,negative,0.9890216351983203
This is so stupid.. I cant pin point of my exact location.. I have to walk about 3 KM to the location it gave me.. What the hell,grab_reviews.csv,1,negative,negative,0.9996528723813924
Bermanfaat sekali hehe. Dimanapun&kapanpun,grab_reviews.csv,5,neutral,neutral,0.9993106144938427
............................................................ .. ...iiii😘😘😘😘😘❤️❤️❤️❤️❤️❤️❤️❤️,foodpanda_reviews.csv,5,positive,positive,0.9999999969522975
The system have problem om the payment process and your firm don't have staff to solve this promblem immediately. I am so fail with you,foodpanda_reviews.csv,1,negative,negative,0.9974803128339804
nice to order,grab_reviews.csv,5,positive,positive,0.997284061386057
The good and most loving app . More offer plz!,foodpanda_reviews.csv,5,positive,positive,0.9994081755405312
I wasted 30 mins of my life for this usless app!,grab_reviews.csv,1,negative,negative,0.903758040839252
I can't use my debit card coz the app has no option to enter 2035 as expiry year !! Its irritating,foodpanda_reviews.csv,3,negative,negative,0.9846103557192405
"Very slow delivery. The timing keeps changing. Supposed to be a 20 mins delivery and it took more than 50 mins. And the rider kept going around, I suspect he had a few deliveries. Very bad experience",foodpanda_reviews.csv,1,negative,negative,0.9968856063537294
"Terrible refund process, be careful not to accept vouchers, they do not act like cash.",foodpanda_reviews.csv,3,negative,negative,0.9986005005961509
"Rude Riders(asking the customer to cancel the transaction) Customer service is lousy (they called up and they don't listen, eager to end the call) Reimbursement takes a really long time!",foodpanda_reviews.csv,1,negative,negative,0.999972289082342
Great app but please add more restaurant that offer low price.,foodpanda_reviews.csv,5,positive,positive,0.9882341561656878
"Can I use this app, abroad?",grab_reviews.csv,5,neutral,positive,0.6713891406201998
"Always bug after update ,so bad!",foodpanda_reviews.csv,1,negative,negative,0.9671704785720132
The coupons do not apply. They are useless. Stop making a fool out of people. You're is the only app that sends so many alerts regarding discount coupons. Stop fake promotions,foodpanda_reviews.csv,2,negative,negative,0.9968944909316578
"Safe, fast, and reliable app.",grab_reviews.csv,5,positive,positive,0.9994350267056439
🙏🙏🙏Please don't download this app. Nothing to order all are unavailable. This app getting stupid day by day. A worst choice.,foodpanda_reviews.csv,1,negative,negative,0.9531308501642528
mkanan sedap sup sedap sambal pedas sangat ayam kurang garam macam tak de rasa untuk yang laiinnya sedap,foodpanda_reviews.csv,4,positive,neutral,0.9972372924513067
ifurrrretIR,foodpanda_reviews.csv,2,neutral,negative,0.384404416201283
Poor service.. really disappointed..,foodpanda_reviews.csv,1,negative,negative,0.9999741772325007
I feel safe whenever I use grab car. Keep up the good work guys!,grab_reviews.csv,5,positive,positive,0.9999786234582325
"The app automatically made one of my card as a primary payment method and they won't allow me to remove or change it! Customer service always say the same thing, copy paste reply! So frustrating! Fix your app and your website!!!!!!",foodpanda_reviews.csv,1,negative,negative,0.9995980713352847
মাদারচোদ তোগো লাইগা ইউ টিউব এ সান্তি মতো ভিডিও দেখতে পারিনা শালার পুত 🤬🤬,foodpanda_reviews.csv,1,negative,negative,0.9999755707499526
Too often updated,grab_reviews.csv,5,neutral,negative,0.43317971432998376
cekik darah..,foodpanda_reviews.csv,1,neutral,neutral,0.9989805491967645
Please give me a good voucher...,foodpanda_reviews.csv,5,positive,positive,0.980815455447642
worst app when it's coming to the transport,grab_reviews.csv,1,negative,negative,0.8938857372460718
"Good, but some road names not available in the system, driver waste time to find the pickup point.",grab_reviews.csv,4,negative,negative,0.9798968223976903
budu punya grab mw minta selfie lagi,grab_reviews.csv,1,neutral,neutral,0.9677431483412673
the methods for suspend customers for request immediately after cancel few time is unreasonable and there's should a choice of bike for customer size. A small bike doesn't fit to big customer and impact to uncomfortable. Majority of driver's bikes are type of Yamaha Beat/Mio or Honda Vario which are relatively too low for someone who has tall/big posture size.,grab_reviews.csv,2,negative,negative,0.9412068504819231
Awesome drive,grab_reviews.csv,4,positive,positive,0.9981706791955
Sejauh ini aplikasi berjalan lancar. Tapi tolong ditingkatkan performa driver dan profesionalitasnya.,grab_reviews.csv,3,neutral,neutral,0.9999254345574828
Tor ma chudi Khankir Pola YouTube ay ATO ad DES kn?,foodpanda_reviews.csv,1,neutral,neutral,0.9990259380605634
setelah Update versi terbaru aplikasinya jadi agak berat dan lelet pas awal dibuka!,grab_reviews.csv,4,neutral,neutral,0.9999977011209175
Great app to use. Doesn't crash but requires internet data.,grab_reviews.csv,5,neutral,positive,0.749236996534617
Love it so much !!!! Thanks grab.,grab_reviews.csv,5,positive,positive,0.9999979816370276
very useful app thanks,foodpanda_reviews.csv,5,positive,positive,0.9999995331255558
"Good. Not enough drivers, but very good transportation!",grab_reviews.csv,4,positive,positive,0.9675245411506781
Its a great app❤,foodpanda_reviews.csv,5,positive,positive,0.9999987347538355
Zawe Pyae Hein,grab_reviews.csv,1,neutral,neutral,0.5218890624411539
always a solution for my time to time craving of food... I wuvvvv thisssss ❤️❤️,foodpanda_reviews.csv,5,positive,positive,0.9941358380157216
No help serivice to review food. Pathetic and waste of money.,foodpanda_reviews.csv,1,negative,negative,0.999994765435049
The application can't lock in to servers. I use samsung galaxy note 2,grab_reviews.csv,2,neutral,neutral,0.5634539210348061
สะดวกครับ ส่วนใหญ่ เจอ พนักงานสุภาพครับ เสียอย่างเดียว ไม่ค่อยมีเงินถอน ให้ 55,grab_reviews.csv,5,neutral,neutral,0.7142856466288082
Ever since Uber left they monopolized the industry. The fare have been outrageous since Uber's exit.,grab_reviews.csv,1,negative,negative,0.95026154959196
I hope that grab can give more optional with less rewards points since im always use this app.. thanks,grab_reviews.csv,1,positive,positive,0.9978967318460975
Magnifique,foodpanda_reviews.csv,5,neutral,positive,0.3708246293685756
Better than most,foodpanda_reviews.csv,4,positive,positive,0.9873669312632073
Easy to use application..variety of shops to choose from..,foodpanda_reviews.csv,4,positive,positive,0.9991154077813982
Lousy everyday times of red up is one person price the driver so expensive..,grab_reviews.csv,1,negative,negative,0.9244152473224776
Reliable and convinient,foodpanda_reviews.csv,5,neutral,positive,0.9761431268820218
Nice hehe,foodpanda_reviews.csv,5,positive,positive,0.9845565759903433
Please add in the features that allow user to have their own pin location rather than follow grab location pin which sometimes the location is not correct.,grab_reviews.csv,3,positive,negative,0.8333354508796307
"Kenapa saya tekan dekat prepaid tu, tak keluar apa apa. Warna putih je. Lama tunggu pun macam tu juga",grab_reviews.csv,1,neutral,neutral,0.9998693192810708
This app is good. Try add halal feature in grabfood. It's help a lot since I live in Bali. We muslim need distinguish our food. Thank you,grab_reviews.csv,4,positive,positive,0.9953360563273587
too much bug. this app always has an update to fix it but the result still the same.,foodpanda_reviews.csv,2,neutral,neutral,0.8464849751502795
Where the hell is the Expected time of arrival?,grab_reviews.csv,1,negative,negative,0.9949443379019438
IT IS JUST A WORST FOOD DELIVERY APP I EVER SEEN. DON'T WASTE YOUR MONEY AND TIME ON IT. 😡,foodpanda_reviews.csv,1,negative,negative,0.99996280859796
ไม่สนับสนุนแอพสลิ่มและรัฐบาลผเด็จการ lll,foodpanda_reviews.csv,1,neutral,neutral,0.505525407774851
Very disappointed it took 70 minute to deliver from a distance of 1 kilometers also the zingers burgers were very bad non-warm and and like the shown in the picture.,foodpanda_reviews.csv,1,negative,negative,0.9301585625385628
Bad deliverer left my food at hotel LG car park. FCUK! Will delete this food app forever.,foodpanda_reviews.csv,1,negative,negative,0.4360225430169063
Worst app.not open in 30 min also. Data succer. .,foodpanda_reviews.csv,1,negative,negative,0.9766585367850712
"Their customer service went downhill. The reason why I chose to use Foodpanda over grab is because of it's extremely fast and excellent customer service. Now, Foodpanda had become worst than grab. Their chat support won't provide any realtime resolution and what's worse is that they'll disconnect the chat immediately!!! I noticed this happened when the customer service whas taken over by a call center from Philippines as indicated by the CSR's names. FOODPANDA NEEDS TO MAKE DRASTIC CHANGES!!!!!",foodpanda_reviews.csv,1,negative,negative,0.9991855059137739
"For now, foodpanda is the best delievery food ever!! Tq foodpanda..",foodpanda_reviews.csv,5,positive,positive,0.998125492157702
Must try to Late and irritating,foodpanda_reviews.csv,2,negative,negative,0.9961352676836122
I'm happy to be a Foodpanda customer.. Cuz it's so very fast and easy to order..that's why I like it.,foodpanda_reviews.csv,5,positive,positive,0.99994892175378
Torrrrbaikkk,foodpanda_reviews.csv,5,neutral,neutral,0.7853276049927583
"app paling teruk,aku tunggu makanan aku 2 jam tak sampai2",foodpanda_reviews.csv,1,negative,neutral,0.96105717753082
Good and fast responding and fast delivery,foodpanda_reviews.csv,5,positive,positive,0.9999801661425078
Thanks to Grab for give us A safe journy,grab_reviews.csv,5,positive,positive,0.9994957648102615
Mabilis complte at mainit pa ung deliver na pagkain,foodpanda_reviews.csv,5,neutral,neutral,0.97965287240839
i can't use this app i cash in and i can't order any food i dont have a FOOD icon,grab_reviews.csv,1,neutral,negative,0.5736558200351277
Wonderful app with a good service.,grab_reviews.csv,5,positive,positive,0.9999924189146463
Its always says everytime i log in is blocked what the f .. just rate half star if i can 😩,grab_reviews.csv,1,negative,negative,0.975075466993621
I7KCg8?g_st=ic0k877,foodpanda_reviews.csv,1,neutral,neutral,0.9093417441454328
The app won't accept the coupon codes. Food panda is loosing customers just because they try to fool the customers with fake coupon codes. Moreover delivery guys don't even have change. FP should atleast give their delivery boys proper change.,foodpanda_reviews.csv,1,negative,negative,0.9982635497011453
"mantab,tersedia banyak, aplikatif dan mudah",grab_reviews.csv,4,neutral,neutral,0.9999171445181523
loved that app,foodpanda_reviews.csv,5,positive,positive,0.9936589845192582
Pelayanan terbaik,grab_reviews.csv,5,neutral,neutral,0.9946454346449064
Zero rating,foodpanda_reviews.csv,1,neutral,negative,0.6769926594478634
Ggwp rude driver,grab_reviews.csv,1,negative,negative,0.9877795936375537
"You bully your own employees, your heartless people. The viral video one of your employee make me very sad and angry. I will boicot this app😡😡",foodpanda_reviews.csv,1,negative,negative,0.9998266823738146
Best. Boleh order sbb kadang malas masak. 😝,foodpanda_reviews.csv,5,positive,neutral,0.6356762993711088
"Edited review: GRAB has the worst customer services. Just give it a try. When your account have a problem, their customer services cannot do anything. I want to give a minus star if i can.",grab_reviews.csv,1,negative,negative,0.9987122733845035
Laboomlalakaka,foodpanda_reviews.csv,5,neutral,neutral,0.7303269994898183
tyrans and capitalism from malaysia,grab_reviews.csv,1,neutral,neutral,0.5022880820722205
"Seharusnya penumpang wajib memberikan feedback ke driver meskipun tanpa ulasan, kebanyakan penumpang mengabaikannya.. Mudah-mudahan kedepannya sebelum order selanjutnya penumpang tidak bisa pesan kalau perjalanan sebelumnya belum di kasih ulasan..",grab_reviews.csv,3,neutral,neutral,0.9999999961069364
Promo codes doesnt work on me everytime since the update,grab_reviews.csv,1,negative,negative,0.9929683541913328
Mangoes restaurant is not on it,grab_reviews.csv,1,neutral,negative,0.536433615164375
Cant find my location,foodpanda_reviews.csv,1,neutral,negative,0.6651295615454794
"Lucky you grab, u on ma list !",grab_reviews.csv,5,positive,positive,0.8492813754423989
Terrible experience. Ordered a single pizza via the app at 740pm. Order delivery was pushed back several times but an option to cancel was greyed out. At 945pm the order was cancelled by Grab because a driver was not available. A review could not be left and I am now without dinner after waiting 2hra. The order should never have been taken. Unacceptable.,grab_reviews.csv,1,negative,negative,0.9999741259250813
"Ni bangsat tuan2. Jenis tindas orang, jangan percaya. Orang lain susah payah. Kalu senang2 perah. Dasar parasit",foodpanda_reviews.csv,1,neutral,neutral,0.9999321628439698
i did not get the code,grab_reviews.csv,4,neutral,negative,0.6426139358738056
"I don't know if bawal ba talagang pumasok sa isang compound kahit dun nakapin at 10 hakbang lang naman. Pero sige, requirement niyo yan. Sa ibang platform na lang ako.",grab_reviews.csv,1,neutral,neutral,0.9739312033839603
Great convenience !,foodpanda_reviews.csv,4,positive,positive,0.9645536250818024
Why the comment section or review is not showing after last update.? Very negative intentions,foodpanda_reviews.csv,1,negative,negative,0.8065034026226612
great all in one app,grab_reviews.csv,5,positive,positive,0.9734835398918138
It's easy to use. There's a lot of varieties,foodpanda_reviews.csv,5,positive,positive,0.999858555228398
Verygood sofar,foodpanda_reviews.csv,5,neutral,neutral,0.9984309944862675
Thanks for excellent service...,grab_reviews.csv,5,positive,positive,0.9999991758931784
Suitable for me.. easy to use and good option available,grab_reviews.csv,5,positive,positive,0.9999990970613011
good one at ur door step,foodpanda_reviews.csv,4,positive,positive,0.9544265448788216
Some of restaurants declined my order!,foodpanda_reviews.csv,2,neutral,negative,0.6260919486638521
Too Much Bad Application. All the time order cancelled . Some Time Order late Deliver. And some Time Food quality is very Bad. . dil To karta Hay Muu Toor du In logo ka Bad food delivery par,foodpanda_reviews.csv,1,negative,negative,0.9995207517497448
It suck! After update keep crash and promo code cannot use well and all the biggest problem is our grab driver not friendly at all! Just go close the grab no need to drive already!,grab_reviews.csv,1,negative,negative,0.9850498284978803
No delivery charge... Just please put complain portion in the apps for those delivery rider who are rude,foodpanda_reviews.csv,5,negative,negative,0.9847190392878007
Ayusin nyo work nyo !,foodpanda_reviews.csv,1,neutral,neutral,0.8081133033578706
10 stars! 🌟,grab_reviews.csv,5,neutral,positive,0.6766279276982731
"unforgetful ,,& friendly dvr need a car now i just need a car now, waiting at Protec wksp",grab_reviews.csv,4,positive,negative,0.504526459265353
"sejauh ini baik, tapi kadang2 sulit memasukan alamat pengirima",grab_reviews.csv,5,neutral,neutral,0.9999445876313712
vvv good,foodpanda_reviews.csv,5,positive,positive,0.9936995899808542
"Supportive customer service. Yesterday, my order got 40 mins late. I complaint in chat and the representative talked to restaurant and asked me to not pay a single penny while receiving the late order. So, I received my order 1hr late but free of cost.",foodpanda_reviews.csv,5,positive,negative,0.9966737051753723
Yung current location ko 1 mile ang layo sa pini pinpoint na address. ma sususpinde pa ang rider kung naling address pinuntahan nila.. di daw nakikinig ung regional developer. lagi nalang sa ibang street na pipinpoint.,foodpanda_reviews.csv,4,neutral,neutral,0.8344110090116451
"Buat ada si ada double order untuk driver buat food? Udah nunggu lama eh ternyata driver nganterin orderan orang lain dulu tanpa pemberi tahuan di aplikasi. Mending diapus aja tu layanan double order, bikin kecewa buat pake lagi.",grab_reviews.csv,1,neutral,neutral,0.9999998006774063
it's amazing app I ever seen,foodpanda_reviews.csv,5,positive,positive,0.99814182574351
I sent the numerous emails about my missing item in my order and its been a week and they're not responding to my concern! Useless support!,grab_reviews.csv,1,negative,negative,0.9994330452910006
"Kaga ada yang mau ambil driver nya kalo pake OVO, trus ngapain repot repot isi. Tolong diperhatikan lah OVO user",grab_reviews.csv,1,neutral,neutral,0.9999970236576372
Easy to place an order...,foodpanda_reviews.csv,4,positive,positive,0.9376682436462231
Promonya mantep. Mudah. Membantu. Love it,grab_reviews.csv,5,positive,neutral,0.9959958635300263
Duit dh deduct dr acc...tpi makanan xsmpai...!!!!😡😡🤬🤬🤬,foodpanda_reviews.csv,1,negative,negative,0.9982700115694025
Remove KFC from my restaurant options if they are never gonnna deliver food to me. Every time they cancel ..,foodpanda_reviews.csv,1,neutral,negative,0.9878666329006038
"I am unable to change my email and my contact number.. whenever i change my contact number.. This error occurs ""something went wrong .. please try again"".. Any solution?",foodpanda_reviews.csv,3,negative,negative,0.9982149588751251
Third class app really very disappointed,foodpanda_reviews.csv,1,negative,negative,0.9435188423384082
90% orders are delayed. CS is not capable. They ask you wait till you die.,foodpanda_reviews.csv,1,negative,negative,0.9940461164416403
I love this app itz very help full thanks foodpanda team,foodpanda_reviews.csv,5,positive,positive,0.9999930980188069
These guys might aswell call themselves Chor Panda .. I have had 5 different issues with them and all those times they took my money and never deliverd ..,foodpanda_reviews.csv,1,neutral,negative,0.9957351961166739
why i cannt log in,grab_reviews.csv,5,neutral,neutral,0.9473982431138986
its gucci,foodpanda_reviews.csv,5,neutral,positive,0.4690495896547639
I order from domino's & received from local pizza bite comnes,foodpanda_reviews.csv,1,neutral,negative,0.9852524105897359
thanks for you grab,grab_reviews.csv,5,positive,positive,0.9980350880689978
Some driver rider is rude.,foodpanda_reviews.csv,1,negative,negative,0.9963460096988835
"often lags, inaccurate position/map, glitching in apps. So annoying, cant believe i think gojek is better",grab_reviews.csv,1,negative,negative,0.8531529094043393
Yaaa pokoknya enak lah,grab_reviews.csv,5,neutral,neutral,0.9698133182367391
im manila and province rider,grab_reviews.csv,5,neutral,positive,0.7273837107700505
GRAB IT!!,grab_reviews.csv,5,neutral,positive,0.6856669174685543
"Sometime u feel,if we Don't have foodpanda then We had miss many delicious food from many restaurant... Foodpanda makes our life more easier",foodpanda_reviews.csv,5,positive,positive,0.9936410053691106
All ok n fine,foodpanda_reviews.csv,5,positive,positive,0.8303277217310951
When ihvav,foodpanda_reviews.csv,2,neutral,neutral,0.47006746262894117
Dati 5 stars ngayon wala kami mabook na car ang daming dumaan d nagaaccept 😢,grab_reviews.csv,2,negative,neutral,0.9973056401993836
Lovefoodzz,foodpanda_reviews.csv,5,neutral,positive,0.7196314976376285
I love it that you can see the type and car model so it is easier to find your ride esp during rush hours!,grab_reviews.csv,5,positive,positive,0.9963594533673797
"Best app for food, best customer care",foodpanda_reviews.csv,5,positive,positive,0.9999873681958058
Bapak mahal perjalanan x smpai setengah km die cas Rm 5..baik aku jln kaki lgi untong bab,grab_reviews.csv,1,negative,neutral,0.9987477729624427
sukses truss,grab_reviews.csv,5,neutral,neutral,0.9885580931287126
Why should we give you permission to use our camera? What is that for?,grab_reviews.csv,1,neutral,negative,0.46633295776030476
Hapus aja lau fungsi extra fare yg dipake sama pengemudi.. banyak yg salahgunakan ditambah2 yg ga jelas.. saya udah 4x kena... Payah.. kalau mau ada fungsi verifikasi aja ke penumpang.. kalo gini kan susah,grab_reviews.csv,2,neutral,neutral,0.9999999814236278
Hi I placed my order but a popup showed my bank password,foodpanda_reviews.csv,3,neutral,neutral,0.6413691939030098
sangat membantu sekali. mudah digunakan.,grab_reviews.csv,5,neutral,neutral,0.9999948166095339
great service food delivery always to time,grab_reviews.csv,5,positive,positive,0.9653531136818005
isu naisuuuu,grab_reviews.csv,5,neutral,neutral,0.6543477625700985
Just nice! Covers all areas.,grab_reviews.csv,5,positive,positive,0.9646627451702038
"The customer service for Indonesia is very bad. I found problem inconsistency in their T&C (it might be a bugs) a couple times. Report it. The answer always ""please check again the T&C. Even though I upload the screenshot, they never look at it.",grab_reviews.csv,1,negative,negative,0.9977481958724301
"Worst app ever. They have missing item but did not inform buyer. Thats the main item I need. 2nd time they have buy1 take1 did not get the free item. Worst customer service, they cannot help customer. Deleting this app now.",foodpanda_reviews.csv,1,negative,negative,0.9999299495282825
So disappointed!!,foodpanda_reviews.csv,1,negative,negative,0.9995516417990364
Not exactly great but I don't hate it. I just keep the app in handy for when I can't book on Uber :),grab_reviews.csv,3,positive,negative,0.5287833133428729
Very helpful :) really love this app... :),grab_reviews.csv,5,positive,positive,0.9999979970468211
semakin tidak gemar dengan GRAB disebabkan ramai pemandu yang berlagak dan kurang ajar,grab_reviews.csv,1,neutral,neutral,0.9999712742189454
Overall its best but need improvements in areas like search and buying different items from different outlets at the same time and need to make it 24/7 the users a full fledge service ...,foodpanda_reviews.csv,4,positive,positive,0.5584752728567969
Food panda service r best i m very satisfy this app,foodpanda_reviews.csv,5,positive,positive,0.9999030212401747
marvelous superb,grab_reviews.csv,5,positive,positive,0.990344347350671
Work great everytime,grab_reviews.csv,5,positive,positive,0.9621797222785485
"Foodpanda is Amazing ... I love it...😍 Service , taste ,in short everything is Bravoooo...",foodpanda_reviews.csv,5,positive,positive,0.9999909916742272
"Been using this app for ordering food all this while. Just couldn't understand my order adrress is wrong, I need to cancel the order and reorder... This stupid app don't allow cancel, and the customer service is refuse to help and divert me to call the driver to make change... Besides, grab driver is complaining my address is far, while the correct address is 10minute from the merchant side.. a nightmare experience with useless customer service",grab_reviews.csv,1,negative,negative,0.9999915035650695
The best taxi to ride.,grab_reviews.csv,5,positive,positive,0.9999518614052394
"Orders are usually 5 minutes late, but acceptable for me. Help line is good now.",foodpanda_reviews.csv,4,positive,positive,0.9808428357066984
Makin mengarut harga,foodpanda_reviews.csv,1,neutral,neutral,0.9877760473939124
this grab can not found a driver,grab_reviews.csv,1,neutral,neutral,0.5550265309347996
nomanzia,foodpanda_reviews.csv,5,neutral,neutral,0.7506327640184112
It service is good Foodpanda make better day by day keep it up❤️,foodpanda_reviews.csv,5,positive,positive,0.9982691359674903
Awesome app... Real time delivery and it is free...,foodpanda_reviews.csv,4,positive,positive,0.9999703469502542
I'm trying to download the app but it isn't allowing me to download.,foodpanda_reviews.csv,1,neutral,negative,0.845171647035405
If can lets us save up our favorite restaurant it would better. Thank you to heard my request. But recently May 2020 facing cannot credit card payment problem. Tried diffrent card also same...Keep payment failed. Most of the friend also facing same problem. Pls look into this seriuosly.,foodpanda_reviews.csv,2,positive,negative,0.8416886918367059
Comment passed after delivery,foodpanda_reviews.csv,5,neutral,negative,0.7025866790128834
"Keep asking me to retake my id photo, make me feel frustrated.",grab_reviews.csv,1,negative,negative,0.8074070832487815
Convinient ....,foodpanda_reviews.csv,5,neutral,positive,0.694711885961766
hmmm kafi behtar h,foodpanda_reviews.csv,5,neutral,neutral,0.7995432599766417
VERY BAD APP AT THE TIMES OF NEED IT HAS BUGS,foodpanda_reviews.csv,1,negative,negative,0.94883087706018
I ordered food. It wouldn't let me change the delivery location. So I cancelled it and started again. Then grab placed 2 orders for me instead. I just paid the second one because of the poor driver. Faulty app!!!,grab_reviews.csv,1,negative,negative,0.9997716516402465
Address input is horrid. Impossible. Just download Food panda since they aren't bothered to fix it.,grab_reviews.csv,1,negative,negative,0.9969142248459351
Kenapa saya tak dapat nak log in kat app ni?? Macam2 cara dh saya laku kan tapi tak menjadi juga.. Tolong balas ya,grab_reviews.csv,1,neutral,neutral,0.9999988629420428
They gives voucher and doesn't include the things that we more love they only includes the most hated things in voucher so bad lays wavy aren't includid even juices only kurleez and coldrinks are so bad i am exhausted,foodpanda_reviews.csv,1,negative,negative,0.9717258935938783
Not allowed to made payment via grab credit or debit on both transport and food delivery. It's ridiculous.,grab_reviews.csv,1,negative,negative,0.980277066540102
"Many times im having problems when i want to check the position of the driver and after i make rating for the driver and try to use other service its always showing "" delivery"" in my applicatoon...i feel sick for that..and grab very slow to respond..please..",grab_reviews.csv,2,negative,negative,0.996463220178451
So far So good 👍👍,grab_reviews.csv,5,positive,positive,0.9999994495791946
"History banyak yg tidak tampil, driver minta tambahan yg di potong dr account kita oleh driver, pihak grab tdk bisa kembalikan uangnya, katanya nanti drivernya yg akan kembalikan sendiri, bagaimana mungkin kita bisa ketemu driver itu lg, tdk recomended utk teman!!",grab_reviews.csv,1,neutral,neutral,0.9999999851027894
Losers app,foodpanda_reviews.csv,5,negative,negative,0.4309719658495921
TIDAK RAMAH DIFABEL !!! BYE,grab_reviews.csv,1,neutral,neutral,0.9973505539969092
can't use for grab food and never receipt notify from grab,grab_reviews.csv,4,neutral,negative,0.7903481178605007
Good and available at all time,grab_reviews.csv,5,positive,positive,0.9228108620814635
sangat teruk bila salah 1 driver grab meminta duit dr anak saya setelah sye buat online payment..x amanah langsung...berhati2 dengn org yg cam ni,grab_reviews.csv,1,negative,neutral,0.9984159271571461
"Day by day its getting worse, what a disappointment...",foodpanda_reviews.csv,1,negative,negative,0.9998269042642893
not just the app is so annoying they dont even let me rate Terrible on the food and how the canceling order feature they have!!!!!!!!!!!!!!!!worst experience!!calling hordes of people to rate bad on you!,grab_reviews.csv,1,negative,negative,0.9999844934532159
App yang sangat membantu.,grab_reviews.csv,5,neutral,neutral,0.9967597068781346
Good apk and best service Very good. . I love Foodpanda,foodpanda_reviews.csv,5,positive,positive,0.9999999078557564
"No service in Lyari, shameless! Insane! 😡😡",foodpanda_reviews.csv,1,negative,negative,0.9999904744504777
Gud expiereance with food panda butt food rate is so high,foodpanda_reviews.csv,3,positive,positive,0.7489371966712189
Mapnya sdh 2 bln tidak beres2.,grab_reviews.csv,4,neutral,neutral,0.9850815687623635
The Notification cannot load then I cannot deduct my money. Is it a bug?,grab_reviews.csv,2,neutral,negative,0.657994349585405
I use this everyday. It's prompt and easy to use.,grab_reviews.csv,5,positive,positive,0.9997709196867549
My previous review is bad because of glitch but they fix,foodpanda_reviews.csv,5,neutral,negative,0.9912041185742297
"I tried ordering from foodpanda twice and the food was delayed TWICE! The first time i ordered it came 2 hours late and the second time i ordered it came 1 hour+ late. And by the time the food came it was already cold. Besides that, i had other places to go, so if the food comes late, i will have to skip my lunch or be late. Super unsatisfied!👎",foodpanda_reviews.csv,1,negative,negative,0.9991059997293659
always can count on it when it's time,grab_reviews.csv,5,neutral,negative,0.5984198007291852
the worst delivery service ever,foodpanda_reviews.csv,1,negative,negative,0.9995921565626408
was all good but recently i rode about 5-6 grabs with poor gps problem!! i put my desired location at exact usual spots i usually go to before riding the grab. and gps having issue where my location is far away from the desired location. pls fix this so that i can get to places ON TIME. im using oppo r17 and there isnt much problem with my gps EXCEPT for grab.,grab_reviews.csv,3,negative,negative,0.965311957701
Gud apps,grab_reviews.csv,5,positive,positive,0.996937702872852
Ksisosos,foodpanda_reviews.csv,5,neutral,neutral,0.6539900587361431
"Drivers keep refusing to pick up Grabshare and Justgrab rides, I can see 10 cars around my vicinity and the search almost always ends with no drivers found. Drivers accepting the ride then immediately canceling is also a common problem. Frustrating to use.",grab_reviews.csv,2,negative,negative,0.9990034893512549
bad very very bad for grab food,grab_reviews.csv,1,negative,negative,0.998223893184889
Sana mg karoon narin nang grab express sa baliuag bulacan at bustos bulacan,grab_reviews.csv,5,neutral,neutral,0.9824419005429825
Hello! I would like to thank your delivery guys. It's an effort to walk into and up to my apartment (at Goodwill Court) and they've been very patient with checking directions and/or waiting for me to hobble to the front door (I fractured my ankle). My sincerest thanks and compliments to them.,foodpanda_reviews.csv,5,positive,negative,0.787090459216203
Why i cant log in? I just log out but then i cant log in back. I'd uninstall and then install it back but it is useless. Hope u fix it and help my problem😢,grab_reviews.csv,2,negative,negative,0.993101554638729
pathetic service wasted of money delivered wrong food and no return,foodpanda_reviews.csv,1,negative,negative,0.9999976380789133
"Food Panda Delivery services are pretty bad in Yangon. HR Department didn't try to review the customers' complaints. Start from April 2022, some riders are rude and the company didn't pay attention to make a better situation even being badly reviewed for thousand times. Bye Bye from now on..!!",foodpanda_reviews.csv,1,negative,negative,0.9995234813715176
Although the is not bad enough but you should have to show the rider on the map to the customer,foodpanda_reviews.csv,3,neutral,neutral,0.409492788904122
"Excellent service: Friendly driver, Clean car :)",grab_reviews.csv,5,positive,positive,0.9999817921950098
Good food berry nice,grab_reviews.csv,4,positive,positive,0.9999669681541564
Macet Jakarta ga kerasa pake grab bike..,grab_reviews.csv,5,neutral,neutral,0.9996191316450206
Itx veryyyyy good,foodpanda_reviews.csv,5,positive,positive,0.998719970176063
Ohh yeah it's great,foodpanda_reviews.csv,5,positive,positive,0.8978524205673244
scammers app,grab_reviews.csv,1,neutral,negative,0.5418528777435743
"Worst service, the food delivery kept being late",grab_reviews.csv,1,negative,negative,0.9913725923720589
"if I can give -tiv star I will vote, very disappointed, Just uninstall this app.. useless.. after 3 hours I'm waiting until midnight u just give me 6 ringgit voucher ? Didn't get any information, after 3 hours that u cancel my order 3 hours 🤬.. not a first time..",foodpanda_reviews.csv,1,negative,negative,0.999707145392754
Not much variety in restuarants near my place sadly.,foodpanda_reviews.csv,3,negative,negative,0.8611179405812933
Food panda is my best friend,foodpanda_reviews.csv,5,positive,positive,0.9996538042243913
Such a bad service. Can't even update the details. I have create a new account just to update my phone number ? Such a bad app.,foodpanda_reviews.csv,1,negative,negative,0.9998551199448601
"aplikasi grab gak bisa terbuka, hanya muncul tampilan ""your app will be ready in a moment""",grab_reviews.csv,1,positive,neutral,0.9995386394436453
"So happy and sad with this apps. Happy cs it made my tummy full,but kinda sad cs it made my wallet thin.",foodpanda_reviews.csv,5,negative,positive,0.8430128134279875
"the worst app i ever installed, the service i can see only hotel , n i dun need hotel i need car service, as a new user cant even verified the account n keep saying error try again.",grab_reviews.csv,1,negative,negative,0.9973839707112505
Verry good app Easy to use,foodpanda_reviews.csv,5,positive,positive,0.9999991853770261
I really appreciate and love this servis....,grab_reviews.csv,5,positive,positive,0.9999107781700202
It took ten years just to open chat with merchant. That's really stupid.,grab_reviews.csv,1,negative,negative,0.9285346274058669
I waited 2 hours for my pizza and yet i receive the wrong one...tried to message the rider a few times but no response at all... and kindly add a number to call or chat service directly to Panda food to check on orders or to complaint and not for cancelling the order only. Thank you.,foodpanda_reviews.csv,1,positive,negative,0.9979922134836686
Is not working what problem with app now tell me plz,foodpanda_reviews.csv,1,negative,negative,0.9963404554673374
Very bad service...Nagbook ako Ng order para sa bf ko I'm at the province and he's in manila...I put correct location...I used online payment pero di nkrating Ang food sa tamang destination...Basta n lng daw nya I drop off kase di nya daw mhanap ung tao n pagdedeliveran...ngtanong Rin sya sa palgid Kung San bnda ung address n nkalagy pero di nya pinuntahan...I don't know Kung sa rider npunta ung food o ano ...lesson learn n tlga,foodpanda_reviews.csv,1,negative,neutral,0.9767594910926058
"My #cravingssatisfied thankies so much for the help this pandemic, :)",foodpanda_reviews.csv,5,positive,positive,0.9981540656102479
"A very hard earned one star, the late deliveries compete with non deliveries to make your life miserable.",foodpanda_reviews.csv,1,negative,negative,0.9533459305155921
This app is good but can be really disastrous when you don't update it for too long and need to use it in emergency...,grab_reviews.csv,1,negative,negative,0.688300477611042
good ride and food apps,grab_reviews.csv,5,positive,positive,0.9917399885747292
Good app but sometimes restaurant listed don't deliver what's in their menu,foodpanda_reviews.csv,5,neutral,negative,0.9136255460404984
Such a great,foodpanda_reviews.csv,5,positive,positive,0.9951646398752398
"Poor that reset password,email keep no receive link for reset. Bring to customer service no solution",foodpanda_reviews.csv,1,negative,negative,0.9854720845091157
Gak lemot ::)))..,grab_reviews.csv,5,neutral,neutral,0.9966011050259348
taxi service is great but can not order delivery without allowing grab access to contacts.,grab_reviews.csv,5,neutral,neutral,0.7222473098551325
Grab helps me travel more securely.,grab_reviews.csv,5,positive,positive,0.9994671057639077
what a service great driver polite and helpful,grab_reviews.csv,5,positive,positive,0.9999628270351195
my IST time to order using my phone and thankful I did it right .And it came so fast .Thank you and God bless.,grab_reviews.csv,5,positive,positive,0.997521641413152
Doh mu tolo bodo,grab_reviews.csv,1,neutral,neutral,0.9044618551539096
Susah dapet driver.,grab_reviews.csv,1,neutral,neutral,0.9982509489141932
There is always room for improvement.,foodpanda_reviews.csv,4,neutral,neutral,0.5470164627090985
Getting better than before,foodpanda_reviews.csv,4,positive,positive,0.9939860610619871
Impressive and nice how it works,grab_reviews.csv,5,positive,positive,0.9977818811854381
panget ng cs! wala oang consideration sa riders,foodpanda_reviews.csv,1,neutral,neutral,0.957076381520853
"Accommodating, friendly delivery guy and delicious food.",grab_reviews.csv,5,positive,positive,0.9983118611522189
I am very happy to use this app 😘 and the delivery time of this app is too short 👍😎 and I am always enjoying this app,foodpanda_reviews.csv,5,positive,positive,0.9999999949839662
Very bad experience using food panda. Missing item and contact to customer service then they ask me to call the restaurant. I made payment using credit card. Domino's said order from food panda is wrong and show me the order to prove. When contact to food panda then customer service said their are not to one to take responsibility. So no refundable can be done. Hope other ppl do not use this apps again. Irresponsible company,foodpanda_reviews.csv,1,negative,negative,0.999994284465279
Most of the drivers polite but there's one or two of them act rude with customers. Some action should be taken for this type of drivers.,grab_reviews.csv,5,negative,negative,0.9806863847014677
Some of your rider did not deliver all orders.. some are lacking and not delivering back to their client,foodpanda_reviews.csv,3,neutral,negative,0.9394529096371641
stupid drivwer,grab_reviews.csv,1,negative,negative,0.9994620265147514
Need a lot of improvement,grab_reviews.csv,2,neutral,negative,0.5257555027169355
"I moved to Muar. So far, Grabfiod service here is very excellent.",grab_reviews.csv,5,positive,positive,0.9998798694335387
This apps make my life happier!!! 😂,foodpanda_reviews.csv,5,positive,positive,0.9999823999861925
Good papa,grab_reviews.csv,5,positive,neutral,0.8884293393079264
my account has a banned from grab🥺😭 plis comeback my account😭😭😭,grab_reviews.csv,2,negative,negative,0.9981360748109206
Sucks gps,grab_reviews.csv,3,negative,negative,0.9846871916257368
Grab is great.,grab_reviews.csv,4,positive,positive,0.9984196133446896
Excellent 😋,foodpanda_reviews.csv,5,positive,positive,0.9987072994921385
I like your promotions and quality of service! Keep it up! I hope in advance future your application will have many options and opportunities for platinum users!,grab_reviews.csv,5,positive,positive,0.9447245164369467
It doesn't work in my area,foodpanda_reviews.csv,1,negative,negative,0.9999258963048094
"Totally fake, I didn't get what I ordered. Useless, waste of.money. I'm uninstalling it.",foodpanda_reviews.csv,1,negative,negative,0.9999907044620243
convenient to riding public...,grab_reviews.csv,4,neutral,positive,0.6674650147128395
superb platform when you are tired and hungry and dont have power to cook food for your self then no problem sit back grab your mobile and just select your nearest hotel and place your order it will be served with in hardly half an hour. waqt se pehle order gher per personal experience. superb delicious food you will get.,foodpanda_reviews.csv,5,positive,positive,0.8445093255919522
sucks when the driver doing multiple deliveries!,grab_reviews.csv,1,negative,negative,0.8827669796200622
service not good !,foodpanda_reviews.csv,1,negative,negative,0.9985867557980748
Omg!!!i love it i am give 5 star👍👍👍,foodpanda_reviews.csv,5,positive,positive,0.9998723197002245
That's gd app 👌,foodpanda_reviews.csv,5,positive,positive,0.9987192677132668
Bad quality food supplier,foodpanda_reviews.csv,1,negative,negative,0.9912943794197244
Always delivers late....very bad service....,foodpanda_reviews.csv,1,negative,negative,0.9987630728679104
"Lately asyik banyak kali dok update. Tak nampak pun perubahan dia, sama macam tu saja. Overall okay nothing to worry so much",foodpanda_reviews.csv,5,positive,neutral,0.9971203498337551
Keep up the goodwork,grab_reviews.csv,5,neutral,positive,0.9926167289827794
"Rubbish apps. Map's not working, celaka betul",grab_reviews.csv,1,negative,negative,0.8294744838475271
Its terrible at finding my house misses it every time.,foodpanda_reviews.csv,4,negative,negative,0.9826144179113927
Nice and fast app to get a cab. Especially when raining and you want to skip a queue,grab_reviews.csv,4,positive,positive,0.9969782150780984
Sampai detik ini masih lancar jaya pakai Grab tanpa keluhan.,grab_reviews.csv,5,neutral,neutral,0.9999916387280305
Grab driver very polite n courteous. Very gd service,grab_reviews.csv,5,positive,positive,0.9990973928859755
I really like ordering from this app❤️,foodpanda_reviews.csv,5,positive,positive,0.9981837753667732
nice but worry to press wrong button hope can separete with colour,grab_reviews.csv,4,negative,negative,0.7929380054320887
Good quality products and good service,grab_reviews.csv,5,positive,positive,0.9996795095643326
"As i always believe Grab will always seek the best solution either for a passenger, driver or a customer in daily business.",grab_reviews.csv,5,positive,positive,0.8248719637044682
perfectly 💯,foodpanda_reviews.csv,5,positive,positive,0.9907066360550223
good experience no issue using the app. hassle free,grab_reviews.csv,5,positive,positive,0.9999732061345228
App akan mencari driver terdekat berdasarkan jarak y ditarik garis lurus. Bukan berdasarkan jarak di map. Sehingga saya sering mendapat driver y dibelakang komplek rumah namun dia perlu muter jauh u ke rumah saya.,grab_reviews.csv,4,neutral,neutral,0.9999999378666776
easy ride.don't wait for Taxi .thanks,grab_reviews.csv,4,positive,positive,0.6070869082773285
Best riding app,grab_reviews.csv,5,positive,positive,0.9993644426386611
Wosrt experience.,foodpanda_reviews.csv,1,neutral,negative,0.5204315611546243
จะให้ 1 ดาว มีไรปะครับ,foodpanda_reviews.csv,1,neutral,neutral,0.41944290113117993
"It could be perfect if having option for luxury grab car. Currently, Grab Car Plus just offer class B cab. (Example: Toyota Vios)",grab_reviews.csv,4,positive,positive,0.8854700132032348
"When make payment thru credit card the system show failed but the order has been place!? When I make payment again, same thing happen and it show I place an order twice for same food. And then I try to cancel the order thru app but I can't even go into the help center!! I need cancel the order thru website, what's the point I download your app!? And the worst thing is when I try to report it to your customers service, your system kick me out!!!",foodpanda_reviews.csv,1,negative,negative,0.999984560354071
"Very bad services, both the restaurant and the customer services, not helpful",foodpanda_reviews.csv,1,negative,negative,0.9993563553356191
"MONEY NOT REFUNDED. I am on a rush then grab cancelled my booking. Taking my money. That money is what I only Have. How Can I book if you took my money? This is an essential item I needed immediately. You put inconvenience in delaying the return of my money. Uninstalling. I will also tell my friends and my social media about. NOT RECOMMEND, EXPENSIVE BOOKING. LAZY DRIVERS, BAD CUSTOMER SUPPORT.",grab_reviews.csv,1,negative,negative,0.9996838729586188
Always got issue... Duplicate order or payment.. always don't reply...,foodpanda_reviews.csv,1,neutral,negative,0.9421416235196498
"I love the app convenient and easy to use except for Saved places, all saved places have wrong pin after initial booking. I dont know why the pins changed. Resulted to wrong pin/deliveries for 3 different places. I also sent ticket to remove the wrong pins in my location but didnt hear back.",grab_reviews.csv,4,neutral,negative,0.9490964544164429
Bad poisoning 🤮 food,foodpanda_reviews.csv,5,negative,negative,0.9999445318092266
I hate it bcz of adds,foodpanda_reviews.csv,1,negative,negative,0.9975535000513582
It has become worst. It kills small business owners and their own delivery riders. So much greed.,foodpanda_reviews.csv,1,negative,negative,0.9903383575726775
"I typed my full address for almost 20x. Still, can't saved my address!! I want to order pizza now but I think I have to go to the store instead.",foodpanda_reviews.csv,1,neutral,negative,0.71030398887118
Nikma app,foodpanda_reviews.csv,2,neutral,neutral,0.5046038443250606
So love this app. It is very useful. Specially for diabled people who can't move around so much.,grab_reviews.csv,5,positive,positive,0.9992990927696157
Great app i always use it ☺️💕 edit: still great food app for me the best 😊💞,foodpanda_reviews.csv,5,positive,positive,0.9999998896056529
You get notifications from the app about discounts or your rider has arrived or whatnot but when you tap on it it just takes you to their list of restaurants and the message gone. It doesn't let you put in specific details about your address. It would be nice if you could put instructions for delivery or enter a landmark.,foodpanda_reviews.csv,2,positive,negative,0.8871726206017747
Hotspice and donut,foodpanda_reviews.csv,1,neutral,positive,0.5625477739924305
"Can't register my PayMaya Virtual Card. It always says: ""Unsuccessful. An error occured. Confirm card details and try again."" or something like that. My card details are correct and I even did a purchase online using the said card. So how come your GrabPay service/system doesn't accept my card? Been using your app/service for like a year now but I must say this really disappoints/frustrates me.",grab_reviews.csv,2,negative,negative,0.9999919588082529
The best app ever I have used..These days I fot the benefits of using Internet...Thanks Foodpanda for making me Fall in love with Food.,foodpanda_reviews.csv,5,positive,positive,0.9999538705895066
Awsthirrr!,foodpanda_reviews.csv,5,neutral,neutral,0.5177089569022569
Please teach your riders for they're attitude evaluation it's so disappointing. plus i try to reach out for being rude of the riders infact they didn't given a sanction the riders for that!!!,foodpanda_reviews.csv,1,negative,negative,0.9961618642609807
Ore vai r koto Ad dia jalabi Ad er jontronay app download korlam Or gusti chudi tar poreo Ad aite ase Sala jibontai bedona koira dilo,foodpanda_reviews.csv,1,neutral,neutral,0.9989325247653744
Gudd app,foodpanda_reviews.csv,5,neutral,positive,0.41255872717952397
waste of time..order from grabfood and wait for food for 1 hour and they tell me theres no driver.. serik,grab_reviews.csv,1,negative,negative,0.997976574831274
Such a nice app.,foodpanda_reviews.csv,5,positive,positive,0.9963960559928654
sucks money from delivery partners,grab_reviews.csv,1,negative,negative,0.8826314653379771
Bad app everytime they cancle the order,foodpanda_reviews.csv,1,negative,negative,0.993794666407492
"Today, I left something important on driver car. And Grab Help Center help me to connect with the driver with very very fast response. I really appriciate Grab dedication for that very fast response. I recommend to use Grab cuz I believe now, they serve a very great services. Thank you Grab",grab_reviews.csv,5,positive,positive,0.9991204296207188
Loving the perks i get with this app.,grab_reviews.csv,5,positive,positive,0.9693415707739853
I can't verify my account! Cannot order at all. Very disappointed.,foodpanda_reviews.csv,1,negative,negative,0.9989135608703108
I search for chief and it shows me mr cod...WTH...Can you make your app better...worst food app seen ever,foodpanda_reviews.csv,1,negative,negative,0.9824747654370309
The app is very inconsistent. On my part the pinned location is where exactly I lived but the driver complained the pin is wrong. Also there are instances where drivers location is not being shown on the map.,foodpanda_reviews.csv,1,negative,negative,0.9971424470952741
Qasim jutt Qasim,foodpanda_reviews.csv,1,neutral,neutral,0.7052053356520758
hhhhhhhhhhaoo𝕣𝕣𝕣𝕠𝕙𝕙𝕙𝕙𝕙𝕙𝕙𝕙𝕙𝕙𝕙𝕙𝕙𝕙𝕙𝕙𝕙𝕙𝕙𝕙𝕙𝕠𝕣𝕠𝕠𝕣𝕠𝕣𝕣𝕣𝕣𝕣𝕒𝕒𝕒𝕣𝕒𝕛𝕛𝕛𝕛𝕛𝕣𝕛𝕛𝕛𝕛𝕛𝕛𝕛𝕛𝕛𝕒𝕒𝕒𝕒𝕒𝕒𝕒𝕒𝕙𝕙𝕙𝕙𝕙𝕙𝕙𝕙𝕠𝕠𝕠𝕠𝕠𝕠𝕠𝕠𝕠𝕠𝕠𝕠𝕠𝕙𝕙𝕙𝕙𝕙𝕙𝕙𝕙𝕙𝕠𝕠xxhhhrrhrrrrhhhhhhhhzhhhhhhhhhhhhhhvcj𝐩𝐯𝚙𝚟𝚟𝚟𝚟,foodpanda_reviews.csv,2,neutral,neutral,0.7764646746314894
Food panda cancelled my orders! I could not chat with support as well. I do not need help center when I need to contact with chat support. I have some issues that I could not change my phone number to the malaysian phone number.,foodpanda_reviews.csv,1,negative,negative,0.9986692671149662
Excell app,foodpanda_reviews.csv,5,neutral,positive,0.9503291241193803
Md shakil lalsm,foodpanda_reviews.csv,5,neutral,neutral,0.9966893523200576
Foodpanda has gotten a lot better in recent years. They seem to have fixed the delivery and customer service issues that plagued them early on.,foodpanda_reviews.csv,5,positive,negative,0.8809471355945959
"Really teribble customer experience, the food is always delayed and cannot be cancelled. Pls fix it!",foodpanda_reviews.csv,1,negative,negative,0.9999245892217351
Love the services,foodpanda_reviews.csv,5,positive,positive,0.9985972358452513
hehshsheheh,foodpanda_reviews.csv,5,neutral,positive,0.45914199923934146
Good for peo,grab_reviews.csv,5,positive,positive,0.9944827912087273
Wonderful app with amazing services,foodpanda_reviews.csv,5,positive,positive,0.9999695681465799
"So lucky and thankful, Ang bait ni Tatay driver. Salamat po",grab_reviews.csv,5,positive,positive,0.7877399113607876
Nice one.. 👍👍👍,foodpanda_reviews.csv,5,positive,positive,0.999998720577794
Always need updated . Haih,foodpanda_reviews.csv,5,neutral,neutral,0.6135909513260533
It's a great way to get around Jakarta.,grab_reviews.csv,5,positive,positive,0.9988767380015523
"Very bad customer, operators, food partners and delivery relationships.",foodpanda_reviews.csv,1,negative,negative,0.9813596000636108
So far the best and accurate with all my orders.,foodpanda_reviews.csv,5,positive,positive,0.9999817306497306
"Amazing app,kach bhi Khana ho kahin se bhi mangwana ho food panda aap download karain or Jo cahain wo khaen",foodpanda_reviews.csv,5,positive,neutral,0.6873966636755681
Disppointed on foodpanda service,foodpanda_reviews.csv,5,neutral,negative,0.8274272760957583
"pls upgrade the subscribtion terms n condition, i cant re subscirbe again but had to wait until the expiration date of my subscribtion, otherwise i give 5 star",grab_reviews.csv,4,neutral,negative,0.5852003194461505
D by .ñp,foodpanda_reviews.csv,5,neutral,negative,0.5089156905250818
wonderful.great.,grab_reviews.csv,5,positive,positive,0.9997734703212335
Susah dapat driver setiap order food. Gmn ya?,grab_reviews.csv,2,neutral,neutral,0.9999727021485528
Worst delivery app.. They dont care for the drivers.,foodpanda_reviews.csv,1,negative,negative,0.9994212361453099
poor quality,grab_reviews.csv,1,negative,negative,0.9977508731311577
It fast and the service is great,grab_reviews.csv,5,positive,positive,0.9998617559121863
terus dikembangkan aplikasinya lebih baik lagi yah.,grab_reviews.csv,5,neutral,neutral,0.9999784202939569
mantap.la,grab_reviews.csv,5,positive,positive,0.9995779406933076
"The new app is a little confusing, but it'll do. The foodpanda delivery service is just horrible, and that is why I've uninstalled the app. When I'm hungry, I don't want to wait 45 minutes. And when the app keeps on adding 5 minutes every 5 minutes, for 3 hours, that's unacceptable. I'll call the restaurant from now on.",foodpanda_reviews.csv,1,negative,negative,0.9991776560321441
Aku mau liat muka lu mirip artis,grab_reviews.csv,5,neutral,neutral,0.9990737479059059
same bugs from year.. deplorable.. worst user experience,foodpanda_reviews.csv,1,negative,negative,0.9417333295043248
Easy to use & great apps. Highly recommended,foodpanda_reviews.csv,5,positive,positive,0.9999994677972093
Can't even click the now button to change time n date of booking. Fix you app.,grab_reviews.csv,1,neutral,negative,0.5997252996048825
Grabe naman ang grab ngayon ang taas ng pamasahe tapos ang driver nakakapamili ng pasahero eh pano kaming commuter hindi naman makapamili kung magkano mapamasahe,grab_reviews.csv,1,neutral,neutral,0.9990086397408964
Can't install app,grab_reviews.csv,1,neutral,neutral,0.6195405955065223
"Driver banyak yang nolak, 6x direject, niat kerja ga????? Customer service ga ada realisasiny, respon nol yah, buang2 pulsa gw, ke laut aja lu jauh2",grab_reviews.csv,1,neutral,neutral,0.9999971616339772
ANG PANGET NG SERBISYO NYO.,foodpanda_reviews.csv,1,neutral,neutral,0.9991238332502778
very effective and helpful app,grab_reviews.csv,5,positive,positive,0.9999968619380649
gimana ya??,grab_reviews.csv,5,neutral,neutral,0.9588712850285538
"why top-up credit grab pay with credit card always unsuccesfull,,,???",grab_reviews.csv,5,positive,positive,0.5709928858756594
It wont let me change the email address. Very frustrating.,foodpanda_reviews.csv,1,negative,negative,0.9845740886295066
Can't book during rush hour,grab_reviews.csv,1,neutral,negative,0.7695341214617981
The food quality resturants deliver throught foodpanda is too bad,foodpanda_reviews.csv,1,negative,negative,0.9878168749208355
is awesome.But will be great if can choose the grab car or grab taxi.☺,grab_reviews.csv,5,positive,positive,0.999913922828111
Worst apps ever. Scammer company,foodpanda_reviews.csv,1,negative,negative,0.9994289017358606
GRAB ANJING......,grab_reviews.csv,1,neutral,neutral,0.9974349961544717
Simply perfect,foodpanda_reviews.csv,5,positive,positive,0.998173517225695
I am waiting my order. But my order is cancelled . Very bad. I am hungry,foodpanda_reviews.csv,2,negative,negative,0.9989744619433641
Bobo management,grab_reviews.csv,1,neutral,negative,0.503657537290756
Foodpanda icon is missing suddenly. Not sure what happened.,foodpanda_reviews.csv,1,negative,negative,0.9590847994325679
Cheap service . After wait of more then 1 hour they said your orfdr order has been delivered but I didn't receive my order what a poor service,foodpanda_reviews.csv,1,negative,negative,0.9984340851662451
"tibatiba peta hilang sendiri, daftar menu juga kadang hilang tbtb",grab_reviews.csv,1,neutral,neutral,0.9999068787216284
Just because I had a bad review they keep removing the review I put in. This app is poorly designed that prevents people from complaining,grab_reviews.csv,1,negative,negative,0.9896194024495067
Good work app,foodpanda_reviews.csv,5,positive,positive,0.9944080316578701
Awesome food delivery apps,foodpanda_reviews.csv,5,positive,positive,0.9991277617477554
Modul de filtrare mi se pare mai putin user friendly si observ acum ca exista taxa de livrare la orice comanda,foodpanda_reviews.csv,2,positive,neutral,0.9926889328197448
Very much satisfied. Good app for food lovers.,foodpanda_reviews.csv,4,positive,positive,0.999999022618647
Driver nya azzuuu brengsek,grab_reviews.csv,5,neutral,neutral,0.9647566842861173
Everything is overpriced its better if I buy the food myself,foodpanda_reviews.csv,1,positive,positive,0.9036016529596209
"quick,easy and acceptable price",grab_reviews.csv,5,positive,positive,0.9999801079286988
Thanks for the services,grab_reviews.csv,5,positive,positive,0.9991080975120806
❤️❤️❤️😊💯,foodpanda_reviews.csv,5,positive,positive,0.999999988545639
Very good 👌👌✌👍👍,grab_reviews.csv,5,positive,positive,0.9999999911180737
It is the best and will recommend to everyone to use their services,foodpanda_reviews.csv,5,positive,positive,0.9999473114024277
"Terrible experience, expensive charges, the promo code does work, I have filed several reports, no improvement. Customer service is waste of time",grab_reviews.csv,1,negative,negative,0.9999932606696977
This is bad,foodpanda_reviews.csv,1,negative,negative,0.9992670113615114
UaaAaAAAAAAAAAAAAefsur isyu,foodpanda_reviews.csv,5,neutral,neutral,0.5735162085153079
Ga bisa pakai linkaja otomatis bintang 1,grab_reviews.csv,1,neutral,neutral,0.9999517335794482
It's my first time using grab app and It's great and convenient.,grab_reviews.csv,5,positive,positive,0.9966215467081077
Food panda customer service is very rude. i asked him to resolve the issue of my canceled order immediately and he asked me not to look for problems. is that your attitude as a customer service.why is it too long to get my money back.,foodpanda_reviews.csv,1,negative,negative,0.9999635766858824
Nice ফুডপাণ্ডার হেল্প সাইট রেসপন্স খুব সুন্দর খুব দ্রুত সমাধান পাওয়া যায় আমি আজকে এটা সমাধান পেলাম এজন্য ফুটপান্ডা কর্তৃপক্ষকে ধন্যবাদ,foodpanda_reviews.csv,4,positive,positive,0.9983166299254783
Prompt delivery,grab_reviews.csv,3,neutral,positive,0.540562452530159
Titik lokasi tdk sesuai dan geser ketika order. Padahal sebelumnya baik2 aja.,grab_reviews.csv,3,neutral,neutral,0.9999996011903618
Verfy susah tolol,grab_reviews.csv,1,neutral,neutral,0.9910534880123939
""" //////lll",foodpanda_reviews.csv,5,neutral,neutral,0.505525407774851
"I got a ""shareloveid"" promotion code from my notif but i couldn't use it",grab_reviews.csv,1,neutral,neutral,0.7557621881692944
"Worse experience ever. The quality of this app and their service are horrible I would happily walk and grab food for myself rather using this service. Delivery fee, time, food quality all everything needs improvement",foodpanda_reviews.csv,1,negative,negative,0.9981641263620441
useless app This app is suck,foodpanda_reviews.csv,1,negative,negative,0.9844076597985051
Pakistan zinda abad,foodpanda_reviews.csv,5,neutral,positive,0.453150204567314
One of the best ways to move around Singapore,grab_reviews.csv,5,positive,positive,0.9991076399107073
"App got my address wrong and when I tried reordering, app says it cannot deliver to my address! I live in Makati!",foodpanda_reviews.csv,1,negative,negative,0.9808589090239087
Great apps Great Food,foodpanda_reviews.csv,4,positive,positive,0.9999342812621889
Friendly and pleasant experience,grab_reviews.csv,5,positive,positive,0.984758230360422
Like the promotions...more please,grab_reviews.csv,5,positive,positive,0.9423583664060777
Very fast and effective! Better than expect.,grab_reviews.csv,5,positive,positive,0.9999908667543872
banyakin promo lagi dong,grab_reviews.csv,5,neutral,neutral,0.9970917931468596
Would be good if there was a permanent section of the app for tips. I wanted to tip but there was M1 wifi issue and I could not navigate to tip after.,grab_reviews.csv,4,neutral,positive,0.6353116791787038
My points expire in one day and the app hasn't been letting me redeem my points in the past month the points feature doesn't work it's just there for show,foodpanda_reviews.csv,1,negative,negative,0.9879410342002019
It's very good and i liked it. Keep it up!!!!!foodpanda the great✌✌👌👌,foodpanda_reviews.csv,5,positive,positive,0.9999999943218256
he is good. I.left my phone in the car. he brought back to me. honest driver.,grab_reviews.csv,5,positive,positive,0.765236274841349
promo trus...,grab_reviews.csv,5,neutral,neutral,0.7914338512830819
Net yet😫,grab_reviews.csv,5,negative,negative,0.9557339588392059
Decent discounts. That's a summary,foodpanda_reviews.csv,5,neutral,positive,0.6020011512729492
"Use other app instead, research about the inconvenience from other people (user and merchant) using this app and few choices",foodpanda_reviews.csv,1,negative,negative,0.92452034685734
Satisfied..lovely app..,foodpanda_reviews.csv,5,positive,positive,0.9999398575410942
The grab dricer was so late and and my food was destroyed,grab_reviews.csv,1,negative,negative,0.9026364799308786
Great serv,grab_reviews.csv,5,positive,positive,0.9978980247266069
I ordered for the first time. But did not get discount using FP40 code,foodpanda_reviews.csv,1,neutral,negative,0.7154191112084018
"We want reviews option. I can't complain if the food isn't good or something wrong with the food. Need to refund if they gave expired food. Yesterday, I got a hair on my food. I didn't find anything where I can give complain.",foodpanda_reviews.csv,1,negative,negative,0.9998383539207445
mcdo ald,foodpanda_reviews.csv,5,neutral,neutral,0.4715458283332744
ခေါင်းပုံဖျက်တဲ့ ပန်ဒါနီကို BC,foodpanda_reviews.csv,1,neutral,neutral,0.9597820961743638
Its not gd,foodpanda_reviews.csv,1,neutral,neutral,0.47219539738880467
Aplikasi yg paling sering minta update...,grab_reviews.csv,4,neutral,neutral,0.9999023938944395
is on la not bad,grab_reviews.csv,1,positive,positive,0.991890296496692
"hi,saya tak boleh download grab",grab_reviews.csv,1,neutral,neutral,0.9791435399847175
"Worst delivery service, they do not care how the delivery man handles the foods. Not recommended any more.",foodpanda_reviews.csv,1,negative,negative,0.9998994548901392
Get to experience diffetent type of vehicles & driver personalities.,grab_reviews.csv,5,neutral,positive,0.4686894250700624
"If you charge double price than usual for a trip, at least improve your service. Customer service is lousy. No hospitality at all. Suddenly end chat like no tomorrow",grab_reviews.csv,1,negative,negative,0.9888706260654415
Kalau lapar jangan order!Anda akan mati kebuluran. 3 jam order tak sampai,foodpanda_reviews.csv,1,neutral,neutral,0.9946377856281647
"Last week ordered the food and it got delivered after 3 hrs. Same thing happened this weekend too, when food was again delayed by at least 2 hrs. Last time reason was ""some glitch in system"". This time "" restaurant was far"". What's more last week I was told a coupon will be provided as we r v sorry for late service. But when I sat down to order this week, there was no such coupon and then as mentioned above it was again late by atleast 2 hrs. Pathetic I won't order again.",foodpanda_reviews.csv,1,negative,negative,0.9999834738027785
Not working properly,grab_reviews.csv,1,negative,negative,0.9998679764562183
"mantap jiwa,menarik,dan cukup banyak promo ,lanjutkan",grab_reviews.csv,5,positive,neutral,0.9986980226686186
So so hiraap,grab_reviews.csv,1,neutral,neutral,0.7285817395273413
Useless voucher in Propanda,foodpanda_reviews.csv,1,negative,negative,0.9413763093350779
Continuously increased delivery charges,foodpanda_reviews.csv,1,neutral,negative,0.975639564404709
Faltu miya shob unavailable dekhay baler app,foodpanda_reviews.csv,1,neutral,neutral,0.9977009647028346
"Good job, good service! thx a lot Grab!💕",grab_reviews.csv,5,positive,positive,0.9996354313230291
I hate this driver.Now have Promo code Chinese New Year But he cheating 😡😡😡😡😡😡😡,grab_reviews.csv,5,negative,negative,0.999996887463835
"Rute yang dikasih dari grabnya ngga efisien. Masih ada rute yang lebih cepat, tapi malah dikasih yang muter-muter atau lebih jauh.",grab_reviews.csv,4,neutral,neutral,0.9999994036577748
Godbless & keepsafe to the all GRAB Riders.🙏,grab_reviews.csv,5,neutral,positive,0.9804146551717962
Bad management.,foodpanda_reviews.csv,1,negative,negative,0.9994174169031461
"Nowonder there is not much order for the delivery guys, your apps keep saying ""opps there a problem"" i have updated the apps both grab and grabfood but when i wanted to login to grabfood it will promt the stupid words again. This apps is really useless and wasting my time. No more grab service for me bye2.",grab_reviews.csv,1,negative,negative,0.9999625336045684
Some transparency would be nice. The cost of delivery is constantly fluctuating and invalid promo codes keep being offered.,foodpanda_reviews.csv,2,positive,positive,0.9593204101916514
"Busturds,if I have to pick my foods from restaurant by myself. by ordering with your app then what the use of your app🤬🤬🤬🤬🤬??????????",foodpanda_reviews.csv,1,negative,negative,0.9999745712241491
Million times of updates,foodpanda_reviews.csv,1,neutral,negative,0.4261707763959364
"Why I can't log in back into my grab? It always ask me to type in pin, but the pin always incorrect.",grab_reviews.csv,1,neutral,neutral,0.5742547252449628
Keren......,grab_reviews.csv,5,neutral,neutral,0.9738925380225225
Mas mabilis sa nomnom ah,foodpanda_reviews.csv,5,neutral,neutral,0.9724122178707763
"App is getting bad from worse, order from different location but still keep sending to my home address",foodpanda_reviews.csv,1,neutral,negative,0.9665424389511339
Must have food ordering app,foodpanda_reviews.csv,4,neutral,positive,0.7923911649645641
good for delivery food,foodpanda_reviews.csv,5,positive,positive,0.9826186834857965
"Please fix your app. When I pay through card, it will say order error. When I order again and it goes through, I am charged for both orders, even if the first was an error. This happened thrice already. Disappointing.",foodpanda_reviews.csv,1,negative,negative,0.9997687797305377
Good app love it!!,grab_reviews.csv,5,positive,positive,0.9999994349598003
Very bad ordering system,foodpanda_reviews.csv,1,negative,negative,0.9707075132835185
"Great app, great service",grab_reviews.csv,5,positive,positive,0.9999816185832929
Anywhere and anytime you can order you food or stuff,foodpanda_reviews.csv,5,neutral,positive,0.8251299830247648
Good rider & fast delivery,foodpanda_reviews.csv,3,positive,positive,0.9994377926551039
"Wala Wala is a a ,,. 0,*zzz",grab_reviews.csv,4,neutral,neutral,0.7393028808350787
Terrible app for ordering food. My order was cancelled twice for a reason that there is no riders available.,grab_reviews.csv,1,negative,negative,0.9993553552930572
"Bagoooss, mudah",grab_reviews.csv,5,neutral,neutral,0.9755749688604386
Incomplete order. Always,foodpanda_reviews.csv,2,neutral,negative,0.9906058673856215
The system is stupid! Waiting for the grab car for 2 hrs and nobody pick up. Even stay at a short trip distance.,grab_reviews.csv,1,negative,negative,0.9898548625682644
"Kelakuan driver nya parah, banyak yg suka ugal2an dijalan dan ngelawan arah",grab_reviews.csv,1,neutral,neutral,0.9998853249130816
আপনাদের এড এর সোদনে কোন ভিডিও দেখা যায় না😡😡😡🤬🤬🤬🤬,foodpanda_reviews.csv,1,negative,negative,0.9999975376275619
do you know what not specifically said he is going,grab_reviews.csv,1,neutral,negative,0.9281982425203104
Brilliant and reliable,foodpanda_reviews.csv,5,neutral,positive,0.5071714223792985
Good apps for those that always hungry.. 😆,foodpanda_reviews.csv,3,positive,positive,0.9999179322712402
Easy ana many options,foodpanda_reviews.csv,5,positive,positive,0.9919554087616423
DRIVERS HAVE BAD ATTITUDE!,grab_reviews.csv,2,negative,negative,0.9971287374290683
เอาปุ่มลบ account ออก ร้อยวันพันปีไม่เคยมี eror เกี่ยวกับหน้า interface เเอปพอเกิดเรื่องเเป๊บเดียวรีบเอาออกจัง,foodpanda_reviews.csv,1,neutral,positive,0.7331172066412371
Easy moving,grab_reviews.csv,5,positive,positive,0.9901159395471012
Very very bad ☹️ experience with this app,foodpanda_reviews.csv,1,negative,negative,0.9964682265654411
0÷0= 0 bekar app lol .,foodpanda_reviews.csv,1,positive,neutral,0.9592580486736049
Please add jazz cash or easy paisa payment...,foodpanda_reviews.csv,5,positive,positive,0.9529117445162174
"Bagus siihh.. tp gak bisa bikin multiple order kalo beda tipe, delivery sekaligus mau grab bike. Semoga bs segera ada perubahan utk multiple order",grab_reviews.csv,5,positive,neutral,0.9999981573827407
Must have if you are in thailand,grab_reviews.csv,5,neutral,positive,0.5610425754108682
I can't use the maps properly and its really hard to tag my location because the GPS isn't accurate. Please fix it.,grab_reviews.csv,2,negative,negative,0.9954571605142901
Functionality is ok. Lower rating is given due to unreliability and connection issues during busy hours in heavy traffic area. The popup window to advertise for Grab Pay topup is annoying as the window stays on the screen blocking the map. Hope they do some thing abiut this,grab_reviews.csv,3,negative,negative,0.9897096044146684
very useful and helpful for my life!!!,grab_reviews.csv,4,positive,positive,0.9999994082701892
"Lately, whenever i place order it doesn't process and say error occurred.",foodpanda_reviews.csv,1,negative,negative,0.9986851490667322
enjoy using grab. the driver is so friendly.,grab_reviews.csv,5,positive,positive,0.9997776509212035
User friendly with regular discount offer,foodpanda_reviews.csv,5,positive,positive,0.9842268368502217
It is the best app i have ever used for house wife it is best,foodpanda_reviews.csv,5,positive,positive,0.9998912969313698
My favourite mansehra hotel lahore pakistan,foodpanda_reviews.csv,5,neutral,positive,0.8862350243175777
Its good.We get food of our coice at home,foodpanda_reviews.csv,4,positive,positive,0.9904465725957348
Best and efficient food apps ever,foodpanda_reviews.csv,5,positive,positive,0.9998853271215787
Delivery and quality of food is poor.,foodpanda_reviews.csv,2,negative,negative,0.9240700124533648
Very slow very slow....not good,foodpanda_reviews.csv,1,negative,negative,0.9992503547216085
"Excellent Apps 👍, very helpful",grab_reviews.csv,5,positive,positive,0.9999918007047683
Very bad wastage of money and time,foodpanda_reviews.csv,1,negative,negative,0.9981736137230699
99 th anniversary,foodpanda_reviews.csv,5,neutral,neutral,0.7862002499554841
not bad😄,foodpanda_reviews.csv,5,positive,positive,0.9999999864470936
Pin location issue. Unbale to pin location. My location is not included in map.,grab_reviews.csv,1,neutral,negative,0.7751758553639421
Very awful and disgusting delivery services i will never recommed food panda for delivery orders,foodpanda_reviews.csv,1,negative,negative,0.9999120445972471
Grab servis nya sangat baik kerna pemandu nya baik budi pekerti dan peramah tapi ada segelintir pemandu terlalu cerewet kadang alasan kawasan jauh terus disuruh dibatalkan yg menjadi mangsa ada penumpang yg terpaksa membayar denda.harap perkhimatan Grab lebih byk lagi pemandu so friendly and caring .most of driver who pick me am so satisfied cause most of them are very polite and caring.most of them am always gave them five star due to best service that all thank you,grab_reviews.csv,5,positive,neutral,0.9991616314517608
why cant i download it,foodpanda_reviews.csv,1,neutral,neutral,0.7125223361223174
My name tygllj,grab_reviews.csv,2,neutral,negative,0.7637714398080325
Exellent app .,foodpanda_reviews.csv,5,neutral,neutral,0.7751566754029982
Sering dapat driver yang Jarak driver terlalu jauh dengan lokasi dan sangat mengecewakan tentang kasus calon mitra disabilitas,grab_reviews.csv,1,neutral,neutral,0.9999998005260323
these apps are deceptive. they offered a 10k grab ride award. the description clearly explains the absence of a limit on the order price in order to get the 10K. but in the end I still paid according to the price without discount. the funny thing is .. they call center told if i had earned. but priced at 1k rupiah.,grab_reviews.csv,1,neutral,negative,0.9541793312067051
Hirap nmn download,grab_reviews.csv,3,neutral,neutral,0.9915223375892938
Voucherssss,foodpanda_reviews.csv,5,neutral,positive,0.47340537507245506
Tidak ada tampilan promo yang sedang berlangsung,grab_reviews.csv,1,neutral,neutral,0.9993194081952868
Membantu sekali,grab_reviews.csv,5,neutral,neutral,0.9996608462434894
Mariarowena,foodpanda_reviews.csv,5,neutral,neutral,0.6082736315837769
Serviciu clienti de toata jena. Comanda livrata dupa 3 ore. Cel mai prost delivery (in Craiova cel putin),foodpanda_reviews.csv,1,neutral,neutral,0.9990453218330475
"When I clicked on the payment page, then just gave me a completely empty gray page. The add a credit card function also doesn't work.",grab_reviews.csv,1,negative,negative,0.9955985019868719
Taga kayo maningil,grab_reviews.csv,1,neutral,neutral,0.8934320582936682
Maasahan,grab_reviews.csv,4,neutral,neutral,0.8110571775108361
"Everytime , i was experiencing something not good about the grabfood you will only discuss how can i have my refund etc. But you don't really apologize for the inconvenience you've cause. That's why, i kept using the other apps to order. You think my only concern is my refund and points. I'm starving rightnow and it pissed me off. I'm waiting for my food for almost 2hrs and you will only inform me how can i get ny refund. 👎",grab_reviews.csv,1,negative,negative,0.9997972171501617
"Excellent app, thank youuuu♥️",foodpanda_reviews.csv,5,positive,positive,0.9999888313951409
Bad experience when come to complain n refund....,foodpanda_reviews.csv,2,negative,negative,0.9986955784033789
Very frustrating app. Bad interface. Drivers cancel all the time and cannot be punished for this,grab_reviews.csv,1,negative,negative,0.9998379965575402
It very handy application for this covid-19. I 🥰it soo much man the best local food delivery in the 🌏 🏅,foodpanda_reviews.csv,5,positive,positive,0.9999977984950096
very 👍👍 nice,grab_reviews.csv,5,positive,positive,0.9999987011222922
I think it is terrible that are 3 cars nearby and none of them accepting our book,grab_reviews.csv,1,negative,negative,0.9946473214689406
suka keluar dr pesanannya sehingga driver tidak bisa dilihat lokasinya dan contact nya,grab_reviews.csv,1,neutral,neutral,0.9999907999825273
Customer Service is very bad. Ordered food and it arrived after 1 hour and 25 mins. Can't contact the restaurant nor the rider.,foodpanda_reviews.csv,1,negative,negative,0.9993590911768954
it is very bad app,foodpanda_reviews.csv,1,negative,negative,0.9992464737110569
"The app said it will take them 51 mins for the delivery. After an HOUR and 30 mins., it STILL stated that the ""order has been made"" and yet to have ""the restaurant is preparing your food."" And worst, they said it will take ANOTHER HOUR to deliver the food... The MOST disappointing of all is that cancellation CANNOT be processed! Never using this.",foodpanda_reviews.csv,1,negative,negative,0.9999928128665865
poor and not recommended,grab_reviews.csv,1,negative,negative,0.9997339384697336
They don't inform that they are not gonna deliver your order. they just keep u waiting for 2-3 hours and keep saying that your order is gonna be late then at last they cancel your order .have very bitter experience 3 times,foodpanda_reviews.csv,1,negative,negative,0.9999600825223133
Aps keep loading and couldn't get through to make an order..😡😡😡😡😡,foodpanda_reviews.csv,1,negative,negative,0.9999355592166014
Giatay di man ko ka log in uyyy unsaon man gamit ana?,grab_reviews.csv,1,neutral,neutral,0.9581853031326786
tiap hari naik grab tapi jarang dapet promo,grab_reviews.csv,2,neutral,neutral,0.9997422533274734
"Fe,2 &%&3ct2",foodpanda_reviews.csv,3,neutral,neutral,0.3936764356983419
Good but sometimes delivery is so wrong 😵😵,foodpanda_reviews.csv,5,negative,positive,0.6596338171966479
Last update is very poor. Can't access.,foodpanda_reviews.csv,1,negative,negative,0.9966582433976644
It will generated automatically order,foodpanda_reviews.csv,2,neutral,negative,0.7459869085291229
Reliable night delivery,foodpanda_reviews.csv,5,neutral,positive,0.7767919602944698
So many errors. Taken out the seal previously had now my food always gone missing also no compensation. Make me feel bad for making people watch the rest eat while waiting for re-order food,grab_reviews.csv,1,negative,negative,0.9963353581025773
"hanya dgn order , bayar dan makan.",grab_reviews.csv,5,neutral,neutral,0.9967104437321518
"worst,bad,rasis",foodpanda_reviews.csv,1,negative,negative,0.9994273258079743
When I am hungry I think of #foodpanda,foodpanda_reviews.csv,5,neutral,positive,0.48583660815655216
Very bad service.. My order i haven't receive.. 👎👎👎👎,foodpanda_reviews.csv,1,negative,negative,0.9999901535408248
The service is great.,grab_reviews.csv,5,positive,positive,0.9977143704580964
Ang sad lang bawal mag pay ng 500+ pag cash on delivery,grab_reviews.csv,3,negative,neutral,0.8044883776250095
Very Useful and easy to operate this app,foodpanda_reviews.csv,5,positive,positive,0.9999998794145243
"Im not eligible for this irregular activity detected in my account ... but, I never did that irregular activity",grab_reviews.csv,1,neutral,negative,0.956096684300923
I try everything to put my credit card in the app para ma varify ang booking ko and did everything in order .but error siya may laman ang card ko bakit ayaw. It's a waste of time .. Sayang naman ang pag install ko ey unstall ko nalnag ulit to.,grab_reviews.csv,1,negative,negative,0.5949153831321237
"Your app loading 10mins after update? You dont fix the bug, you just making it worse",foodpanda_reviews.csv,2,negative,negative,0.9796435529789047
"Stupid app, instead of just updating the stores as ""closed""... They will make you wait for 20 minutes before the app cancels your order.",grab_reviews.csv,1,negative,negative,0.9998429335011751
It is not showing restaurants,foodpanda_reviews.csv,1,neutral,neutral,0.6806207818481528
Quite user friendly app. Nice interface n lots of tuneups with local restaurants.,foodpanda_reviews.csv,4,positive,positive,0.9998117168151339
"Foodpanda offers very efficient services. They always provide customers with amazing deals and discounts from surrounding restaurants available in the designated areas. No hidden costs, timely deliveries and great quality food is the USA of Foodpanda.",foodpanda_reviews.csv,4,positive,positive,0.9993063827589097
Thai types of types of shop,foodpanda_reviews.csv,5,neutral,positive,0.9503467166583458
Very very very poor service and really disappointing. They keep you on waiting for 2 to 3 hours and then they ask you to cancel the order. I just hate this app.,foodpanda_reviews.csv,1,negative,negative,0.999999496017991
THE SERVICE IS FAST AND SO NICE TO ME,foodpanda_reviews.csv,5,positive,positive,0.9999702969272565
Grab memanga mantab,grab_reviews.csv,5,neutral,neutral,0.9954286133164634
your maps suckss!!!!!,grab_reviews.csv,1,neutral,negative,0.5132778674653927
report berkenaan order salah langaung tak ada respon,grab_reviews.csv,1,neutral,neutral,0.9819237081314449
good exprience,foodpanda_reviews.csv,5,positive,positive,0.880750980586281
@anokitchen16,grab_reviews.csv,5,neutral,neutral,0.7281025485467276
Very disappointed with the kind of service spicific in booking... Hard and delayed.. and also hard to re register,grab_reviews.csv,5,negative,negative,0.9992340604126364
"So apparently these guys will cancel your order, they will steal your monthly free deliveries and then when you reach out to support they just send you the canned responses. What a joke.",foodpanda_reviews.csv,1,positive,negative,0.9989052717998841
Reliable mode of transportation and payment options.,grab_reviews.csv,5,neutral,positive,0.9067149718884391
Horrible UX decision to ask for location permission just to launch the app. What if i just wanted to check past transaction? F U,grab_reviews.csv,1,negative,negative,0.9696440377231743
Usefull app in delivery,foodpanda_reviews.csv,5,neutral,positive,0.979357291407364
Could not use app as i chose a country where I live in and it set the language automatically. I dont speak that language and there is no option to select another one. Useless on trips,foodpanda_reviews.csv,1,negative,negative,0.9714176616379829
"nice"" easy deliver lang, order na kayo,",grab_reviews.csv,5,positive,positive,0.9566223323314168
Good one..!,foodpanda_reviews.csv,5,positive,positive,0.9671501322955246
Thank u love this,grab_reviews.csv,5,positive,positive,0.999933215249121
Great service...better than the other one nowdays,grab_reviews.csv,5,positive,positive,0.999253100067526
the service is good and they were on time,foodpanda_reviews.csv,4,positive,positive,0.972879655111094
The services have gone down to the status of a local bar ..orders are 2hrs late and the live chat system is the worst ever,foodpanda_reviews.csv,1,negative,negative,0.9993811977140441
soo good drivers,grab_reviews.csv,5,positive,positive,0.9977160322036799
Food panda to Best h pr kuch aysy restaurant h Jo home restaurant bany huy h bohat hi bad zaika Khana h ..... first time ka order bohat hi acha h noman restaurant ka tha 2nd time kesy ghr ka tha bohat hi bakwas......🤮,foodpanda_reviews.csv,5,negative,neutral,0.9056034546231687
nice app and service!! higjly recommended!! if you're tourist to avoid being scammed by the local Taxi!,grab_reviews.csv,5,positive,positive,0.7748499206419931
Easy ❗❗👍👍👍👍,grab_reviews.csv,5,positive,positive,0.9995821459932951
Menganiaya rider pui,foodpanda_reviews.csv,1,neutral,neutral,0.9144206983521393
App does not provide search according to rating.,foodpanda_reviews.csv,2,neutral,negative,0.8651702432306074
"Aplikasi nya jelek, pas mau log in di minta kode GAK DI SEND, sampe 6x juga gak di send.",grab_reviews.csv,5,neutral,neutral,0.9999943461755506
5 start bcz I'm dependant on them,grab_reviews.csv,5,neutral,negative,0.5353224844936417
great apps very helpfull thanks a lot,grab_reviews.csv,5,positive,positive,0.9999988232750598
TAILONGLOCK7,grab_reviews.csv,5,neutral,neutral,0.42384991073306255
"Great app to order food, get rides and many other things. One of the best one-stop apps. :)",grab_reviews.csv,4,positive,positive,0.9999406451652152
It's been more than an hour and no communication at all from the vendor or FP team. Pathetic management overall. Atleast provide the number of the vendors so that customers can contact.,foodpanda_reviews.csv,1,negative,negative,0.9995434785631915
Kepala jimbit laa aku urgent nak guna time tu la semua tak boleh bak pickup. Busy pe jadah. Dok berlonggok dekat tbs tu buat apa. Pergi la cari cust. Bodoh,grab_reviews.csv,1,negative,neutral,0.9990751477971481
"Driver tak bertanggungjawab, mana ada kereta Honda city lepastu kata alasan waze rosak. Dah tunggu lama kot, kalau aku tak call dia buat tak tahu. Nak tunggu dia cancel booking lagi kalau aku yang kena charge. Tolonglah Grab perbaiki driver kamu.",grab_reviews.csv,1,negative,neutral,0.9999948750431731
"Very poor experience bcuz it only displays the nearby restaurants in the account, they should deliver according the region or minimum 25km area.",foodpanda_reviews.csv,2,negative,negative,0.9845317919779231
Your app sucks,grab_reviews.csv,1,negative,negative,0.9979856105685984
"Aplikasi semakin sering minta update,tp malah sering error pula. Not good!",grab_reviews.csv,4,negative,neutral,0.998434867339726
luxury and easy,grab_reviews.csv,5,positive,positive,0.9995738696912625
Was in much pain after back injury . the GRAB driver was so considerate and allowed me to take my time ..getting in and out of vehicle . Very worthy great Grab Driver 👍👍,grab_reviews.csv,5,positive,positive,0.9943205608766109
Luv it 💕,grab_reviews.csv,5,neutral,neutral,0.7209342833444554
It was the worst experience ever.. Charged a lot for delivery.. Very disappointed,foodpanda_reviews.csv,1,negative,negative,0.9997251285304104
"Bad review. Never check properly before asking users to update. After updated the apps, the apps exit and crash again and again.",foodpanda_reviews.csv,1,negative,negative,0.9749116939276385
Ontime in everythinG,grab_reviews.csv,5,neutral,neutral,0.5847179549158106
i cant even order food because i dun even have that part to order food.,grab_reviews.csv,1,neutral,negative,0.7568808594602937
I think better best is grab we like him,grab_reviews.csv,5,positive,positive,0.9996640369921433
coupons doesnt work,foodpanda_reviews.csv,1,negative,negative,0.9988348171129823
Keep suppourt,grab_reviews.csv,5,neutral,positive,0.5407146248670747
thanks for your good sevice,foodpanda_reviews.csv,5,positive,positive,0.9994466854818629
"Hi, I personally like the Grab, its safe and fast for much better than anything else..",grab_reviews.csv,5,positive,positive,0.999954396362595
Horrible takes forever and won't let me log in with my phone number i hate this so much always forgets straws napkins they don't give change the food i always melted or cold cuz they take forever,foodpanda_reviews.csv,1,negative,negative,0.9981377111576322
"sejak update susah kasih bintang ke driver nya untuk grab car kasian itu pengemudinya ,sering eror nih aplikasi",grab_reviews.csv,4,neutral,neutral,0.9999997890712615
Supir grab mengantar barang ke rumah. Tapi mendadak meminta di trf kan OVO / menggunakan BCA. Untuk beli bensin katanya. Perilaku seperti ini menurut saya tidak sopan. Karena bagaimana pun cust itu client. Dan kita orang asing.,grab_reviews.csv,2,neutral,neutral,0.9999995553920507
Flow is really bad. Edit order is invisible..,foodpanda_reviews.csv,1,negative,negative,0.9842629424917736
PAS UPDATE GAK BISA LOGIN,grab_reviews.csv,1,neutral,neutral,0.9993477916867175
tang ina kang hayop ka,foodpanda_reviews.csv,1,neutral,neutral,0.9805987249376765
The amount of ads on this app is dystopian.,foodpanda_reviews.csv,1,neutral,negative,0.9210900168098899
Don't have used it back,grab_reviews.csv,1,neutral,negative,0.8597125734428128
the best app of all time! 100% reliable and safe!,grab_reviews.csv,5,positive,positive,0.9999829829522299
Great to use the App Store for delivery,foodpanda_reviews.csv,5,positive,positive,0.9605013522206463
"Just downloaded, not happy with selected method payment only",grab_reviews.csv,1,negative,negative,0.9856955237936965
"Unpleasant experience, if u got spoiled food, Grab refused to compensate ""for the taste and smell issue, sorry to inform you that due to limitations to verify the quality and smell of the food online, we are unable to proceed with any refund."" So, they want u enjoy the spoiled or rotten food anyway or no compensation provided",grab_reviews.csv,1,negative,negative,0.9996795656709664
Very good. Excellent,grab_reviews.csv,4,positive,positive,0.999999808178633
"I saw a post in social media from a vendor in foodpanda. Kahit ginagamit ko to to order food but I have to uninstall this app because I just hate what I read. Hindi na kayo naawa. Kung oorder man ako sa inyo tapos halos wala na palang profit yung vendor nyo, wag na lang. Haysss uninstall na this bye! You do not deserve that 4 stars. Kung may 0 star lg eh!",foodpanda_reviews.csv,1,negative,negative,0.6438519727808099
"Very easy and helpful app... User can have a nice and safety ride with affordable price... For your input please fix the pickup location using pin point... The Result pin point not the same between the maps n location app (always move far away), thanks",grab_reviews.csv,5,positive,positive,0.9995702234527276
Good services .,grab_reviews.csv,5,positive,positive,0.9987694116588165
The app is fine. The main problem is the reach of the restaurants. What's the point of giving adverts for restaurants that dont deliver to you. It's even more ridiculous when the restaurant will deliver to you if you call them directly but on food panda you will be told they don't deliver to you. The logic is stupid. Restaurants that are within reach simply state they dont deliver or are too far when that is not the case. It makes using the app pointless if you are limited to a few restaurants.,foodpanda_reviews.csv,2,negative,negative,0.9995101696451772
The app is good but the riders are very inconsiderate with the quality of order and logistics. Always accepts multiple orders w/c it would take time for your order to arrive. Bad logistics promises. Unrealistic ETA Inconsiderate riders,foodpanda_reviews.csv,1,negative,negative,0.9667266166707745
"Overall a good app to have, was happy with it until I encountered the driver of SHB4679K that arrived and knowingly left with another passenger without notifying me at all. According to him, Grab Taxi drivers are not obligated to call the customer upon arrival & have the right to leave without a word too. The driver even told me to take it up with customer support if I had any issues. No response from customer support to date, no wonder the driver was so smug.",grab_reviews.csv,3,positive,negative,0.9487025716991907
Excellent service Very good experience Well manner delivery,foodpanda_reviews.csv,5,positive,positive,0.9992736431681685
Best food delivery experience so far ❤️,foodpanda_reviews.csv,5,positive,positive,0.9999991385297891
good job foodpand!,foodpanda_reviews.csv,5,positive,positive,0.9977833823080235
wonderful service by rider,grab_reviews.csv,5,positive,positive,0.9918201142353611
Menyebalkan masa alamat yg saya cari kga ke temu temu buang buang waktu saya aja,grab_reviews.csv,1,neutral,neutral,0.9999906256377923
"Upgrade system, still been loading too muchh and error ..",foodpanda_reviews.csv,1,neutral,negative,0.9075278128187874
"Bad apps ! 4th times my order auto cancel, and untill now my money still not refunded.",foodpanda_reviews.csv,1,negative,negative,0.9964067074306807
accessable to buy ready made food(s)...,foodpanda_reviews.csv,5,positive,positive,0.5852517889780657
"More promo, better.",grab_reviews.csv,5,positive,positive,0.9945090786657894
easy to use and customer service is great,foodpanda_reviews.csv,5,positive,positive,0.9995775972543098
"no issue, smooth easy to use",grab_reviews.csv,5,positive,positive,0.9999977977894564
Terbaeks,foodpanda_reviews.csv,5,neutral,neutral,0.9174376548435458
I love it! For my free order i have free delivery and less of 75 pesos. Thank you!,foodpanda_reviews.csv,5,positive,positive,0.9994239733556233
Lagi ako npapagastos sa app na toh. Hahaha 1 star ka lang lodi,grab_reviews.csv,1,positive,neutral,0.9886302026158881
"thankyou, mudah digunakan, suka kasi diskon.",grab_reviews.csv,5,neutral,neutral,0.9996093277660459
Simple and easy to use. Allows contactless delivery during covid19 situation.,foodpanda_reviews.csv,5,positive,positive,0.9999287364779825
"Perkhidmatan yang memudahkan kami disamping memberi sokongan kepada rider-rider yang mencari rezeki. Meskipun adakalanya berlaku sedikit kelewatan, itu adalah lumrah. Cuma Quality makanan yang kurang memuaskan dari sesetengah kedai, itulah yang mereka perlu penambahbaikan.",foodpanda_reviews.csv,5,neutral,neutral,0.99999999182441
Food quality👎,foodpanda_reviews.csv,1,negative,negative,0.993226345495915
Worst app ever👎🏿,foodpanda_reviews.csv,1,negative,negative,0.9994064056645968
Bad experience with this app.... phly sahi tha bad may ahista ahista shops kam hoti gai jo resturants achy thy wo ab aatay nhi is may,foodpanda_reviews.csv,1,negative,negative,0.5149294757937821
Nice food and quick service provider..,foodpanda_reviews.csv,4,positive,positive,0.9999147542601975
Perbanyak promonya!,grab_reviews.csv,4,neutral,neutral,0.9998595441599004
My notification always cant see. it blank,grab_reviews.csv,1,neutral,neutral,0.7657011154925553
Bad cs !!!!,foodpanda_reviews.csv,1,negative,negative,0.9715638047259675
Always quicker,grab_reviews.csv,5,neutral,negative,0.5703476152389986
I don't know why locations don't show up on my phone.,grab_reviews.csv,2,neutral,neutral,0.5405201197764948
WAJIB memberikan APA yang jadi haknya driver jangan di untit,grab_reviews.csv,1,neutral,neutral,0.9999016861339943
Super panda and move on pula of the day Erume on on,foodpanda_reviews.csv,5,positive,neutral,0.4961503762194693
easy for food,foodpanda_reviews.csv,5,positive,positive,0.9998676597234871
Operatornya tidak bisa dihubungi,grab_reviews.csv,1,neutral,neutral,0.9969356755537525
"Been using this even before the pandemic started, but our ordering food for delivery has increased since the pandemic and Foodpanda has always been my favorite! Fast and easy navigation, updated tracking of order and good list of stores. Thanks Foodpanda for making our life a easier and safer.",foodpanda_reviews.csv,5,positive,positive,0.9999991173396184
I have nothing to asked for!!!,foodpanda_reviews.csv,5,neutral,negative,0.7940020532084449
Very bad🤥🤥,foodpanda_reviews.csv,1,negative,negative,0.9879477876562486
very useful app. can book car and taxi ryt away,grab_reviews.csv,5,positive,positive,0.9955810135496631
"Selalu ada masalah apps. Nak berhubung dengan rider pakai no fon bukan melalui apps, tidak menjadi private. Makanan lambat dpt, salah hantar mkn tak ada refund k apa, apps teruk sgt ada glint. Sekarang ramai vendor dan rider mengadu food panda aniaya tak bayar duit yang sepatutnya dan rupanya jarak perjalanan rider bukan ikut jalan 'displacement' atas map bukan 'distance' jalan. Better uninstall je apps ni. Dah lama uninstall dan unsubscribe email.",foodpanda_reviews.csv,1,negative,neutral,0.9999862223239534
Cash on delivery payment option haven't seen on my foodpanda app.,foodpanda_reviews.csv,1,neutral,negative,0.6398808132664714
Card payment does not work!,foodpanda_reviews.csv,1,positive,negative,0.9147102163563152
"banyak promoooo apalagi grabfood, beuuuh cocok buat anak kost daah",grab_reviews.csv,5,neutral,neutral,0.9998773406013969
When I set my map location I cannot see any restaurant.,foodpanda_reviews.csv,1,neutral,neutral,0.7316516854957081
Very convenient and they have nicest drivers,grab_reviews.csv,5,positive,positive,0.5425533380963589
Very innovative app and usefull buat yg laper tp ngga sibuk,foodpanda_reviews.csv,5,positive,neutral,0.8842509674890033
At first it was a good and great service for almost 2 years im using it through out this pandemic but this past few days it made feel disappointed because my orders are always cancelled. I didnt know what happened. It really pis off,foodpanda_reviews.csv,1,negative,negative,0.9798241974638777
Hello sir,foodpanda_reviews.csv,5,neutral,neutral,0.5128273017606607
"Very satisfied, all driver of grab are very accomodating at magalang safe mag drive .",grab_reviews.csv,5,positive,positive,0.9909185415872235
Rider are so confused,foodpanda_reviews.csv,3,negative,negative,0.9785688766416757
Worst experience ever....I install this many times and den uninstall because no coupon shud be reddemed even once....dey knw only advertisement more n more..bt no consumer policy..hated it,foodpanda_reviews.csv,1,negative,negative,0.9995670663390335
"Just gonna UNINSTALL it right now!! Its really weird that it says ""we are not in your area yet"" like seriously??? I've ordered alot of times before but now it is just blank not showing me any restaurants not even in the pick-up option 🙄",foodpanda_reviews.csv,2,neutral,negative,0.5221478858211894
Jangan dikurangin PROMONYA dong kak....kode promonya sekarang semakin sedikit ih,grab_reviews.csv,5,neutral,neutral,0.9999939460551491
My Paylater is not working since last evening. Called your cust care and they said that there are some maintenance work for Paylater. He advised to restart my device at 1130pm last night. I restarted my device this morning and still had issues. I looked into playstore for a latest update and was unable to find any. Clicking on the notification to update in the app is leading me an external site for installation. Open in playstore link shows an error. My cust journey so far is terrible.,grab_reviews.csv,1,negative,negative,0.9997014866861842
Usless and time wasting app. The riders do not come on time. They show you that they will come within 20 minutes But they did not come upto 3 hours. And almost everytime at the end they will tell you that your order is cancelled. They wasted a lot of time of me and my other fellows today. Totally a time waste app....,foodpanda_reviews.csv,1,negative,negative,0.999948606219766
Difficult to give rating,foodpanda_reviews.csv,3,negative,negative,0.999102811352792
I wish I could give you 0 star for horrible service do not deal with these thievs they just rob your money from you I ordered something from them and they send me wrong item with spilled food that is how they treat their old custormers never order with foodpanda,foodpanda_reviews.csv,1,negative,negative,0.999959160768492
wonderful discounts♥️,foodpanda_reviews.csv,5,positive,positive,0.9977017860532378
still counting the days..grab says 2 days fory acc to be active..but nope..i mean customer service suck...rather then saying 2 days..why wont they just say its gonna be active this week..easy rather them your not sure..but. asume its gonna take 2 dayss,grab_reviews.csv,1,neutral,negative,0.9535082362643952
Good efisien.,grab_reviews.csv,5,positive,neutral,0.9748513112154655
Scammazzzz,foodpanda_reviews.csv,1,neutral,negative,0.3817739936979524
"I Never Order Food From *Food Panda*. While I was ordering to the food,I used Voucher code and it shows Invaild & is for New Costumers. I was also New Costumers with new email & Phone Still the code didn't work. I will never ever recommend This app to Anyone.Instead If downloading,I will ask to rate you by 1 star.😠😠",foodpanda_reviews.csv,1,negative,negative,0.9999453016387511
Why I can't use that promocode,foodpanda_reviews.csv,1,neutral,neutral,0.7456704271801049
Buat apa promo 50% kalau promo nya ngak bisa dipakai. Bukan cuma Kali ini sebelumnya juga. Harus mengikuti jam udah di tunggu pas jam nya promonya tetep gak bisa dipakai.,grab_reviews.csv,1,neutral,neutral,0.9999999491932967
Good app nice interface,foodpanda_reviews.csv,4,positive,positive,0.9996672880682755
Excellent channel for learning and fun too,foodpanda_reviews.csv,5,positive,positive,0.9932151960653093
Bast of choice,foodpanda_reviews.csv,5,neutral,neutral,0.6959752768834551
"If you use money from your card and you try to book a ride but get cancelled by the driver, it'll deduct the amount that you were supposedly going to pay to the driver, thereby stealing money from you. This mechanic is stupid.",grab_reviews.csv,2,negative,negative,0.9999867065718273
I use to order from foodpanda but having worse expirence they are going day by day,foodpanda_reviews.csv,1,negative,negative,0.9818814793001855
Food panda is good and does what I want and it is easy to use,foodpanda_reviews.csv,5,positive,positive,0.9526835723712471
Terrible delivery service! Never on time food arrives cold and when you complain they basically don't care! Terrible service still! No apologies at Al!,foodpanda_reviews.csv,1,negative,negative,0.9999887111333674
but GPS may be inaccurate at times,grab_reviews.csv,5,neutral,neutral,0.7556929997918683
Against empolyee rights.,foodpanda_reviews.csv,1,neutral,negative,0.7891925681116774
"WORST APP, WORST SERVICE HAD TO WAIT 2 HOURS FOR FOOD TO ARRIVE AND WORST CUSTOMER SUPPORT STAFF!!!",foodpanda_reviews.csv,1,negative,negative,0.9999882592386207
rate to 5star,foodpanda_reviews.csv,5,neutral,neutral,0.4051247420966366
Nice delvery,foodpanda_reviews.csv,5,positive,positive,0.9933487512233379
Delicious and affordable price. I love to repeat order,foodpanda_reviews.csv,5,positive,positive,0.9982385560935609
first time i use grab...great experience.i will use this service this again,grab_reviews.csv,5,positive,positive,0.9650593137120321
"ok all good, but i cannot get my coin, why is that?",grab_reviews.csv,5,neutral,negative,0.566906852688732
I really love this app😍❤,foodpanda_reviews.csv,5,positive,positive,0.9999994739855216
Ayus na ayus to,foodpanda_reviews.csv,5,neutral,neutral,0.47841297274370537
keep asking for update even after updayed and cant b use for request car .,grab_reviews.csv,2,neutral,negative,0.8970456738679031
Faltu service Khabar order korar por item missing and ami aaj duita restaurant a khabar order korar 1 ghonta wait korar por amr order cancel kore dewa hoy.. aita kmn service,foodpanda_reviews.csv,1,negative,neutral,0.9216316936932119
"Only cancel the order after I wait for 1 hour, disappointed",grab_reviews.csv,1,negative,negative,0.9999609128739337
Terimakasih dan bermanfaat,grab_reviews.csv,5,neutral,neutral,0.9997879236187383
Dissapointed with the apps!,foodpanda_reviews.csv,1,neutral,negative,0.7512492980392114
#!২( 🎙 🎙🎻 🖥📣☎📲☎🎤📻📻📞,foodpanda_reviews.csv,2,neutral,negative,0.5692990055934358
Nice foood app,foodpanda_reviews.csv,5,positive,positive,0.99908519252324
Aplikasi yang bermanfaat ditambah dengan diskon yang menarik,grab_reviews.csv,5,neutral,neutral,0.9999017215721122
easy to use and had a lot of discounts,grab_reviews.csv,5,positive,positive,0.9997596202014448
Meinay inhy 370 Rs diye thy or inho NY mujhu delver nahi kiya or pese bhi wapas nahi aye I hate food panda mere pass kha gya,foodpanda_reviews.csv,1,negative,negative,0.5613088979295937
Easy to use n great service by Foodpanda,foodpanda_reviews.csv,5,positive,positive,0.9999688393318605
Worst app i wait for my beverage to long,grab_reviews.csv,1,negative,negative,0.9980921483509668
"I can't install Grab 😔 I used to have this on my phone but an update was required for me to use it. After updating, the app cannot be opened. So, I tried to uninstall the app so that I may install it again. But sadly, everytime I press the Install button, the App does not install or download.",grab_reviews.csv,1,negative,negative,0.9267299050200354
"I have a problem, can't find driver. then can't find cs contact. good bye grab, welcome gojek.",grab_reviews.csv,1,positive,negative,0.7104555337051554
Not receiving my order after I made the payment.,foodpanda_reviews.csv,1,neutral,negative,0.9057905488215326
Very bad experince whenever I order from this app tasteless food deliverd and rude staff,foodpanda_reviews.csv,1,negative,negative,0.9994045382955901
They charge 100 rs as delivery charge but the order does not get delivered even after 2 hours... third class service...,foodpanda_reviews.csv,1,neutral,negative,0.9138776095591552
"Bad experience with them, order 2 meals with curly fries but didn't receive and said to compensate $2 voucher and at the also never give",foodpanda_reviews.csv,1,neutral,negative,0.9703942005701639
Ano bang problema ng app nyo bket ayaw magsign up ng acc. kailangan kpa nman ngaun jusko puro error lng nakalagay useless app ever,grab_reviews.csv,5,negative,neutral,0.9355037005883265
absolutely essential for living in Singapore,grab_reviews.csv,5,neutral,positive,0.7290958496669417
Mera best friend idhr kam krta is liye 5 star dey rha...agr yeh bnd ho gya to uski rozi ka zarya khatam ho jyega bht mushkil se kaam shuru kiya usne..,foodpanda_reviews.csv,5,positive,neutral,0.9730736763320903
Lebih mudah search locationnya,grab_reviews.csv,5,neutral,neutral,0.9955428039451606
Fast and courteous drivers!,grab_reviews.csv,5,positive,positive,0.999986837204916
sunog ung peach mango pie,grab_reviews.csv,5,neutral,positive,0.6694549408769368
9ooiìii . N n ..oii . 5g n. Hb,foodpanda_reviews.csv,2,neutral,neutral,0.9771185739709891
I am very disappointed there showing that there is no shop or restaurant where i can buy and eat ! 😡,foodpanda_reviews.csv,1,negative,negative,0.9991794562287145
Good thing for House wives,foodpanda_reviews.csv,5,positive,positive,0.9875223605033753
Fake App Fake Poeple I Order One Zinger and 2 Shawarma's it's cold I say it's OK I will manage when I check burger and shawarma chicken as like raw not baked I never ever use this again. fake and scam they are just investing money in marketing see one day you are not in world no anyone install your app for order something fake fake scam.,foodpanda_reviews.csv,1,negative,negative,0.9997991992388094
Stingy with grab points. Unreasonable quota of points to maintain gold membership status. Disappearing grab food option. The stars are entirely for the hard working riders and grab drivers.,grab_reviews.csv,3,negative,negative,0.815913571702587
My accout got suspended and i dont know why!!! Been sending emails but no answer at all!!! Im an uber user before and switch to ur service but your service sucks!!! Still im correct that uber us reliable and efficient than grab... once u email uber theyll reply to u in what... just 5minutes... unlike you... its been months but still no reply at all... loyalcustomer here... but you wasted it!! Gudjob grabsh*t,grab_reviews.csv,1,negative,negative,0.9989816830565558
"I've been using grab for a long time now, but this time, I am disappointed. They changed the route of where I go to work, and there is no traffic congestion and never reverting it back to it's original route. I feel so robbed. I sent a report, but it is totally useless.",grab_reviews.csv,1,negative,negative,0.9998963573981315
Just delete or don't download it.. u will regrets it.. The apps didnt have cancelation. Better use food panda as it will give time for cancellation better than grab.. maybe the other is better but food it's were worst.. then the price is more expensive than the other apss.. 30% more expensive after deduct the price and the rider.. and they give fake discount or any promotion as it don't have..,grab_reviews.csv,1,negative,negative,0.9991905707653637
Life saver during these times of pandemic!,grab_reviews.csv,5,neutral,positive,0.990575369150446
Worst delivery App....,grab_reviews.csv,1,negative,negative,0.9987530831849785
I have bad experience with Grab in Myanmar.Customer services team can't handle the problems and they haven't well train.They didn't know the service exactly.Their app has error.on so on,grab_reviews.csv,1,negative,negative,0.9996562252589463
Saya tidak dapat memakai pembayaran by ovo,grab_reviews.csv,5,neutral,neutral,0.9996859244300141
safe driver.,grab_reviews.csv,5,positive,positive,0.9973857676571136
bad expi,foodpanda_reviews.csv,3,negative,negative,0.9954221142989256
Everyday i have to update 😡😡😡😡😡😡😡😡😡😡,foodpanda_reviews.csv,1,negative,negative,0.9999894117617114
Very convenient. Excellent rating.,foodpanda_reviews.csv,5,negative,positive,0.9987936836373741
Always cannot view the maps.,grab_reviews.csv,4,neutral,negative,0.7570141818068192
thanks bij,foodpanda_reviews.csv,5,positive,positive,0.997736715068678
Very bad experiance,foodpanda_reviews.csv,1,negative,negative,0.9964008054439196
I ordered petto boxes through foodpanda and made online payment. After some time the hotel declined the order showing they don't have the petto box. They mail me a confirmation of cancellation and assured refund within 24hrs. But after 24 hr when i tried to mail them for my pending refund the mail is not sending bcoz the food panda admin removed me from the group. I hate foodpanda. Cheating app,foodpanda_reviews.csv,1,negative,negative,0.9979085770486337
Bad. Prformance,foodpanda_reviews.csv,1,negative,negative,0.9926033824057231
ခုချိန်မှာ အကုန်လုံးခက်ခဲနေတာသိရက်နဲ့ Riders တွေအပေါ်ခေါင်းပုံဖြတ်နေတာ လူဆန်တယ်လို့များထင်နေလား မကူညီတဲ့အပြင် $ခွက်‌‌ေပြာင်ပြီး အသစ်တွေပါထပ်ခေါ်လိုက်သေး $ချိုးကမပြေဘူး ခုလိုလုပ်တဲ့အကျိုးကြောင့် လုပ်သမျှအရှုံးပေါ်ပြီး ဒေဝါလီခံရပါစေကွာ,foodpanda_reviews.csv,1,neutral,negative,0.5084039397582054
Helpul durin my stay in Kuala Lumpur,grab_reviews.csv,5,neutral,neutral,0.7867039969432578
dhtwefßerwedèd,foodpanda_reviews.csv,1,neutral,neutral,0.4318867722075627
The app should check their delivery fee properly 11 dollars just for a 20min bike ride don't make sense and always the app has update,foodpanda_reviews.csv,1,neutral,negative,0.9717743653989919
Very² bad service,foodpanda_reviews.csv,1,negative,negative,0.9997354275211259
It is a very good online restaurants app where I can choose various of foods to order. Liked it.,foodpanda_reviews.csv,5,positive,positive,0.9989152588546172
Good app 🥰🥰,foodpanda_reviews.csv,5,positive,positive,0.9999999377920138
The delivery time is very poor.. Once it took more than 2 hrs but still wasn't delivered,foodpanda_reviews.csv,1,neutral,negative,0.9324576499115679
The operator is stupid.calling for either to cancel or proceed order with no refund..,foodpanda_reviews.csv,1,negative,negative,0.9998609960482826
Never use it.,grab_reviews.csv,1,neutral,negative,0.8818543703426733
"getting expensively, but compare to similar app food panda still easy to use and less mishaps. their help support also very responsive.",foodpanda_reviews.csv,4,positive,positive,0.9940688219436425
Worst ever food delivery app,foodpanda_reviews.csv,1,negative,negative,0.9810608689961405
Makin kesini makin susah dapet Driver,grab_reviews.csv,1,neutral,neutral,0.9987785408336515
"ACH.. GEMBEL, CM BS NON AKTIFKAN AKUN AJA, TANPA MENJELASKAN BUKTI DETAIL.",grab_reviews.csv,1,neutral,neutral,0.9998788339392779
Good user experience with straightforward instructions.,foodpanda_reviews.csv,5,positive,positive,0.9389533422683601
Can't watch YouTube for Foodpanda Ads... >:(,foodpanda_reviews.csv,1,neutral,negative,0.6513095858564727
"it wasn't sms, they actually suspended my email for god knows what damn reason. and when i try logging in with other emails they force me to login using my banned email making me unable to use their services. i will encourage every single people around me that even use this idiotic service to uninstall if im not reached out to. im not the one thats supposed to waste my quota calling and messaging them",grab_reviews.csv,1,negative,negative,0.9999779124970193
"Very bad service,i wait for 1 hour to get order.Very bad service",foodpanda_reviews.csv,1,negative,negative,0.999884841928764
Too intrusive,grab_reviews.csv,1,neutral,negative,0.6679223018894498
"Pathetic experience.. I fully paid them online... n when order came, 3 items were missing.. n they said that they can't refund it",foodpanda_reviews.csv,1,negative,negative,0.9995166319036268
not automatic location,grab_reviews.csv,3,neutral,neutral,0.6171588405586345
"It,s so nice",foodpanda_reviews.csv,3,positive,positive,0.9986000307467808
awesome and very convenient,grab_reviews.csv,4,positive,positive,0.9999421367837039
It's a very useful app for any type of people.,foodpanda_reviews.csv,5,positive,positive,0.9998819093139152
Five Star for you...,grab_reviews.csv,5,neutral,positive,0.6400397864009713
Bulan oktober saya Naik grab.. Seksyen 8 Bangi to hospital serdang baru kene caj rm8~rm10.. Bulan November hingga sekarang ni dah mencecah rm13 to rm16.. Makin lama Makin Naik harga.. Taw la dah takda pesaing.. Janganlah amek kesempatan syarikat grab oi...,grab_reviews.csv,1,neutral,neutral,0.9999851266164722
DI NARESOLVE YUNG ISSUE KO NA DINEDUCT NILA YUNG 500 SA BANK KO TAPOS SASABIHIN MAY UTANG AKO ULOL NEVER AGAIN GRAB WALANG KWENTA YUNG CUSTOMER SERVICE NIYO MGA BOBO,grab_reviews.csv,1,neutral,neutral,0.9947034801491588
This app useless.,foodpanda_reviews.csv,1,negative,negative,0.9975729232787423
Fash delivery,foodpanda_reviews.csv,5,neutral,positive,0.6706338137331617
Dhaka Bangladeshi,foodpanda_reviews.csv,3,neutral,positive,0.5248242975373838
Your app sucks. And moreover you killed HipMenu.,foodpanda_reviews.csv,1,negative,negative,0.9792793605409436
Why is my apps did not have the food icon?? Why i can't order grab food?,grab_reviews.csv,5,neutral,neutral,0.8263550711993217
Bermasalah bila nak set location untuk sesetengah kawasan .,foodpanda_reviews.csv,1,neutral,neutral,0.9991772582708875
Hitam dan putih kita tak sempurna.,foodpanda_reviews.csv,5,neutral,neutral,0.9987653432480595
"hard to find place, gps accuracy too low",grab_reviews.csv,2,negative,negative,0.9492426295551479
Great apps. Keep it up.,grab_reviews.csv,4,positive,positive,0.9983430063337585
It was just osm,foodpanda_reviews.csv,5,neutral,negative,0.7192258687138582
It sometimes not works 😇😇😇😇😇😇😇😇😇😇😇😇😇😇😇😇😇😇😇😇😇😇😇😇🌄🕐🌄🌄🌄🌄🕐🌄🌄🌄🕐🕐🕐💔🕐🕐🕐🕐🌄🌄💔💔💔💔💔,foodpanda_reviews.csv,2,negative,positive,0.99962440555547
"Saya ingin order grab bike ngga bisa²,padahal lagi telat kerja",grab_reviews.csv,1,neutral,neutral,0.9999973813915981
Love it. Friendly user interface and lots of promos,grab_reviews.csv,5,positive,positive,0.9999767641456075
Nice i like the promotions and voucher tht u guys offered thanks alot,foodpanda_reviews.csv,5,positive,positive,0.9933326570455489
Amazing app loved it,foodpanda_reviews.csv,5,positive,positive,0.9999993175607412
most of the time the app says its not available for heavy amount of orders! its really annoying .please work on that no other food app have such issues,foodpanda_reviews.csv,1,negative,negative,0.9985674277771328
It's out Class Aap,foodpanda_reviews.csv,5,neutral,neutral,0.8991977036812461
Ubaid ullah Khan,foodpanda_reviews.csv,5,neutral,neutral,0.9842097310859246
Worst ad ever,foodpanda_reviews.csv,1,negative,negative,0.9888063924357497
"Can't even order, a black thing pops up on number verification and doesn't do anything. So frustrating this app will only make you #HANGRY.",foodpanda_reviews.csv,1,negative,negative,0.9993357001945655
Dependable when your hungry,grab_reviews.csv,5,neutral,positive,0.5493173240244661
Not receiving verification code.,foodpanda_reviews.csv,1,neutral,negative,0.7993675193884519
not good for booking,grab_reviews.csv,1,negative,negative,0.9944960316282329
It sucks that it chooses your address for you. Food on the listing for the area won't even deliver to our place and we're in the heart of ortigas,foodpanda_reviews.csv,2,negative,negative,0.8882500740682246
Tons of options!,foodpanda_reviews.csv,5,neutral,positive,0.839305803818003
"Very bad managements, no rider no income for you, remember that.",foodpanda_reviews.csv,1,negative,negative,0.9990802542973164
Awesome and helpful app,grab_reviews.csv,4,positive,positive,0.9999996079529354
U can view available taxi on site but sometimes not all cabby wanna take,grab_reviews.csv,4,neutral,negative,0.5416093179346916
REFUND MY MONEY BACK..YOU IDIOT SCAMMER,foodpanda_reviews.csv,1,negative,negative,0.9993736394256556
Keeps logging out,grab_reviews.csv,1,neutral,negative,0.6637804702460102
Discribe after lunch,foodpanda_reviews.csv,5,neutral,neutral,0.5690772226550941
Service is good 👍,foodpanda_reviews.csv,5,positive,positive,0.9997978117583064
"Can only get a cab on NON-peak hours. But during rush hour, even if there are 5 cabs available, nobody will pick up. Very disappointing.",grab_reviews.csv,2,negative,negative,0.9845441774833191
Look good,grab_reviews.csv,4,positive,positive,0.9557601623506571
Wnotging,grab_reviews.csv,5,neutral,neutral,0.38998488974629336
Great things to have,foodpanda_reviews.csv,4,positive,positive,0.9881885341834591
Oder time pe de do bhai adhy ghanty baad bhi 25 mint hote hai jab oder kar lo restrunt band hogye,foodpanda_reviews.csv,1,neutral,neutral,0.9722412173385008
Not good service.talking is very bad.customers not happy.no need this service.😑😤😡,foodpanda_reviews.csv,1,negative,negative,0.9998171954600971
NUR ISLAM,foodpanda_reviews.csv,4,neutral,neutral,0.9760873595505406
Everything OK Everytime ok,foodpanda_reviews.csv,5,positive,positive,0.8949234754409159
A must to have mobile application during this time and future-ready in cashless transaction.,grab_reviews.csv,5,positive,positive,0.914339302879963
Amazing App There are all possible categories I need! Nice promos and good service. Delivery is surprisingly fast!!! Love foodpanda🤗❤,foodpanda_reviews.csv,5,positive,positive,0.9999998991511683
We ordered a regular milk tea from share tea and we even added money for additional cream cheese. But upon receiving the order there were no pearls not even one. We complained thru the app but there was no response. The problem with foodpanda is they have inefficient customer service. Very disappointed with both the store and the app.,foodpanda_reviews.csv,1,negative,negative,0.9998279394069055
Amazing Discounts on my favourite restaurants.... Love it,foodpanda_reviews.csv,5,positive,positive,0.9994435452857326
Online banking issue.,grab_reviews.csv,1,neutral,negative,0.5214215761573593
VERY BAD ON HANDLING CUSTOMER ISSUES!!!!!!,foodpanda_reviews.csv,1,negative,negative,0.9791893392321974
perfect in Malaysia,grab_reviews.csv,5,positive,positive,0.997868573165878
Amezing app,foodpanda_reviews.csv,5,neutral,positive,0.627221115153068
"I love this app honestly and it really helps to us commuters but what i hate about Grab is when you're trying to book in any type of car its always says that the driver is busy.. especially when u are from Mall like Megamall or Moa.. Its really hard to book. It seems that driver's not accepting it as they knew that it will be traffc on that are, its unfair to us commuters. thank u",grab_reviews.csv,3,negative,negative,0.9762523341197695
Do not all Pakistan coverage services pravahit broadband,foodpanda_reviews.csv,1,neutral,neutral,0.5464201786746007
i love booking grab....,grab_reviews.csv,5,positive,positive,0.8926253278156183
You might as well call the restaurant directly!! These guy are the worst way to order especially if you are hungry,foodpanda_reviews.csv,1,negative,negative,0.9342649679153615
"Interface is good but what's up with the weekly updates, sometimes even if i just reinstalled the app it asks to update",foodpanda_reviews.csv,4,neutral,negative,0.9098016284293239
"Pesanan sy tdk terkirim dlm wkt 1jm lbh pdhal jarak dkat krn supir klaim hp error. Bgtu supir bisa kontak, dia lgsg cancel order dr pihaknya krn sy mnta pesanan sampai dlm 20mnt. Sy kemudian mengubungi pusat bantuan utk cancel order tapi cs tdk bisa bantu cancel krn pesanan sdh diproses, cs kemudian menutup percakapan secara sepihak. Stlh orderan selesai, akun sy dipotong sesuai jmlh pembelian. Saya menghubungi pusat bantuan lagi, tetapi percakapan lgsg ditutup sblm sy bisa menyampaikan keluhan",grab_reviews.csv,1,neutral,neutral,0.9999999743363052
TANG INA MO NG IIWAN KA NG RIDER SA ERE,foodpanda_reviews.csv,1,neutral,neutral,0.9988224094744934
Apps paling bodoh.. Nk relogin oun nyusahkan org.. Bodoh nk mampos xyah jd developer la mcm nie bongokkk,grab_reviews.csv,1,negative,negative,0.6776890862480307
there service is tooo bad,foodpanda_reviews.csv,1,negative,negative,0.9727632913054544
Never again!!!!!,foodpanda_reviews.csv,1,neutral,negative,0.9049427410313304
"I complied several times on chat and no one bothers replying or call me. Neither the restaurant will answer my call. Never felt so helpless. I paid online in advance. Neither I can go ahead and buy food from elsewhere nor can wait. Pathetic customer service. And every time I messaged on chat, instead of replying you are just deleting them.",foodpanda_reviews.csv,1,negative,negative,0.9999815064951398
Good and handy service,grab_reviews.csv,5,positive,positive,0.9999568025272962
GPS not working today at 2.50pm 3rd Oct 2021. Have to manual search using the Grab map,grab_reviews.csv,4,negative,negative,0.9118386364038188
Lbh bgs klo masuk daerah pedesaan biar mudah terjangkau semua ....,grab_reviews.csv,4,neutral,neutral,0.9999428743173279
bapak ah mantap !! 🤣♥️,foodpanda_reviews.csv,5,positive,positive,0.999409979055934
Worst service in my life. Don't rely on this app ever because they cancel your orders after 20-30 minutes and generates a computer generated note.,foodpanda_reviews.csv,1,negative,negative,0.999375381632588
this the best app i have ever seen there are lots of deals and many more i love it,foodpanda_reviews.csv,5,positive,positive,0.9998969028893455
Be very careful using this App they have too many scammer drivers and Management doesn't do much of help on their customers. -10 stars!!!,grab_reviews.csv,1,positive,negative,0.9893441360915238
"T, mobile😍m, lg k000z0c iphone, 7, ,",foodpanda_reviews.csv,4,positive,neutral,0.547318795648038
Kode Promo banyak yang tidak bisa di pakai padahal belum di pakai atau kadaluarsa,grab_reviews.csv,1,neutral,neutral,0.9999999366714027
Pathetic service. Cold food. And very late delivery. Would rather suggest getting order from direct restaurants and fast food place than use this stupid application. A simple pickup order takes one hour. Rather go get it myself. Would not recommend.,foodpanda_reviews.csv,1,negative,negative,0.9994781887644697
This app Very help full,foodpanda_reviews.csv,5,positive,positive,0.9981338011273364
Its sucks apps ever,foodpanda_reviews.csv,1,negative,negative,0.9907821983665271
Rider took my food!! and worse I didn't get tthe refund!!!!,foodpanda_reviews.csv,1,negative,negative,0.9921450104211539
good. boy,grab_reviews.csv,5,positive,positive,0.7651632764643417
Kejam!!!!,foodpanda_reviews.csv,5,neutral,neutral,0.7213471386202845
"Tiba"" dibanned",grab_reviews.csv,1,neutral,neutral,0.9621625065395242
Always need an update very disturbing to use,foodpanda_reviews.csv,1,negative,negative,0.9729571461255968
After last update it doesn't work at all When I try to open the app it shout down directly One more thing some times the price is expinsive and not fair,grab_reviews.csv,1,negative,negative,0.9997977754596638
"I could've given them a 5 star however, they really need to improve their system. Grab drivers here in my country (PH) are very warm and friendly! :)",grab_reviews.csv,4,positive,positive,0.9959787323108151
"Wooow... What's all that about with the bad comments? If you people have complaints, send them directly to their site. Here the comments are not reviewed by FOODPANDA, so do not waste your time",foodpanda_reviews.csv,3,negative,negative,0.9994882589352861
User friendly. Meals n ride just right at your finger tips and allow to track the riders position.,grab_reviews.csv,5,positive,positive,0.9543492320842524
Reduce app size,grab_reviews.csv,3,neutral,neutral,0.4962313318648255
love 3000,grab_reviews.csv,5,positive,positive,0.9954292175887975
so far good👍,grab_reviews.csv,4,positive,positive,0.9999836161980171
V pathetic pizza I found.,foodpanda_reviews.csv,1,negative,negative,0.9874449849278508
Home delivery is damn bad. If you want at dorestep you need to pay more to the rider.,foodpanda_reviews.csv,1,negative,negative,0.908289645214871
"Panda Mart is a very terrible service. I had been bought for few times, everytime sure missing items or wrong items. And the app only support taking picture, when we bought for our loved one, we cannot upload the image, and the agent refuse to refund the missing items. So so terrible service.",foodpanda_reviews.csv,1,negative,negative,0.9999837625950729
Uprage your maps! Pin always wrong even already adjust! Then the driver blamed passenger!!,grab_reviews.csv,1,negative,negative,0.9927851332243608
Excelent app :),grab_reviews.csv,5,neutral,neutral,0.8519422690308543
Very good in my own opinion. Hope the weather will not affect the apps.,grab_reviews.csv,5,positive,positive,0.9796622702222646
send photo not working,foodpanda_reviews.csv,1,negative,negative,0.9869654541164821
This is a good app but the problem is sometimes delivery man is talking rudely.i,foodpanda_reviews.csv,5,negative,negative,0.8290923399029367
"Terima Kasih, Grab!",grab_reviews.csv,5,neutral,neutral,0.9981112599147546
Thank good services keep it up....👌,grab_reviews.csv,5,positive,positive,0.9999895173053279
"The grabber Tan Sui Lung QAA1179Q Perodua Alza sibu city, very rude to passenger. He refused to take us only because we are 6 people with one small kid. 0 star for this type of driver.",grab_reviews.csv,1,negative,negative,0.962723622827666
Fp40 did not work,foodpanda_reviews.csv,2,negative,negative,0.9878120919817955
Useless app!!,foodpanda_reviews.csv,1,negative,negative,0.9993814638603549
Usually rider will not concern about how long the customer waiting for their delicious food.,foodpanda_reviews.csv,1,positive,negative,0.9569386592123084
Please don't use food panda to order food..this app unfriendly. Some rider also rude to customer and no manner. My experience with this app so terrible.,foodpanda_reviews.csv,1,negative,negative,0.9997475980763194
Drivers mostly are friendly & helpful,grab_reviews.csv,5,positive,positive,0.999794286756033
Kalau apps nya gak di update gak bisa masuk..pdhl Rom semua hp kan beda . Update apps kan tergantung pengguna mau update atau enggak. Mohon lah pihak app nya jangan maksa kali harus di update,grab_reviews.csv,1,neutral,neutral,0.9999999682344486
Best service for hous wives,foodpanda_reviews.csv,5,positive,positive,0.9998896433158229
"Selama ini saya dn ketiga anak saya yg berumur 23 years,20 year,10 year dn yg satu lagi berumaur 3 year 4 month...booking just grab dpt kereta kecik takde masalah dengan driver,,ini sekali saye booking grab plus dpt honda HR-V bukan main sombong driver ,sanggup halau saye dn menyuruh saye booking yg 6 seat.alasan trlalu ramai dn cukup 4 orang saja..wah apakah anak saya yg satu lagi berumur 3 thn lebih itu mesti di kira satu passenger keh??..memang driver sombong dn kurang hajar..🤬🤬🤬",grab_reviews.csv,1,negative,neutral,0.9999980299174718
Unresponsive management team.,foodpanda_reviews.csv,1,neutral,negative,0.98401858875686
Poor customer service... app itself bugs out whenever I click on feedback. Bring uber back,grab_reviews.csv,1,negative,negative,0.9625737194583979
Selalu puas pakai Grab. Tidak ada yang dikeluhkan. Terimakasih: ),grab_reviews.csv,5,neutral,neutral,0.9999947165526943
Spoiled all my food delivery is late no precaution for rider dumbed service ever I'm extremely disappointed with this i have wasted my 2000 rupees not from the restaurant but with delivery guys and support group of foodpanda they all are just dumb peoples with no clue how to run apps,foodpanda_reviews.csv,1,negative,negative,0.9998819018666015
Amazing service. I'm a food junkie and almost saved 50% because of foodpanda in India. 5 Star customer care too.,foodpanda_reviews.csv,5,positive,positive,0.8997057526803217
Could you atleast add a confirmation for time and date after clicking place order. Also give some time to cancel order (at least 2 minutes after placing order). I lost time and money because this app doesn't ask for confirmation.,foodpanda_reviews.csv,1,negative,negative,0.9954374922346341
Useless voucher.,foodpanda_reviews.csv,1,negative,negative,0.9631858368973271
So nice 😘😘😘,foodpanda_reviews.csv,5,positive,positive,0.999999915494147
Stupid app . . Doesn't work at payment time . . . Always gets stuck,foodpanda_reviews.csv,1,negative,negative,0.9999953183828887
"Very poor service, always late. I have not recieved any order in time. Uninstall it and find any other relevant app all of you.",foodpanda_reviews.csv,1,negative,negative,0.9991659343926663
Delivery on time and the riders are courteous.,foodpanda_reviews.csv,5,positive,positive,0.9992750104573136
For Panda has always got me yummy food at any time of the day or night. Love this app 😘,foodpanda_reviews.csv,5,positive,positive,0.9999673480473438
Lots of lagging and failed payments,foodpanda_reviews.csv,1,negative,negative,0.9647055059281147
Khush rho,foodpanda_reviews.csv,5,neutral,neutral,0.6595973616972804
"payah eror mulu ngga beres,sinyal ilang² mulu ngga bisa confirm ngga ada harga mendi g pake go jek!!!",grab_reviews.csv,1,neutral,neutral,0.9999848628384741
Useful app 😊😊,foodpanda_reviews.csv,5,positive,positive,0.9999999982182715
"Do not buy food from them.I had ordered food, called foodpanda guy he said food is on its way n ll be delivered within 15 mins, again i called restaurant and restaurant guy said food is ready from last 1 hour nobody came to pick up.i again called fpanda and they said food cant be delivered, we ll process refund, till date i haven't received money ,i don't give a damn to 400 bucks but your service sucks, its pathetic! !",foodpanda_reviews.csv,1,negative,negative,0.9999825501495774
Banyak kali order problem !!! Konon² refund Bagi voucher masalahnya yang dibagi tu voucher yang tak boleh dipakai pulak. Bukan sekali 2 ye duit burn camtu je!!! Bodoh ounye sistem!!!!,foodpanda_reviews.csv,1,negative,neutral,0.9974704025940676
"The WORST thing about the app is that when I search something. It will appear something else. Example: I search for Subway then other bakery shop that I don't even know exist appear on the top of it. Like really suck. And waste of my time to scroll down, like really DOWN to search for Subway. Please la do something about it!!!!!",foodpanda_reviews.csv,2,negative,negative,0.9996385172068679
car service,grab_reviews.csv,4,neutral,positive,0.9006834977509862
বাজে সার্ভিস🤬🤬🤬,foodpanda_reviews.csv,1,negative,negative,0.9999965867428445
Easy to use apps and the rider came on time.,foodpanda_reviews.csv,5,positive,positive,0.997969674128887
Apasal tkleh choose payment method bodo dah la lapar,grab_reviews.csv,1,neutral,neutral,0.9725365720289108
"bad service, always late",foodpanda_reviews.csv,1,negative,negative,0.9998039633882255
Good but one thins is not satisfied. Please unblocked private num calls.. Its really difficult to call the grab driver.,grab_reviews.csv,5,negative,negative,0.9905736298308196
Very very bad experience totaly fraud 😡😡,foodpanda_reviews.csv,1,negative,negative,0.999999093392147
Its a wowsom experience.,foodpanda_reviews.csv,5,neutral,positive,0.4392722423751037
the worst app i ever used,foodpanda_reviews.csv,3,negative,negative,0.9998822525987134
"Hello when I order and set the pickup place with the pin, the address name is wrong, I thought it'd be fine and assume that drivers sees where the pin is located not only what the address says, but multiple times they don't and instead ask around for the direction to the wrong address, the whole pin option seems so misleading, tried submitting that to the in-app support but kept failing...",grab_reviews.csv,2,neutral,negative,0.9998314508365929
Recent update has bugs on it.,foodpanda_reviews.csv,2,neutral,neutral,0.7307478507908064
Deals are fake.,foodpanda_reviews.csv,1,negative,negative,0.9139714435598437
"Love, love, LOVE GRAB!!",grab_reviews.csv,5,positive,positive,0.9999958296774297
useful but needs improvement.,foodpanda_reviews.csv,3,neutral,neutral,0.6473226472063024
Untuk pendaftaran Grab penumpang wajib melampirkan KTP dan nomor telepon yang aktif untuk mencegah tindak kejahatan.,grab_reviews.csv,1,neutral,neutral,0.9999354955019086
I had miss placed 5 similar orders due to unsuccessful payment by using my credit card then I ended up using online banking for the last payment. The person from food panda called me but only cancel one order for me even though I requested to cancelled all the previous fault order by credit card. Call the hotline back but cannot be reached. Very bad experience this time with food panda and will never order again from this sucking apps 😡😡😡,foodpanda_reviews.csv,1,negative,negative,0.9999998205793351
best..x yh keluar rumah dh...free delivery pon banyak...thank apps ni berguna...,foodpanda_reviews.csv,5,positive,neutral,0.8675244209748062
I enjoy using this app!!!,foodpanda_reviews.csv,5,positive,positive,0.9994350261902376
"Taktik drivernya, terima tapi ngak gerak, biar kita yg cancel. Padahal dari awal memang ngak mau ambil, tapi takut kena pinalti, jadi order diterima tapi ngak gerak, dichat ngak nyahut. Hedeh... kalau emang ngak mau terima, dari awal ditolak aja, ngak usah pakai trik2 gitu. Bikin buang2 waktu gw",grab_reviews.csv,3,neutral,neutral,0.9999999840435977
Awal login kenapa muncul blank putih. Jadi ngga bisa pake.,grab_reviews.csv,1,neutral,neutral,0.9999808664192776
A very user-friendly and useful app. Highly recommended.,grab_reviews.csv,5,positive,positive,0.9999998374582181
One of a kind <3,foodpanda_reviews.csv,5,positive,positive,0.7669857234993916
HELP YOUR MERCHANTS FIRST!,foodpanda_reviews.csv,1,positive,negative,0.6626655350211952
Best features app,foodpanda_reviews.csv,4,positive,positive,0.9985102036283443
Very happy with food panda,foodpanda_reviews.csv,5,positive,positive,0.9998513336464893
Sate Terbaik dalam sungai buloh,grab_reviews.csv,5,neutral,neutral,0.9916147664792526
What happened to food panda?,foodpanda_reviews.csv,1,neutral,neutral,0.4174216632776814
Saviour!!! Make delivery free please.. 4.5 stars,foodpanda_reviews.csv,4,positive,positive,0.7183353895621823
your scan card sucks,foodpanda_reviews.csv,2,negative,negative,0.9923753674520378
Ang daming gustong maging.,grab_reviews.csv,3,neutral,neutral,0.6550965028984079
Ini aplikasi terbagus,grab_reviews.csv,5,neutral,neutral,0.991567161286347
"Very good application, fast and accurate.",grab_reviews.csv,5,positive,positive,0.999955521754285
I HATE IT! Too many bad experiences. Uninstall..,foodpanda_reviews.csv,1,negative,negative,0.9990941485187009
aplikasiny sungguh membantu,grab_reviews.csv,5,neutral,neutral,0.9919838582736674
Yaay food!,foodpanda_reviews.csv,5,neutral,neutral,0.6037034158353772
Prices unnstable,grab_reviews.csv,2,neutral,positive,0.49190457061243964
Easy and efficieny,foodpanda_reviews.csv,5,positive,positive,0.999898059589334
It keeps on suspending my account,grab_reviews.csv,1,neutral,negative,0.5879561562113595
clean ui,grab_reviews.csv,5,positive,positive,0.995244206794698
So many bad habbits from driver please train they before take a job,grab_reviews.csv,1,negative,negative,0.5663748616982152
Since i updated this app. I cant order any food,foodpanda_reviews.csv,1,neutral,negative,0.6235328247520606
Think for this app,grab_reviews.csv,5,neutral,positive,0.8040840960222396
"Maps feature not good. I type in an address and it didn't load. Was trying to go to NUS, school of computing. Had troubles trying to locate",grab_reviews.csv,1,negative,negative,0.9491156186506656
Worst service in Karachi due to shortage of riders. The order of 15-20 minutes reached out to me after one and an half hour because rider was coming from 15 k.m away from the food collecting point. Biryani me haleem Wala wait.,foodpanda_reviews.csv,2,negative,negative,0.999860116546475
Pathetic services. They offer deals like 20% off and they say that it will be added to the cart at lesser price however at the I had to pay extra for ordering a regular size pizza from Dominoes. Worst experience.,foodpanda_reviews.csv,1,negative,negative,0.9942409153759835
"Teruk gila, tunggu driver lambat gila. 2 minute jadi 9minit jadi 13 minute. From 5 ringgit to 8 ringgit. Bad ah",grab_reviews.csv,1,negative,negative,0.7900085325319985
Push notifications are annoying,foodpanda_reviews.csv,4,negative,negative,0.9879198703978864
Har qism ki bhook ka ilaj Quick Foodpanda! ❤ Thanku for giving us such an amazing app that gives us wonderful food anytime anywhere,foodpanda_reviews.csv,5,positive,positive,0.9999666422910112
"Always cant connect to the server, rubbish apps",grab_reviews.csv,1,neutral,neutral,0.6573467465272783
"Who still believes that HipMenu should come back and FoodPanda should disappear. I think everyone. Nothing is working on this app, orders are being canceled all the time, restaurants somehow are no longer delivering at my address. All you can find here is a very lame app which could rise only by buying another one without learning anything from it. Shame! Go hide under a bridge somewhere and stay there.",foodpanda_reviews.csv,1,negative,negative,0.9959742425996986
"Delivery terlalu teruk, Rider bagi makanan dengan kotak yang kemek nak makan pun hilang selera, kalau satu je tak apa ni semua, saya cadangkan app lain je",foodpanda_reviews.csv,1,negative,neutral,0.9999503049257075
"I have lost money twice becausr they messed up my address and when I talk to customer support they can't do anything about it. If that doesn't happen my food is usually late by an hour and cold, sometimes its also all messed up. I have tried to keep using it thinking it will get better, I was wrong. It's a terrible app if you want to order use deliveroo or grabfood it will ssve you money and time.",foodpanda_reviews.csv,1,negative,negative,0.9999839677342331
"Just crashed, haiz",grab_reviews.csv,5,neutral,neutral,0.7306146031359994
Pro doesnt gives you always the unli offer of free delivery.Some stores doesnt have free delivery,foodpanda_reviews.csv,4,positive,positive,0.8458017038429395
sangat memudahkan kerja,foodpanda_reviews.csv,5,neutral,neutral,0.9997351263152237
Stupid app.... Close ur company lh no use,grab_reviews.csv,1,negative,negative,0.9993167249183083
"Grabe, kinansel ng rider yung order ko dahil di daw ako malocate eh sya naman mali ng dinaanan tas ako pa sinisi. Nakakailang beses na order na ako dito ngayon lang nangyari to. Tapos non-refundable ang bayad. Nakakalungkot lang kasi gutom na yung tao tapos ginanun pa ng rider. Napaka bastos. Sana naman refundable yon kahit na sabihin na 250 pesos lang ang order ko. Pera pa din yon. Di naman kami ganon kayaman para di manghinayang.",foodpanda_reviews.csv,1,neutral,neutral,0.99999112796916
Keep up the good job,grab_reviews.csv,5,positive,positive,0.9999506444065397
It has location so i defficult tu do and can't use it,foodpanda_reviews.csv,5,neutral,negative,0.9344443504545218
Good hogya,foodpanda_reviews.csv,5,positive,positive,0.9785092782338211
very nice drive and helpfull,grab_reviews.csv,5,positive,positive,0.999418833714025
Cash on delivery ka option khidhar gya,foodpanda_reviews.csv,1,neutral,neutral,0.5572790066332104
Service is so bad that this will be my last time ordering from you.,foodpanda_reviews.csv,1,negative,negative,0.9890215022992357
Amazing service and efficient order placement,foodpanda_reviews.csv,5,positive,positive,0.9995393069475561
Worst! Worst! Worst!!! All of restaurant are closed all the time except some.. The most irritating part is it drive me crazy everytime in YouTube,foodpanda_reviews.csv,1,negative,negative,0.9998065915273714
Wow Nice Goorh,foodpanda_reviews.csv,5,positive,positive,0.9987688949017063
Very inefficient service. They have no control over the restaurants. Either the order is delivered wrong or the representative calls you after 30 mins to inform that the order cannot be accepted,foodpanda_reviews.csv,1,negative,negative,0.9999522914304458
Stuck to the finding your driver screen for 3 days. Customer service is also useless. Why can't we just have Uber instead?!,grab_reviews.csv,2,negative,negative,0.9892630456906403
Selalu forced close app pas mau check out order makanan.,grab_reviews.csv,5,negative,neutral,0.9902727641010651
"সারা টা সপ্তাহ, খোদার ২৪ টা ঘন্টা জুইড়া অনলাইনে যত বিজ্ঞাপন পাই তার সব কয়টাই শুধু ফুড পান্ডার। শুধু মাত্র এই মাত্রাতিরিক্ত বিজ্ঞাপনের কারনে জীবনেও এইটা আমি ইন্সটল করবো না। না মানে না 😡😡😡😡😠 বিজ্ঞাপন নিয়া অতিষ্ট আমি",foodpanda_reviews.csv,1,negative,negative,0.9999974977101161
"The app no longer works properly after an update a month ago. It hangs on the 'my location' screen. It used to only get stuck on the price screen, but has progressively gotten worse. I have tried clearing the app's cache and the uninstall/reinstall recommendations. Useless app now. I'm uninstalling it to use another service app.",grab_reviews.csv,2,negative,negative,0.9994498565104654
Simple and Easy to use Apps... Quick and Fast Respone... And Cheapest among other online booking transportation... Good Job Grab......,grab_reviews.csv,5,positive,positive,0.999999943635119
Waste data..dont download,foodpanda_reviews.csv,1,negative,negative,0.941422606381422
I downloaded the app because of the Free Delivery. And now all of the stores/restaurants have delivery fee. What happened?,foodpanda_reviews.csv,3,positive,positive,0.7518027472573958
It takes 20mins at times to bloody order food,foodpanda_reviews.csv,1,negative,negative,0.9675743398066173
So easy to enjoy delicious food in flexible cash delivery ...I like soo much this app💙,foodpanda_reviews.csv,5,positive,positive,0.9999979332907896
Sometimes when u give promotion its useless! Better don't give any promotion if i can't use it! Fully used! Like hell. 👎 previously its work but after CNY i can't use any promotion.,grab_reviews.csv,1,neutral,negative,0.9914881714143109
Sometimes its late but i can understand it .,foodpanda_reviews.csv,3,neutral,positive,0.5718480003024436
Such a bad experience The most ridiculous pizza burger ever I seen totally bkws service 😡,foodpanda_reviews.csv,1,negative,negative,0.9999830358245928
Most annoying add ever,foodpanda_reviews.csv,2,negative,negative,0.9946910940719299
"makin update makin palui , saya mau pin ruma saya d map pun nda buli meh ? Pak yu",grab_reviews.csv,1,neutral,neutral,0.9997284947794544
mudah dipakai,grab_reviews.csv,5,neutral,neutral,0.9948537804580088
It's really amazing ☺️,foodpanda_reviews.csv,5,positive,positive,0.9999676449231399
terrible gps system. i try to order my food to tropics condo and its not recognised,foodpanda_reviews.csv,1,negative,negative,0.9962455033962669
The delivery is good,grab_reviews.csv,5,positive,positive,0.9779765572942359
Memudahkan saya pergi kemana saja dengan biaya yang jelas.,grab_reviews.csv,5,neutral,neutral,0.9999971647901706
Vouchers are not redeemed!!!!,foodpanda_reviews.csv,1,neutral,negative,0.8161169601429932
It's a convenient app to order food,foodpanda_reviews.csv,5,neutral,neutral,0.6000925056100311
Way better than Grab!,foodpanda_reviews.csv,5,positive,positive,0.9986287254774845
Stupid HQ.. stupid operetor.. stupid service..🖕,foodpanda_reviews.csv,1,negative,negative,0.9986336487003602
ang hirap mag register sa app na to! paulit ulit nlng.,grab_reviews.csv,1,neutral,neutral,0.9993847931514002
Must have app for all foodies,foodpanda_reviews.csv,4,neutral,positive,0.8450493165651279
"helpfull, easy to use, thankyou",grab_reviews.csv,5,positive,positive,0.9999687098334795
User interface is simple and easy to comprehend.,grab_reviews.csv,5,positive,positive,0.999654662673983
"I jz misplaced foodpanda for self pickup,.. If I really can go self pickup why shud I order food panda? I have been order more than 10 times from same pizza hut store and I got update that ask me go self pickup... This is ridiculous... If you take me as nothing happen, well I will never use this app anymore., this is stupid. Rm20 is small matter, take it.",foodpanda_reviews.csv,1,negative,negative,0.9995348773541313
Aplikasi yg sangat membantu ketika stay at home begini dan banyak sekali promonya yg memanjakan,grab_reviews.csv,5,neutral,neutral,0.9999954064073852
Very confortable.. drivers are very kind,grab_reviews.csv,5,positive,positive,0.9828063638848349
My first order with max resturant was cancelled under the promo of free delivery charge which was offered by foodpanda a while ago,foodpanda_reviews.csv,1,positive,positive,0.6917307856997476
"Go to the app, was pop up the app no longer support, Try to install, Totally not working. Play store keep stop at loading only. How to install 🤔😔. Want to book or use any of the functions.. not working",grab_reviews.csv,1,negative,negative,0.9994636232122365
Good App For Food & Drinks,foodpanda_reviews.csv,5,positive,positive,0.9956906188471102
"absolutely worst app possible. no clarity on delivery time, no pathway to contact anyone from support if order is not received. only certain faq's that provide no help at all. it does not even deserve one star but unfortunately there's no.option for that.",foodpanda_reviews.csv,1,negative,negative,0.999911770363351
This app are very helpfully for me,grab_reviews.csv,5,positive,positive,0.9947552645024406
penipu besar.,foodpanda_reviews.csv,1,neutral,neutral,0.999276645908399
Experience very nice always,foodpanda_reviews.csv,4,positive,positive,0.9970415102722026
"Until now I had best experience in using the foodpanda app. This work really well and I recommend instead of ordering restaurents directly, use the foodpanda app. Cheerz.",foodpanda_reviews.csv,5,positive,positive,0.9484990936855425
The food is really nice and on time but the delivery man is really rude and not a nice man at all. It's really shame that foodpanda has a really bad delivery men.,foodpanda_reviews.csv,3,negative,negative,0.9782344492161825
Driver too rude with the customer...,grab_reviews.csv,1,negative,negative,0.977273441895857
Very bad automatically cancelled my order without any reason or call ... I think they need more development in application.,foodpanda_reviews.csv,1,negative,negative,0.997733862331681
Its WORSTTTTTTT of worst... i have been waiting from 3.5 hours fir my food and guess what they did to me..after 3.5 hours they just cancelled my order.. wow... worst experience.,foodpanda_reviews.csv,1,negative,negative,0.9998370141947581
Nothing promotion,grab_reviews.csv,1,neutral,neutral,0.4082582113442155
Lumayan hemat banyak promonya,grab_reviews.csv,5,neutral,neutral,0.9999678138138969
Waste food dicca akn ar report korla bola bisoy ti upor aa pathano hoica then upor thaka sorry mail asa then ses....taka tho marca....chor kotha kar,foodpanda_reviews.csv,1,negative,neutral,0.9437642493057609
Really love this app..mempermudah saya dlm perjalanan pergi n plg kantor,grab_reviews.csv,5,positive,neutral,0.9326681036062455
One of the best hot 🔥 food delivery service in Pakistan I really love to order through food panda and get good discounts also,foodpanda_reviews.csv,5,positive,positive,0.9998972481780559
"Bal ar app akta voucher o kaj kory nah hudai marketing, food panda bad dia footpath ay jayi kabar sell koro tomra food panda 🖕",foodpanda_reviews.csv,1,negative,neutral,0.9726628212450428
Some of the restaurants was not there...,foodpanda_reviews.csv,4,neutral,negative,0.7809628100382272
Overdose awesome,grab_reviews.csv,5,positive,positive,0.9986424591109722
"Easy. But idk why my brother and sisters find it difficult to place an order, just my personal rant :')",foodpanda_reviews.csv,5,negative,negative,0.9871786018660216
So badddddddd,foodpanda_reviews.csv,1,negative,negative,0.9993388036661031
"good, nice, and cool",grab_reviews.csv,5,positive,positive,0.999998003901335
one of the finest,grab_reviews.csv,5,neutral,neutral,0.40044560924504136
sikretong malupet pwede pabulong,grab_reviews.csv,4,neutral,neutral,0.8799455173121515
It's awesome app..,foodpanda_reviews.csv,5,positive,positive,0.9999791133402451
It's very helpful and safe,grab_reviews.csv,5,positive,positive,0.9999998809765955
"My mum had to go work in the morning one day so I helped her book grab the previous day. It said it was booked and the next day, they said the drivers around were all busy. We tried again also on my phone and my dad's phone a few times and same results. My mum is going to be late for work. Why are the drivers so unwilling to accept? That's the main reason grab exist, to drive people to other places! Worst app ever.",grab_reviews.csv,1,negative,negative,0.9976832349080436
great app for food lover and hunter,foodpanda_reviews.csv,5,positive,positive,0.9999031215141255
Need to put images of the food so that customer will easy know what they are ordering,foodpanda_reviews.csv,4,positive,positive,0.5616110061973603
Notif lu suka mati ngentot,grab_reviews.csv,1,neutral,neutral,0.9874139212990856
Nice app♥️,foodpanda_reviews.csv,5,positive,positive,0.9996297542802801
"anytime only Fake voucher! Don't get this platform,,pakai platform anak Indonesia yg jelas2 tidak bohongan,terutama buat BIKE,voucher msh valid dibilang TDK bs pakai Krn blablabla...hai,, sebaiknya jgn kasi voucher kalo gak niat!",grab_reviews.csv,1,negative,neutral,0.9999795665265568
Briliant app!,grab_reviews.csv,5,neutral,neutral,0.5364305363734859
Bad with refunds,foodpanda_reviews.csv,4,negative,negative,0.9808968904190026
"Version này lỗi nhiều quá,ko booking dc",grab_reviews.csv,2,neutral,neutral,0.9491021507310791
"I like the overrall service by food panda, the app is easy to use, rider also in good manner everytime when they send the food, but the refund service super duper suck.. Hope to see the improvement in refund speed and not by customer ourselves need to beg for the refund.",foodpanda_reviews.csv,2,positive,positive,0.8765126660645394
I hate that it doesn't show up any of the notifications. It's not even loading. I even receive text messages regarding promos. But I can't use them when I input the code. It always says I'm not eligible or something. I have uninstalled and reinstalled this app a lot of times already. I'm starting to hate you guys.,grab_reviews.csv,1,negative,negative,0.9986295508668886
eh kenapa deh tiba2 ga bisa diakses. menu engga tayang,grab_reviews.csv,1,neutral,neutral,0.9998399785573681
love and help full app tqsm👍👍👌👌,grab_reviews.csv,5,positive,positive,0.9999999840329111
Waste of time ordering food from Foodpanda.,foodpanda_reviews.csv,1,negative,negative,0.9827783731428164
It's superb,foodpanda_reviews.csv,5,positive,positive,0.9934372300657951
Bản đồ hiện đầy xe mà đặt thì cứ hang tight cả nửa tiếng. Nạp tiền thì error r vẫn trừ tiền tài khoản. Hoàn tiền thì đợi cả tháng. Trải nghiệm siêu lởm siêu tệ.,grab_reviews.csv,1,negative,neutral,0.999949861536759
Working good so far.,foodpanda_reviews.csv,5,positive,positive,0.9994944512359605
Very good service.and fast delivery,foodpanda_reviews.csv,4,positive,positive,0.9999994180614907
Worst just worst,foodpanda_reviews.csv,1,negative,negative,0.9985274816671182
not good not frendly apps,foodpanda_reviews.csv,1,negative,negative,0.9464058213082077
Good service.. I like it,foodpanda_reviews.csv,5,positive,positive,0.9993554747373329
"Fell asleep waiting for the food that never came. That was almost 3hours. Ridiculously inaccurate delivery time. Did a follow up, was just told to call the fast food chain. What a useless app",foodpanda_reviews.csv,1,negative,negative,0.9985654075126245
"Gak bisa log in dan connect sama OVOnya, selalu forced close pas lagi verifikasi ovo",grab_reviews.csv,1,negative,neutral,0.9999767868125029
"fun, easy to navigate",foodpanda_reviews.csv,5,positive,positive,0.9999862443557755
adds dey kar apni maa na chudvaho,foodpanda_reviews.csv,1,neutral,neutral,0.7921018460123812
Clean and smell good,grab_reviews.csv,5,positive,positive,0.9989471307697088
Cepet sampenya,grab_reviews.csv,5,neutral,neutral,0.9970072425622393
"In times that I would need a ride, grab is really convenient! Though there were times that it took a bit of time for a grab car or taxi to arrive, still I like the service!😀😀😀",grab_reviews.csv,4,positive,positive,0.9992565401587904
adds... ufff,foodpanda_reviews.csv,1,neutral,negative,0.8815532734561129
"best, so far",grab_reviews.csv,5,positive,positive,0.9999668543518624
"Still, UBER is better.",grab_reviews.csv,2,positive,positive,0.923911451298
"Pathetic, Spamming and Paid reviews.",foodpanda_reviews.csv,1,negative,negative,0.9943504109543313
Lots of bugs. Need to restart the app constantly. Works poorly with bad data connection.,grab_reviews.csv,3,negative,negative,0.8474496136447559
I cant use this stupid advertising app anymore.,grab_reviews.csv,1,negative,negative,0.9970909141318078
Most driver are friendly & bubbly.. Keep it up! Thumb up,grab_reviews.csv,5,positive,positive,0.9931824519557589
Stupid selfie system. Its not working at all.. Take 1 hour to detect my selfie,grab_reviews.csv,1,negative,negative,0.9999649663589701
Keep it up... ❤,foodpanda_reviews.csv,5,positive,positive,0.9966298439629604
Review services not good,foodpanda_reviews.csv,5,negative,negative,0.903678052905249
"It,s really berry bad app",foodpanda_reviews.csv,1,negative,positive,0.6056895883029328
Love it! Very convenient,grab_reviews.csv,5,positive,positive,0.9999387463680508
drivernya suka datang lebih lama dri yg diestimasikan,grab_reviews.csv,4,neutral,neutral,0.9998836288842066
pengemudi sdh sy bayar ovo tp tetap minta biaya transportasi ke ibu sy,grab_reviews.csv,1,neutral,neutral,0.999931656516605
Nice very good app,foodpanda_reviews.csv,5,positive,positive,0.999996110374366
Easy and better... But sometimes disappointed due to late delivery,foodpanda_reviews.csv,5,negative,negative,0.9844991820527481
"Thanks to the latest update on Grab, I can now easily order food online without any language barriers. The menu, previously only available in Thai, is now translated, making the whole process hassle-free and convenient. Highly recommended!",grab_reviews.csv,5,positive,positive,0.9996741170313622
Best way to eat foods from your favorite restaurant without needing to go to them. Hassle-free!,foodpanda_reviews.csv,5,positive,positive,0.999802777791109
Food panda is a legit app,foodpanda_reviews.csv,5,neutral,positive,0.7492275510276758
food is always delivered on time,grab_reviews.csv,5,neutral,negative,0.44525577871883293
SELFISH! Kawawa mga rider ninyo! And also walang pake sa mga small business,foodpanda_reviews.csv,1,negative,neutral,0.8567515728201824
worst customer service and payment method.,foodpanda_reviews.csv,1,negative,negative,0.9907408277224565
"Baik xyah order, 1jam 20min rider bru pickup. Another 1 start",foodpanda_reviews.csv,1,neutral,neutral,0.9109367122581756
AirAsia Fhmad Airadus,foodpanda_reviews.csv,5,neutral,neutral,0.6340364567804698
I am new customer with foodpanda I order for the 1st time it's a diwali session so I was not able to make any food due to too much work at home..it's gonna be 2 hours now and still I have not received the food . pathetic service,foodpanda_reviews.csv,1,negative,negative,0.9995557064876788
This delivery is not available for my address I don't like this app 😒😒,foodpanda_reviews.csv,1,negative,negative,0.9268279402367187
"Makin kesini, malah makin kesana. Chat atau Call driver Grabfood sekarang uda tidak bisa dan tidak bisa tau dimana posisi driver. Itu sangat menyulitkan konsumen",grab_reviews.csv,1,neutral,neutral,0.9999968124491757
The drivers not really good,grab_reviews.csv,3,negative,negative,0.976528047699166
banyak kemudahan... 👍👍,grab_reviews.csv,5,positive,positive,0.9161905236757143
the app should seriously stop having promo for only grab pay riders. think for those who doesn't have cards for grabpay. there's a reason why ppl need promo codes!!,grab_reviews.csv,5,negative,negative,0.7890941639876393
they wont process refund even if you didnt receive any of your orders! lack of information to tell then 😡,foodpanda_reviews.csv,1,negative,negative,0.9998431529331433
Fast and so easy 🤗,foodpanda_reviews.csv,5,positive,positive,0.9999999441826064
Grab drivers are getting worse each day. Disappointed with their type of service.,grab_reviews.csv,2,negative,negative,0.9993274286479854
an easy way to have a trip,grab_reviews.csv,5,positive,positive,0.999803115357063
"""Do not cook"" foodpanda karo",foodpanda_reviews.csv,4,neutral,negative,0.43708544405312866
Foodpanda ko vouchers pe off COD pe b Dena chahye bs online method rkha hua h jo k sb k pas Nahi hota Worst experience,foodpanda_reviews.csv,1,negative,neutral,0.9144009120228223
"Aplicatia merge greu, timpii de livrare sunt foarte mari, iar daca nu va convine valoarea comenzii o anulati pe motivul ca nu aveti livrator disponibil. Dar daca intradevar nu aveti livratori suficienti ar trebui sa luati masuri in privinta asta",foodpanda_reviews.csv,1,neutral,neutral,0.9999957525387623
Good and fair deals,grab_reviews.csv,5,positive,positive,0.9997095983389971
Not best app,foodpanda_reviews.csv,1,negative,positive,0.8743651232686098
Harga biasa bawah rm15 dah lama x naik grab check jadi rm20.. Agak2.. Tempat bukan jauh mana.. Pelik betul sistem dia makin hari2 check makin naik harga dia padahal pegi tempat sama je hari2..,grab_reviews.csv,1,neutral,neutral,0.9999692946318418
The most annoying thing is they always show minimum 400 more to order. I want to have one food item that costs less than 200 but they won't allow me to do so. Goddammit I don't want to order anything around 500. Poor,foodpanda_reviews.csv,5,negative,negative,0.9997875258039741
I want to order but I can't,foodpanda_reviews.csv,5,neutral,neutral,0.5722633965504632
Awesome App...totally make booking a Grab a breeze. You can pin point your own location for the driver & can track when your driver will arrive.,grab_reviews.csv,5,positive,negative,0.668880734221671
"Highly recommended, the missing star is just because of the poor searching mechanism.",foodpanda_reviews.csv,4,negative,negative,0.9453700786173198
"Siapapun driverx blm sekalipun dikecewakan, kalian luar biasa",grab_reviews.csv,5,neutral,neutral,0.9996373922974837
Worst app can't place my order while selecting payment method. app is showing error while operating,foodpanda_reviews.csv,1,negative,negative,0.9970617592189573
Its very gorgeous nice zabardast app for foods in life,foodpanda_reviews.csv,5,positive,positive,0.9444443787274739
Zero star rating if possible...Sometimes order gets refused by vendor...payment already done no refund...!! Lost my money ..!! Not even interested to rate this app vth zero star...the worst food app...don't try it...,foodpanda_reviews.csv,1,negative,negative,0.9999775076563286
tidak ada penyelesaian untuk masalah aktivasi OVO di app grab yg sudah berjalan beberapa bulan.... semua anjuran dan langkah dr CS Grab nya uda dilakukan.....tp ga bisa juga.,grab_reviews.csv,1,neutral,neutral,0.999999795044452
"I'm always order Chowking using Food Panda , in my every 10 orders , 7 out of 10 either my drinks or my noodle soup spilled..very frustrating I guess their rider have poor training in handling food properly and their bag have no division to protect liquid from spilling. Just now 2 mins ago drinks nothing left spilled again.Rider just say sorry.hayz",foodpanda_reviews.csv,2,negative,negative,0.9999820623909981
Ordering here is very easy and cheaper compared with other ordering app. I,foodpanda_reviews.csv,5,positive,positive,0.9996300198645062
"Food panda Now Become Such A Sick Service Rider Charge Me More Then My Actual Bill And Argue That Your Location Was Different Then Where You Actually Are. But I Click On Use My Current Location, Should I Add Everytime New Location Even If I Click On Use My Current Location. 2nd Thing I Place Order From Dr Shamp but Rider Give Me Less Stuff Then I Ordered. 🤦‍♂️🤦‍♂️😠😡😠😡😠 Such A Bad Service. Please improve Your App Accuracy And Riders Behavior Otherwise Your Business Will be Shut Soon After.",foodpanda_reviews.csv,1,negative,negative,0.9999480636309831
I hate you🤍🖤,grab_reviews.csv,3,negative,positive,0.6460762183198082
Really helpful but sometimes the drivers are annoying.,grab_reviews.csv,4,negative,negative,0.9660420269229179
Bad experience not good support team collect order take money not send order blame customers bad,foodpanda_reviews.csv,1,negative,negative,0.9998069963521329
"why is it taking too long to call for a pick up when someone else can just order them. and get one , is it the app that's unstable? fix it now please because it's very much frustrating",grab_reviews.csv,3,negative,negative,0.9956254128733869
"*Pathetic App/Service* 😕 +System has glitches so 'NEVER' add money to wallet or pay ahead. +App is not safe for card payments. +Always pay Cash-On-Delivery, Bcz they don't refund under any circumstances, even if the order isn't placed or delivered or item-not-available or Rainy weather or app-crash. +Whatever the reason, even if restaurant is permanently closed, they don't refund a single penny back. +No complaint number, No way to contact management either!! +No Customer Service, only 'Bots'.",foodpanda_reviews.csv,1,negative,negative,0.9999996459352533
I cannot log in into my account. It keeps on retrying,grab_reviews.csv,1,neutral,neutral,0.6271184872650171
helpful and good service,grab_reviews.csv,5,positive,positive,0.9999984778800768
Rider didn't deliver the food I ordered. I use voucher and yet CS can't do anything. They are useless. It was on the way and after four minutes it was cancelled by the app.,foodpanda_reviews.csv,1,negative,negative,0.9998554018214642
Cannot update bank account. Angry,grab_reviews.csv,1,positive,negative,0.6252460001865847
A must in Asia!,grab_reviews.csv,5,neutral,positive,0.8796080419707075
Grab cần phải khắc phục lỗi không nạp tiền vào tk gấp,grab_reviews.csv,4,neutral,neutral,0.9998876123160841
Worst app and many bugs.Bad Customer service,foodpanda_reviews.csv,1,negative,negative,0.9996559471976477
"Kadang2 boleh comment slps delivery, kadang2 x boleh. Xmcm grab boleh comment all times",foodpanda_reviews.csv,4,neutral,neutral,0.9532386766775379
"The map around where I live is wrong! If I type my location, it shows up on the wrong place on the map. If I place a pin, it tells the driver the wrong address. Last week I cancelled my ride because the driver got lost, and this problem with the map is probably why.",grab_reviews.csv,2,negative,negative,0.9999759137311981
"Bad apps, during payment type in otp lag, and Foodpanda rider are dishonest, it happened few times on my experience...",foodpanda_reviews.csv,1,negative,negative,0.9796827029082741
The services that convenience to me that always order take out.,foodpanda_reviews.csv,5,neutral,positive,0.6042943462081917
Terbaik! 👍,grab_reviews.csv,5,positive,positive,0.7883591226084953
Tmhare lie free rating,foodpanda_reviews.csv,5,positive,positive,0.6789519945276976
Why do you automatically include all the plastic forks/spoons/knives etc? Surely most people have their own cutlery. This is a waste of plastic. Surely it should automatically ask if you require plastic rather than automatically give you plastic. I hope you fix.,foodpanda_reviews.csv,1,positive,negative,0.9929608293894302
Overpriced services.,grab_reviews.csv,1,neutral,negative,0.5207852199976596
How come there's a pandago icon on foodpanda app for certain android devices only? Not all android devices have pandago icon on foodpanda app. Why is it so? Tks.,foodpanda_reviews.csv,4,positive,neutral,0.41484135995282456
Uninstalled after the latest update. Very disappointing,grab_reviews.csv,1,negative,negative,0.9990971352401609
Great love it😍,foodpanda_reviews.csv,5,positive,positive,0.999999629339212
Very helpfull... I hope grab car will keep give a lot of promo yaaa,grab_reviews.csv,5,positive,positive,0.9855024441578624
Once you order even accidentally yoh can't cancel. even if you di it immediately It sucks.,foodpanda_reviews.csv,4,negative,negative,0.9990029890672002
Poor Help Feature and Poor Grabpay Feature,grab_reviews.csv,2,negative,negative,0.9742459255482525
best giler.. bnyk mmbantu..,grab_reviews.csv,5,positive,positive,0.8529865030892141
"I've been using this app for several years, but my recent experiences with the drivers make me feel like I won't be commuting by grab fleets. They often don't receive my calls but they don't want to cancel my order either, so I have to cancel it myself. This morning I've waited for 10 minutes just to know that the driver won't accept my order, yet he is already in the front of my house. Disappointing as it is, I'm done with this fleet.",grab_reviews.csv,3,negative,negative,0.9999781666814501
Whenever I order something my order gets canceled it,foodpanda_reviews.csv,1,neutral,negative,0.9681214562620156
"Shera mama :"")",foodpanda_reviews.csv,5,neutral,neutral,0.9953429543152063
1star bcoz unfair treatment for e pemula.. giving voucher that have spending limit. When tng and shopee u can scan qr get real cash Until this issue solve. 1 star rating stay forever.,grab_reviews.csv,1,negative,negative,0.9298803046168261
Foarte promti !,foodpanda_reviews.csv,5,neutral,neutral,0.9988355663872576
terrible user interface. logic/process flow of handling user action is bewildering. no way to talk to real people and the chat bot does not give all the possible options - even the most common issues. verification is epic fail due to the way the app handles uploded photo. i am just consuming the money i have in grab wallet and i'll remove every trace of this app from my device.,grab_reviews.csv,1,negative,negative,0.9967216410568827
"So far, this app is fine. I love the service. I just wish that more restaurant options will be added in our location",foodpanda_reviews.csv,4,positive,positive,0.9989590707836424
I deleted my app and cancel my account with Grab. I don't mind forfeiting all my bonuses and points. All I ever wanted was an answer why the rider left my food unattended at a lamppost and grab thinks I want a refund. Keep sending me emails and telling me no refund. I ALREADY SAID I DON'T WANT A REFUND! I want an answer! Really disappointed and to think I was a loyal customer. Really disappointed. PS : The best part is they say the have photographic evidence of delivery but they can't show me.,grab_reviews.csv,1,neutral,negative,0.9984927667889351
bad apps ever,foodpanda_reviews.csv,1,negative,negative,0.9977522886150824
Still Getting Experience,foodpanda_reviews.csv,4,neutral,negative,0.6870418522160443
For me a useless app,foodpanda_reviews.csv,1,negative,negative,0.9953753508336234
For now....,grab_reviews.csv,3,neutral,positive,0.6424065414850461
Have to update every month Have to update 2 time a month Bad service said rider will arive in 10 minute but rider already arrive poor,foodpanda_reviews.csv,1,negative,negative,0.9880464757793149
"order missing, no avenue to pursue. voucher unable to use. fraudulent practise.",foodpanda_reviews.csv,1,negative,negative,0.9944359834220836
Very nice app for book a ride and food but can make the promo code as long available for every account so personal account who not yet used the promo code can used the promo code,grab_reviews.csv,5,neutral,positive,0.8345258126284307
Balh abl,foodpanda_reviews.csv,5,neutral,neutral,0.5554153883655305
tankhs baro,grab_reviews.csv,1,neutral,neutral,0.5573702369698442
"They have poor service quality, they have riders who scam people, and I had 5+ experiences where the help center agent couldn't do something about the issue their rider has done.",foodpanda_reviews.csv,1,negative,negative,0.9989390996781978
Salamat shopee❤,foodpanda_reviews.csv,5,positive,positive,0.587107466675291
24 hrs. Search for cheap and best,foodpanda_reviews.csv,5,positive,positive,0.998550077612748
Very help us,grab_reviews.csv,5,positive,positive,0.9968726985791434
satisfied service,grab_reviews.csv,4,positive,positive,0.9962192302992346
Nice App... I have better experience when it comes to a food delivery 🥰🥰🥰,foodpanda_reviews.csv,5,positive,positive,0.9999998844446121
i exited this app,foodpanda_reviews.csv,5,neutral,neutral,0.8168143776346088
Its easy to use this app..for food delivery👍👍👍👍👍,foodpanda_reviews.csv,5,positive,positive,0.999999876591709
I got logged out from the app for no reason at all & I can't log in back. I even try to use my Facebook account but I still can't log in. I'm very frustrated. Please fix this issue ASAP!!!,foodpanda_reviews.csv,1,negative,negative,0.9808573350114663
"Please and I mean please update your map... Even though I can pin point my current location on your map, but the address shown is not correct at all. Sometimes your rider arrive at wrong house due because of the un updated map.",foodpanda_reviews.csv,3,negative,negative,0.988205031660474
Itsvgood,foodpanda_reviews.csv,5,neutral,positive,0.6486525019276668
Force close,grab_reviews.csv,1,neutral,negative,0.5063303658796707
Awesome! Very fast service.,foodpanda_reviews.csv,5,positive,positive,0.9999650490038228
"Worked well six months ago, and works pretty flawlessly in Malaysia, however here in Thailand recently the app has become polluted with pop-ups. They block the booking screen, they block the confirmation screen, and when I'm under way they block the in-transit screen. It's extremely frustrating, and poor marketing to bombard a current customer with advertising. I'm waiting for the day when a rival to grab arrives in Thailand and they can't abuse their monopoly.",grab_reviews.csv,2,negative,negative,0.9994129655615284
G pernah dpt driver,grab_reviews.csv,1,neutral,neutral,0.9959788214344393
Order nai ata jab b mangwao 😡,foodpanda_reviews.csv,2,negative,negative,0.7722506456571624
Why And Why Always The System Down Like WHAT THA HELL. I ORDERED A FOOD AND IMMEDIATELY TOOK THE MONEY WITHOUT CONFIRMING THE ORDER .,foodpanda_reviews.csv,1,negative,negative,0.9958445792769298
The cod method was disabled in my account. They're claiming that i had many cancelled orders before and requested refund. But i haven't done that yet. So frustrating.,foodpanda_reviews.csv,1,negative,negative,0.9997761326635237
Bug notifikasi grabhitch Notifikasi hilang sndiri,grab_reviews.csv,3,neutral,neutral,0.996409520020775
"If only I could give zero stars, their customer service is pathetic",foodpanda_reviews.csv,1,negative,negative,0.9996079622023583
Best transportation ever!!! Love this app,grab_reviews.csv,5,positive,positive,0.9999960412722173
Awesome food awesome service awesome experience,foodpanda_reviews.csv,5,positive,positive,0.9999683391034749
mantappuu,grab_reviews.csv,5,neutral,neutral,0.968764369482937
Foodpanda terbaik,foodpanda_reviews.csv,5,neutral,neutral,0.9185441841962974
Edit: there's a bug in the app. I will only change this once the issue has been resolved. I ❤️ food panda! Especially the discount coupons! 😂,foodpanda_reviews.csv,5,positive,positive,0.9988136635545616
"kenapa promo langganan grab semakin kecil aja, d turunain mulu nominalnya. hadeuhhh....",grab_reviews.csv,3,neutral,neutral,0.999817883584715
"This App didn't give a car following Odd-Even policy. Once I cancel the order due to Odd-Even policy for 3x, it doesn't give me any car!",grab_reviews.csv,1,negative,negative,0.9685661553260232
them make easy go anywhere m cheapest,grab_reviews.csv,5,positive,positive,0.9983342052940012
Music Videos အကူညီေကာင္းဆံုး,foodpanda_reviews.csv,4,neutral,positive,0.5527772668383701
Would be better if the drivers don't cancel trips that often.,grab_reviews.csv,5,positive,positive,0.9499437489369319
Best option for foodies :),foodpanda_reviews.csv,5,positive,positive,0.9998417459752208
"Fast delivery and the driver has a good moral support,thank you Foodpanda 💕💕💕",foodpanda_reviews.csv,5,positive,positive,0.9998385242835668
One of the Leading Rent a Bike or Car Service in Vietnam expanding very Quickly and the best in Vietnam :),grab_reviews.csv,5,positive,positive,0.9982913097960499
So prefect!,grab_reviews.csv,5,neutral,positive,0.6964049613242802
Nice app very fast delivery and cheap delivery 😊👍,foodpanda_reviews.csv,5,positive,positive,0.9999999997298374
Dispatch team me gandy kutty mojud hen jo ke wallet se pese kat lety hyn or refund nahi karty jab ke order ghalat bheja hota hy khana bhi wapas le jaty hn or refund bhi nhi krty,foodpanda_reviews.csv,1,neutral,neutral,0.9718384926110919
Kalau kasih notifikasi promo tu yg tepat sasaran.. ni sy sering dpt notif promo.. tp khusus pengguna baru.. gmn sih.. emg gak bisa bedain ya pelanggan lama sm baru? sy kan sudah lama pakai grabfood. Ni IT nya suruh perbaiki lagi.,grab_reviews.csv,1,neutral,neutral,0.9999999930052468
Best app in delivery,foodpanda_reviews.csv,5,positive,positive,0.999963563270159
Very bad apppppp 😠😠😠😠😠😠😠😠😠😠😠😠😠😠😠😠😠😠😠😠😈😠😠😠😠😠😠😠😠😠😠😠,foodpanda_reviews.csv,1,negative,negative,0.9999934053058037
They sended me worst food and on complain wrote a cut copy paste mail. Zero start could be given if there was a option,foodpanda_reviews.csv,1,negative,negative,0.9964489732109566
timepass,foodpanda_reviews.csv,2,neutral,neutral,0.3841143062530084
"With EQL right now, food panda would have been a great convenience but unfortunately choices of food within my area is very very limited. Im not happy.",foodpanda_reviews.csv,1,negative,negative,0.9946352717515756
This is stupid app my location accpat he nhi kr rhe 5 mobile se use Kiya hai so koi faida nahi eska yeh poodpanda wale apna faida sochy hein stupid app 📢stupid app poodpanda,foodpanda_reviews.csv,1,negative,negative,0.9932608866968915
why are u forcing me to tk a selfie n the option din work at all n i cant book a ride!!!! hv to use MULA n if u dun fix this asap alot is going to uninstall this,grab_reviews.csv,1,neutral,negative,0.7479236624839501
Very bad service order was not on time to cold not a aingle packet of souce no tissue,foodpanda_reviews.csv,1,negative,negative,0.9978843784522919
I'm really disappointed!these past few days booking is difficult and i end up always looking for metered taxi in our place..not able to connect to the server and try again in few minutes!Location is on but still cant and i just get pissed off!though i updated it but it happens always..,grab_reviews.csv,2,neutral,negative,0.9999615229464102
Love the service:),foodpanda_reviews.csv,5,positive,positive,0.9988264904692244
Great on time service,grab_reviews.csv,5,positive,positive,0.9820291727171381
Absolutely Love It !!! 💋💋💋 Food delivery was alway on time & many varieties of food for selection. 👍🏼👍🏼👍🏼 Yeah !!! 1000 reasons for me not to cook at home. Very convenience & fabulous experience. Just don't forget to tip the hardworking driver. Thank you very much !!! ❤❤❤,grab_reviews.csv,5,positive,positive,0.9999997758198413
"Asyik kena cancel je. Apa masalah ye? Penat tunggu lama2, tahu2 order cancel!😪😡 dah 2 kedai tau!",foodpanda_reviews.csv,1,negative,neutral,0.9916798524203485
MuhammadAfzal,foodpanda_reviews.csv,5,neutral,neutral,0.6199128212517984
superb tym of delivering,foodpanda_reviews.csv,5,positive,positive,0.9623271936496018
Useless apps.. rider cannot deliver to my address but the restaurant is just 5km+ away.. useless foodpanda,foodpanda_reviews.csv,1,negative,negative,0.8802958441753624
3rd class app always payment is gone order not confirmed what the hell they do with our money for 7 days,foodpanda_reviews.csv,1,negative,negative,0.9942732531239753
Grabfood nya udah sampah banget. Ga ada alasan buat install ini aplikasi. Mending pake Gofood. Promo nya lebih menarik dan lebih banyak..,grab_reviews.csv,1,neutral,neutral,0.9999977367710673
Address/ location need improvement,foodpanda_reviews.csv,3,neutral,neutral,0.8720672404625368
To lat brig as food,foodpanda_reviews.csv,1,neutral,positive,0.39647665925921516
"Since only left grab in asia market, offer lesser, which i can understand abt that. However, just notice that recently point earning system changed. It is very disappointed. I spend, i earn, but now with lesser point earning, really discourage user to continue using.",grab_reviews.csv,2,positive,negative,0.5863330684796522
Aplikasi yang bagus dan membantu saya dalam hal transportasi alternatif.,grab_reviews.csv,5,positive,neutral,0.9932654242291651
App still can update but pickup location still some once put incorrect location.,grab_reviews.csv,5,neutral,negative,0.5705500342814018
excelentttt,foodpanda_reviews.csv,5,neutral,neutral,0.8555817178723342
Pathetic service from food panda.. Wanted to give 0 stars.. App is useless because the service backing it is terrible. Do not waste your time ordering through foodpanda,foodpanda_reviews.csv,1,negative,negative,0.999995003896604
It was very good app but now it becomes worst one voucher cannot applied always says this voucher cannot apply to your account then why you peoples issued us?? To make fool is?? Is this a prank application??,foodpanda_reviews.csv,1,negative,negative,0.9864958219976936
delivouse taste,foodpanda_reviews.csv,5,neutral,negative,0.569859429438439
"its good! sometimes food amount is less, other than this problem, its service is good!",foodpanda_reviews.csv,5,positive,positive,0.621711808440195
Tapi kenapa skrg kalau pakai promo harga nya ga langsung ketauan. Walau ada notif dpt disc tp kan jadi agak ragu karna harga yg tertera tdk berkurang. Jd ga enak kalo mau ksh harga promo. Kadang drivernya jg ga blg.,grab_reviews.csv,5,neutral,neutral,0.999999989600127
Do not download this app. As of today. January 2023. They are not giving back my refund. Do not download this app. The worst ever. Obviously it is scam. I placed an or order through their apps but after i paid it. I received that my order was cancelled from their part. Now ask for the refund but 5 days already still they are not returning my refund. They have customer support but they using automated reply. So apparently its useless. I suggest not to use this app. !!👎👎👎👎👎👎👎👎👎👎,foodpanda_reviews.csv,1,negative,negative,0.9999996776664042
"Hi,i am a Grab fan and thank you grab.Need to feedback hope that all Grab drivers wont reject if we dont have a change of 50dlrs note.And hope that they did not tarnish the Well Customer Service that Grab have rendered.Couple of incidents with two Old uncle driver who were lack of respect and nt Customer Service Oriented but more to selfish.Hope they dont make this as a nuisance and Lame excuse my saying ""Oh i just started shift sorry horr no change!""BLESS U UNCLE",grab_reviews.csv,5,negative,negative,0.9945592995423146
"Riders are scammers. Caustomer serbice is unhelpful. They'll camcel your order. This means your payment will not be refunded. And then the rider will text you after 10 minutes of cancellation that he's at the pick up area. But when you go there, there's no one. Waited twice more than 10 minutes. No food No refund. 😡😡😡",foodpanda_reviews.csv,1,negative,negative,0.9999990003164948
Never had to complain about anything. Satisfying!,grab_reviews.csv,5,positive,negative,0.6647676194527263
Search result is totally useless,foodpanda_reviews.csv,1,negative,negative,0.9948340299909124
Ossem app,foodpanda_reviews.csv,4,neutral,neutral,0.38934229390526237
Amazingly amazed by FP service.,foodpanda_reviews.csv,5,positive,positive,0.8938538652037074
The vouchers are not working 😕,foodpanda_reviews.csv,1,negative,negative,0.9999070537828004
My go to app for everything,grab_reviews.csv,5,neutral,positive,0.759135720059261
How frustrating!,foodpanda_reviews.csv,3,negative,negative,0.9931701422814622
Best app for ordering food. I really liked it.,foodpanda_reviews.csv,5,positive,positive,0.9999957091397931
Love this app also all grab' drivers. Very humble and friendly. The payment was very cheap and helpful with it's promotion. For suggestion add many food menu so as customer we can grab it as much as possible. Thank you grab for taking us everywhere.. God bless u all people who work by this app.. Keep fire 😇😇😊😊😊,grab_reviews.csv,5,positive,positive,0.9999999985985824
tolong buat appnya agar tidak otomatis memilih lokasi saya sudah malas dengan kesalahan lokasi ini,grab_reviews.csv,4,neutral,neutral,0.9999889725901964
Mabilis dating agad..,foodpanda_reviews.csv,5,neutral,neutral,0.6911899302550341
Very bad poor,foodpanda_reviews.csv,1,negative,negative,0.9999665753508269
I cannot tag my house correctly on the map,foodpanda_reviews.csv,2,neutral,neutral,0.5702681898832038
Grab food is better.,foodpanda_reviews.csv,1,positive,positive,0.9386545835314418
"Everytime Im in a hurry this app makes it difficult. After the last update Nov 11 it could not verify my VISA Debit. As if forcing me to cash-in to Grab Pay. You are so so SELFISH Grab always thinking of your income. And your drivers are very very LAZY not reporting to avoid rush hour. You were trying your best when UBER was around. BUT now, you are worse than ever.",grab_reviews.csv,1,negative,negative,0.9997460105210977
Good job foodpanda 👍,foodpanda_reviews.csv,4,positive,positive,0.9999097563506584
Punctual and profesional riders.,grab_reviews.csv,5,neutral,neutral,0.9148782591253539
Shd not hv IC to be captured,grab_reviews.csv,2,neutral,negative,0.5435712733742778
We can arrive at the destination faster,grab_reviews.csv,5,neutral,neutral,0.3823850056045449
One of the worst things I've seen in my life is foodpanda app 👎,foodpanda_reviews.csv,1,negative,negative,0.9977421954510359
"Setiap kali chat dgn pihak CS GRAB chat yg sy ketik selalu tdk keluar, sy tidak Akan memberikan bintang 5 sampai masalah teratasi, pdhal sy mau tnya perihal Dana OVO sy selalu ad penarikan tnpa sy ketahui untuk transaksi apa..Makin lama Makin aneh sy perhatikan aplikasi ini, selalu d update tapi malah Makin melempem pelayanan nya, TOLONG DIPERBAIKI..makasih",grab_reviews.csv,1,neutral,neutral,0.9999999995136477
Very bad experience they are thief,foodpanda_reviews.csv,1,negative,negative,0.9998424808184527
Very nice 👌👍😍,foodpanda_reviews.csv,5,positive,positive,0.999999954968602
Now i can't use the apps,grab_reviews.csv,5,neutral,negative,0.5109302100015747
Thanks foodpanda for on time delivery 🚚,foodpanda_reviews.csv,5,positive,positive,0.9996150023468702
Worst app ever jab bhi order kro kuch na kuch issue kabhi expired food kabhi missing item kabhi Jala Howa Khana,foodpanda_reviews.csv,1,negative,negative,0.7530356862989501
"Can't rely on this application since I couldn't make it when raining in the morning. This is not just one time, it always !! The app shows many cars are driving around, but no one accept to my request. Very disappointed. Uber is much more convenient. This used to be my fav app. Since I got activation failed on my number, I decided to remove it and looking for another app. There is no reason why activation should be failed so many times even I repeat.",grab_reviews.csv,1,negative,negative,0.999697555024992
#RideorDine,grab_reviews.csv,5,neutral,negative,0.4021737592727573
"Very bad service. first time order wanted to use RM 10 voucher, seller cancel order and they refunded 7-14 days into your account because there is no wallet in food panda. Then they only replaced with RM 5 voucher instead of RM 10. it's not my fault that the seller cancel my order. so stupid and unprofessional. anyway after few reports and emails they refunded after 2 days. I don't recommend guys. better use grab or dahmakan..as long as not food panda..even in FB so many people are complaining",foodpanda_reviews.csv,1,negative,negative,0.9999988601013245
Never got into any issue.,foodpanda_reviews.csv,5,neutral,negative,0.835412955813568
Company yahudi kedai lembap,foodpanda_reviews.csv,1,neutral,neutral,0.5629818700007568
"the worst experience, annoying interface, buggy alot of delay and no easy way to rate the restaurants",foodpanda_reviews.csv,1,negative,negative,0.9985086826123686
"It's quite a useful apps. I just found it a bit difficult when I had to take a selfie to verify my account, sth like that. Overall it's been good.",grab_reviews.csv,4,positive,positive,0.6993469194617661
Your delivery boys should check the food before picking up from restaurants because multiple times they send me wrong stuff....they replaced it from another thing..!!,foodpanda_reviews.csv,1,negative,negative,0.9961826027845869
"Group order di Grab food bikin tambah lama dtgnya krn msh hrs kirim dahulu orderan org lain .... Mana makanan jadi dingin , minuman esnya jadi mencair 👎",grab_reviews.csv,1,negative,neutral,0.999978919973117
"Nice Foodpanda, keep up the good app.. May feature na kasi free delivery.. galing!!",foodpanda_reviews.csv,5,positive,positive,0.9996179904359138
Fooooood is life,foodpanda_reviews.csv,5,neutral,positive,0.5721678145870763
Very very very Bad Taste Of Foods From Restraunts Very Disgusting,foodpanda_reviews.csv,1,negative,negative,0.9997662154112682
Money wasted app. And worst App . I had ordered so many time but every time problem and issue faced. I contact them they just said next time. And they nothing do. This app waste my money and time. They tell me we will give you voucher because my ordered arrived was wrong. But they never send money and nothing send me anything.,foodpanda_reviews.csv,1,neutral,negative,0.9999671971902454
Sangat terbantu dengan adanya Grab saat tidak ada yang bisa jemput aku.,grab_reviews.csv,5,neutral,neutral,0.9999951713599892
Panget ng serbisyo nyo mag indian tlga pak u,foodpanda_reviews.csv,1,neutral,neutral,0.9984177928409965
Nice and safe ride...,grab_reviews.csv,5,positive,positive,0.9999949796554657
🇵🇰🇵🇰🇵🇰🇵🇰🇵🇰🇵🇰🇵🇰🇵🇰🇵🇰🇵🇰🇵🇰زندہ باد پاکستان,foodpanda_reviews.csv,5,neutral,positive,0.5589739315854394
"Sometimes the app just keep lagging in the middle of choosing menu, then it says the payment was failed yet the restaurant already start preparing the food. And some restaurant eventhough clients keep complaining how their food goes, they still does not do any improvement at all. Still a good choice for food delivery though compare to other app since foodpanda always give free delivery. Thank you.",foodpanda_reviews.csv,4,positive,negative,0.944625267489199
Worst food delivery app They've removed live chat option (or made it hard to connect with them) so you can sit and be frustrated and wait for them to respond because this company don't care about their customer and only cares about getting your money. Worst customer service. Worst app interface. Disappointing service. 1 star is the best that this app should get.,foodpanda_reviews.csv,1,negative,negative,0.9999962421619962
App ta valoi but adress khugte plm hoi,foodpanda_reviews.csv,4,neutral,negative,0.8571636649384636
Not even worth 1 star.. Earlier it was working fyn.. But the vouchers just dont work.. AT ALL.. It keeps on sending mails n msgs about 50% off.. But the vouchers r useless,foodpanda_reviews.csv,1,negative,negative,0.990013696990573
You don't have group orders and you have some issues with delivery guys on bicycles,foodpanda_reviews.csv,1,neutral,negative,0.6278733108796891
Too many promotions but the time declared for orders are not credible. Don't use this app. Terrible.,foodpanda_reviews.csv,1,negative,negative,0.9983140577515331
it's good yunoo,foodpanda_reviews.csv,5,positive,positive,0.978810707249276
"Really very dangerous journey. Driver's phone was broken and he knew this at the start of the journey. Drove whilst trying to fix it at the wheel. Got completely lost and took 3 times the amount of time it should. Grab's follow up has been terrible. No offer of help / apology / refund. Apparently because he got us there in the end it's ok! The dangerous driving is terrible, but Grab not caring is even worse.",grab_reviews.csv,1,negative,negative,0.9999778740386638
worst food delivery app ever. what is the meaning of delivering a food after more than 1 hour,foodpanda_reviews.csv,1,negative,negative,0.993725457627194
😍Awesome service,grab_reviews.csv,5,positive,positive,0.999989917480246
Wish I can order from restaurants far from my area too.,foodpanda_reviews.csv,5,positive,positive,0.7678363169623906
"Services teruk, layanan tidak baik!",foodpanda_reviews.csv,1,negative,neutral,0.6085646903401877
Excellent 👍👍👍👌,foodpanda_reviews.csv,5,positive,positive,0.9999999705199802
Ovo is still not working in Grab app,grab_reviews.csv,1,negative,negative,0.9967229006881162
They give used things my experience was really bad I don't recommend you foodpanda,foodpanda_reviews.csv,1,negative,negative,0.9997618682169794
Pelayanan nya kurang,grab_reviews.csv,1,neutral,neutral,0.998403579013357
very bad service wrost😡 app.,foodpanda_reviews.csv,1,negative,negative,0.9999046962272508
I give this app 1 star because Always many restaurants are closed (temporarily unavailable) and those who are open are worst. this the worst app I used in my life. Now I will never use this app again and recommend my friends to uninstall it ASAP.,foodpanda_reviews.csv,1,negative,negative,0.9992961210869279
good but your rider behaviour is very bad he annoying the custumers..,foodpanda_reviews.csv,2,negative,negative,0.9998228409140492
"App is good if you could just implement satellite mode on the map to point the location more accurately. Edit: as of may 7, 2021: app is broken. can't process order. 12/21/21: App Improved.",foodpanda_reviews.csv,5,positive,negative,0.9850114675128923
Masst hai,foodpanda_reviews.csv,5,neutral,neutral,0.8486462375451584
Very bad no restaurant available,foodpanda_reviews.csv,1,negative,negative,0.9997697805530229
I love FOODPANDA......,foodpanda_reviews.csv,5,positive,positive,0.998238627606837
"after pedemic, difficult to get a grab at perlis area.",grab_reviews.csv,4,negative,negative,0.9975909815846469
Where the hell is your support services? You added the option about contactless delivery and your rider still didn't delivered my order when i wasn't able to pick call that's why i choose that damn option. You support service person sent me this notification that i am not able to refund because I didn't collect my order i mean what the hell?,foodpanda_reviews.csv,1,negative,negative,0.9999598650643259
gginthechat,grab_reviews.csv,2,neutral,negative,0.42774530007675216
Its very amazing.. Hand tu hand and mouth tu mouth..,foodpanda_reviews.csv,4,positive,positive,0.9965162532252732
I like to using this app for my transport but just bcs i entered the wrong location they just banned me or what . Im late to work bcs of this,grab_reviews.csv,2,negative,negative,0.9992150294924702
Kenapa ya klo grab now drivernya ga boleh setiap hari sama? Kenapa harus tunggu 5 hari dlu?,grab_reviews.csv,3,neutral,neutral,0.9999896265721325
"My account randomly stopped working. I place an order, but no driver ever accepts, this has been going on a week now. The phone number is just an automated voice message, and there isn't even a chat option available. No help at all. So disappointing",grab_reviews.csv,1,negative,negative,0.9999945809761814
Boikot foodpanda.,foodpanda_reviews.csv,1,neutral,neutral,0.910324527695545
สั่งไปตอนทุ่มครึ่ง หักเงินไปแล้ว ซักพักแจ้งว่าร้านปิด ซึ่งข้อมูลร้านแจ้งว่าปิด4ทุ่ม เลยลองสั่งร้านอื่น โดยที่ฟู้ดแพนด้ายังไม่คืนเงินให้ ก็เป็นเหมือนรอบแรก คือถ้าร้านจะปิดไม่ตรงเวลาก็ควรแจ้งไรซักอย่าง ไม่ใช่ให้สั่งแล้วรอๆๆๆๆๆ สุดท้ายแจ้งร้านปิดดื้อๆ คนหิวเข้าใจบ้างป้ะ แล้วเงินกว่าจะคืน นี่ก็ต้องเติมเข้าบัตรใหม่เพื่อจะสั่งร้านใหม่ หักไวแต่คืนช้า ปรับปรุงหน่อยเหอะ หลายรอบแล้วนะ,foodpanda_reviews.csv,1,neutral,neutral,0.39479493006732375
Pertahankaan..👌,grab_reviews.csv,5,positive,positive,0.9973080397404885
"I like how this work but, why isnt the Grab Bike working in Singapore? Can you fix it? :)",grab_reviews.csv,3,neutral,neutral,0.5093320771076982
Tidak bisa merubah nomor telepon,grab_reviews.csv,1,neutral,neutral,0.9985589423447004
Excellent taxi service in Malaysia,grab_reviews.csv,5,positive,positive,0.9844122926677256
Great and easy to use,grab_reviews.csv,5,positive,positive,0.9999997255342045
👍🏻 Dgn grab lbh mudah,grab_reviews.csv,5,positive,positive,0.9234931514028589
tq sbb mudahkn perjalanan saya... malaysia,grab_reviews.csv,5,neutral,neutral,0.9933747538662926
Please add advanced booking feature :D It'll be so much more convenient.,grab_reviews.csv,4,positive,positive,0.9987503104307055
Useless App! I subscribed to FoodPanda Pro and I can't even use it because your App always crash!,foodpanda_reviews.csv,1,negative,negative,0.9766291628079861
It kinda sucks that the app lets you book multiple times with out warning you. It just creates confusion for both driver and passenger.,grab_reviews.csv,3,negative,negative,0.9527863831733964
beautiful great awesome app,foodpanda_reviews.csv,4,positive,positive,0.9999269207092596
"Its the best now. I can go anywhere easily , hassle free",grab_reviews.csv,5,positive,positive,0.9999903876718569
The drivers has not good attitude,grab_reviews.csv,2,negative,negative,0.9923632655922557
"your ads very mistake in my device, but i already uninstall this apps",foodpanda_reviews.csv,1,neutral,negative,0.9522534040505628
"Not good , no discounts , no promos and restraunts not committed providing stale food",foodpanda_reviews.csv,1,negative,negative,0.9961770451334875
"Just add the cancel order option for the ones who order, it's getting annoying to wait 40 minutes for the restaurant to cancel or confirm.",grab_reviews.csv,2,negative,negative,0.9993439767282255
Very good service and voucher packages Thank you Foodpanda,foodpanda_reviews.csv,5,positive,positive,0.9999631832056189
"Lousy apps. I don't know since when but recently I'm not able to order breakfast from the fastfood restaurants anymore. For eg., if I want to order long john silver for breakfast in advance @ 11pm for next morning, there is no breakfast in the menu!! This happens to all the restaurants!",foodpanda_reviews.csv,1,negative,negative,0.9966973910039617
Service is good but sometimes delivary men are rude and cannot read address.,foodpanda_reviews.csv,3,negative,negative,0.9914613567041506
Unable to fix the issue. Takes time to reply to concern. Very disappointed.,grab_reviews.csv,1,negative,negative,0.9973176877178686
"Terrible experience!!! I had a problem with a cancellation of order, my order was not delivered amymore and I was also not allowed to refund. So I paid a big amount and got nothing but a headache and disappointment :(",foodpanda_reviews.csv,1,neutral,negative,0.9999262392674825
Fast and easy. Great UI and service.,foodpanda_reviews.csv,5,positive,positive,0.9999929609242364
"very weak options for rural area, especially for resorts. especially from mc donald's or kfc. neither delivers by food panda. useless ad-spam. useless app for hungry rural people from resorts.",foodpanda_reviews.csv,1,negative,negative,0.8621253863373021
"I CAN'T MAKE A PURCHASE BECAUSE THIS STUPID APP KEEPS SAYING MY PHONE NUMBER IS ALREADY REGISTERED... THERE SHOULD BE A WAY TO RECOVER MY ACCOUNT LINKED TO THAT NUMBER. OR AT THE VERY LEAST ALLOW CHECKOUTS WITHOUT NEEDING AN ACCOUNT. THERE'S ""NO CONTACT"" SUPPORT OPTION WITHIN THE APP EITHER. WORST EXPERIENCE EVER!!!!",foodpanda_reviews.csv,1,negative,negative,0.9999899387903165
Forced update while waiting for an order. Fail. Move to Gojek,grab_reviews.csv,1,negative,negative,0.9906624351414152
"Lousy app, crash and many restaurant arent available. Uninstall!",foodpanda_reviews.csv,1,negative,negative,0.9812775004480379
Puas sejauh ini. Tapi selalu ada ruang utk perbaikan. Sy pernah ada kasus grabfood motornya mogok tdk bisa antar sampai ke rumah. Sy rugi uang & makanan pun tdk diterima. Sy tidak menyalahkan driver. Memang mungkin keadaan seperti itu. Kala itu hujan dan sekitar jam 7 malam. Hanya saja kami sekeluarga hrs cari alternatif beli yang lainnya belum lagi wkt mkn semakin telat. Utk kemudiannya mohon dicari solusi supaya driver bs menitipkan ke driver lain dan tetap bisa menuntaskan pesanan pelanggan.,grab_reviews.csv,4,neutral,neutral,0.9999999999848228
"Doesn't make any sense it so expensive even after discount.. Old town nasi lemak after discount rm8.xx when check out it rm 19.. are you fair with your pricing ! Packaging, service tax",foodpanda_reviews.csv,1,positive,negative,0.949636729580139
its worse apps..it keep on cancelling order. once i give it a chance to redeem it self then it still cancel my order. and rider if u cancel the order give it back to the shop la ni go and eat the order..,foodpanda_reviews.csv,1,negative,negative,0.9963485810769395
Great app fast free food,foodpanda_reviews.csv,5,positive,positive,0.9999853939771294
"The app doesn't work for me anymore after the update, it's just stuck on the loading animation or a blank screen.",foodpanda_reviews.csv,1,negative,negative,0.999278041757125
bagal mga 2hrs ko nakuha pagkain ko,foodpanda_reviews.csv,3,neutral,neutral,0.9949351445349089
"the system to search driver was fast. you don't need to wait too long. the driver n services were good. it""s comfortable 😊",grab_reviews.csv,5,positive,positive,0.9999205123201718
Best because always have voucher. Will repeat order with Foodpanda if have a lot of voucher,foodpanda_reviews.csv,5,positive,positive,0.9907594658920199
"De câte ori pe săptămână trebuie să dezactivez notificările, nu de alta, să știu și eu să-mi pun memento să nu uit să le dezactivez iar și iar.",foodpanda_reviews.csv,1,neutral,neutral,0.9985156596123956
So important,grab_reviews.csv,5,neutral,neutral,0.5220557056646543
Really I liked should be bought,foodpanda_reviews.csv,4,positive,positive,0.94004541987173
This app not have all of shop I want to order but it's easy to use and you can cash by credit card.,foodpanda_reviews.csv,4,positive,positive,0.943581236292478
Apps doesn't run properly,foodpanda_reviews.csv,1,neutral,neutral,0.8149743903184176
Ang angas! Si Kiko Matos nag deliver ng food ko 👌,grab_reviews.csv,5,positive,positive,0.6432659927492583
Its good for ordering,foodpanda_reviews.csv,5,positive,positive,0.9990913262520551
Cea mai proasta aplicatie de comandat mancare nu mai comand niciodata de pe aplicatia asta,foodpanda_reviews.csv,1,neutral,neutral,0.9999598689123999
"Aplikasinya buruk, niat bikin promo apa tidak sih? Kenapa kode promonya kadang bisa dipakai kadang tidak, padahal customer sudah memenuhi syarat. Sangat buruk",grab_reviews.csv,2,neutral,neutral,0.9999999378865728
I would have rate it 5 but gcash not working.,grab_reviews.csv,4,negative,negative,0.9953829394270911
send food to me,foodpanda_reviews.csv,4,neutral,negative,0.45605043074738816
fix connection on android device. i thinks its ip problem. im using vpn to see shops and other courses,foodpanda_reviews.csv,1,negative,positive,0.41864782174014203
good for those who have lots of money,foodpanda_reviews.csv,4,positive,positive,0.9213913323280789
Saved so much money when I switched from Grab to FoodPanda.,foodpanda_reviews.csv,5,positive,negative,0.5501942057957783
How can I choose the grab bike? Its not in the option menu,grab_reviews.csv,1,neutral,neutral,0.7828706891767482
selalu yg terbaik,grab_reviews.csv,5,neutral,neutral,0.9993567568935089
Easy and convenient service.,grab_reviews.csv,5,positive,positive,0.9997765532134006
Iii hui ink theiuy,foodpanda_reviews.csv,1,neutral,neutral,0.4477386802676366
Very easy and cheap!,grab_reviews.csv,5,positive,positive,0.9999921815912493
foodpanda is such a fraud. multiple times they have cancel your order and inform after 1 hour. Worst service.,foodpanda_reviews.csv,1,negative,negative,0.9999305975798374
Very nice thanks.,grab_reviews.csv,5,positive,positive,0.9999953482328202
"Notification doesn't work anymore, so no promo notification...",grab_reviews.csv,5,negative,negative,0.9978086273725523
Hope your Services to people will continue and become better,grab_reviews.csv,3,positive,positive,0.9688670517618105
App crash!! Negative star!!,grab_reviews.csv,1,negative,negative,0.9834044281391389
Stupid runner,foodpanda_reviews.csv,5,negative,negative,0.9968603859588454
Efficient n covinent.,grab_reviews.csv,4,neutral,positive,0.7934616213424515
awesome cheap and 5star quality,grab_reviews.csv,5,positive,positive,0.998673213769559
"Cancel karena Odd-even policy, tapi tetap diberikan plat yang tidak sesuai",grab_reviews.csv,1,neutral,neutral,0.9999735649536018
"I love your service 🤗 Your delivery crews are so nice and fast, responsive that I can't order without giving them post-tip because of how nice they're. Please keep up the good service Foodpanda! Also, other mode of payments will do great! Hope you can work with the most used other payment services locally here in Philippines ❤️🙏",foodpanda_reviews.csv,5,positive,positive,0.9999990671699183
It's been good so far,foodpanda_reviews.csv,4,positive,positive,0.9996943224319887
nice. recommended.,foodpanda_reviews.csv,5,positive,positive,0.9983925584903035
They have very good service recovery. Doesn't leave u unhappy with any hiccups... They make u leave with a smile on Ur face even tho u called in the first place to complain,foodpanda_reviews.csv,5,positive,negative,0.8009427726758699
"The new update has ruined the app. It's now horrible to use. When I put where I want picking up, it deletes my choice out when I press book so no drivers know where I am.",grab_reviews.csv,1,negative,negative,0.997910477481344
"I hate it when the pin auto fix it self to other location, pls remove that feature. And pls start using google maps source",grab_reviews.csv,1,negative,negative,0.9897114183035154
Till not check,foodpanda_reviews.csv,5,neutral,negative,0.5138826465025595
Sering crash dan force closed sendiri,grab_reviews.csv,1,negative,neutral,0.8504336778486933
I have changed phone with use same phone numbr unable to log in... worse apps,grab_reviews.csv,1,negative,negative,0.9686993062427902
loved it! ♥,foodpanda_reviews.csv,5,positive,positive,0.9997053150752859
nice food deliver link,foodpanda_reviews.csv,5,positive,positive,0.9711977693601892
One of the worst customer service. I ask to refund my money from grab pay wallet since I cannot use it at all (1 person can only have 1 grab pay wallet). Haven't got any reply from the company customer service at all plus it almost 2 week.,grab_reviews.csv,1,negative,negative,0.9994844033451021
time punctuality,grab_reviews.csv,3,neutral,positive,0.35906711917196904
"After updates its become worst app, can't find my location even its exist in waze or in Google map,",grab_reviews.csv,1,negative,negative,0.9799069905570309
Go & Best App,foodpanda_reviews.csv,5,positive,positive,0.9999708621879725
"Good, amazing experience with this apps and the deliverier also good . Just sometimes what we odered not same as the food was delivered .",foodpanda_reviews.csv,4,positive,positive,0.9858435410168644
sai hai bhai ghur mai mazy ka na ho to yahan mangwa lo bus bagum b khush bachy b razi,foodpanda_reviews.csv,5,neutral,neutral,0.9991987288940447
loyalty means nothing to them😭 I was their silver client then gustu ko lang mag ride worth 90php no driver is accepting..Ive been waiting for 2hours all drivers pretend to be busy...so ugly heartless poor cars.,grab_reviews.csv,1,negative,negative,0.9976988124693129
Vary good,grab_reviews.csv,2,positive,positive,0.8307760045472649
Map nya sering lemot,grab_reviews.csv,3,neutral,neutral,0.9994069894327557
Timely pick-up.,grab_reviews.csv,5,neutral,positive,0.3929774749108377
The worst taxi booking app ever!!,grab_reviews.csv,1,negative,negative,0.9813095189330933
Thanks for help us,foodpanda_reviews.csv,5,positive,positive,0.9994536602661919
.not use this app,foodpanda_reviews.csv,5,neutral,negative,0.8362516025895866
Excellent app for buying meals and groceries. One important thing is it helps a lot of people to have a job.,foodpanda_reviews.csv,5,positive,positive,0.9974167593758605
Covenience at the tip of your fingertips. Good app.,foodpanda_reviews.csv,5,positive,positive,0.8194185797655683
"saya sangat terbantu dengan aplikasi ini. ketika saya mendapat pengalaman buruk pun, complain saya ditanggapi dan diselesaikan secara cepat. sayangnya kemarin ketika saya melakukan order grab bike entah mengapa jalur di aplikasi dibuat berputar, padahal ada jalur yg lebih pendek dan tidak macet sama sekali. alhasil nominal yg tertera di aplikasi jauh lebih mahal dari biasanya.",grab_reviews.csv,4,negative,neutral,0.9999999985674322
Bhok lagi ha tw foodpanda karo❤❤,foodpanda_reviews.csv,5,positive,positive,0.9824363039141615
Very nice app for deliveries!,foodpanda_reviews.csv,4,positive,positive,0.9999641952837188
Good apps. Save me every time,grab_reviews.csv,5,positive,positive,0.9879586287367305
worst app ever..trying to make an account but didnt go through! sucks app.waste of time!! i rather not give a star of this app if i possibly could!,foodpanda_reviews.csv,1,negative,negative,0.9999635588094774
Cagayan deoro,grab_reviews.csv,5,neutral,neutral,0.591227948066411
"Saya edit rate aplikasi karena update terakhir really sucks, setiap mulai chat dng driver atau ada update orderan aplikasi lsg ngelag habis Update: Alamat rumah saya sejak upgrade aplikasi jadi ngawur, gak bisa pointing ke titik yg pas, jadinya driver muter² cari alamat rumah saya. Barusan sy hubungi CS dan dia bilang dibuatkan laporan, tp percuma kalau tidak ada follow up krn yg komplen ttg alamat yg error sy liat sdh banyak di review Google Play ini",grab_reviews.csv,1,negative,neutral,0.9999999922171412
"i change phone and forgot password, i go to reset password but its not my phone number that i registered with FP.. FYI, i never change number and already using it for 15years.. im login with my email but why cant send recovery password to email? why need to use phone only? sudahlah salah no phone sdgkan kita selalu ja beli guna FP,.. failed apps..",foodpanda_reviews.csv,1,negative,neutral,0.5231184604071564
Really impressed with kababish food club,foodpanda_reviews.csv,5,positive,positive,0.9713106435705241
Driver tak nak accept kalau 3km ke bawah melain kan hari hujan👎,grab_reviews.csv,1,negative,neutral,0.9929090291512019
What id do without uuuyyyyy,foodpanda_reviews.csv,5,neutral,negative,0.7638684800373721
the delivery was not upto mark.incomplete order was delivered,foodpanda_reviews.csv,1,neutral,negative,0.9699325271478645
I really like to use this apps. It save my time to get food. And I can do many other thing while waiting the food. good job 👍,grab_reviews.csv,5,positive,positive,0.9995954373164261
Wonderful platform where you get everything in best prices highly recommended ❤️,foodpanda_reviews.csv,5,positive,positive,0.9999070539475315
I like grab in Cambodia. ❤❤❤👌👌👌,grab_reviews.csv,5,positive,positive,0.999999663914721
Sobrang hirap mag book ng grab car!!!,grab_reviews.csv,2,neutral,neutral,0.994428962061736
Sometime good sometime not.,foodpanda_reviews.csv,4,positive,positive,0.4559930758724183
Worst service ever. I have ordered twice a time and in both cases I got incomplete items and when I called back to riders or helpline they didn't give any response.,foodpanda_reviews.csv,1,negative,negative,0.9997389902730792
Superb app😙,foodpanda_reviews.csv,5,positive,positive,0.9999998598638156
fabulous service....,foodpanda_reviews.csv,5,positive,positive,0.9588344019154958
I order 1 Small Pizza 🍕 is 80 rs showing when the pizza boy come he sad 189 Rs,foodpanda_reviews.csv,1,negative,negative,0.9104194311669692
my order have been cancelled but i already paid it using online banking,foodpanda_reviews.csv,5,neutral,negative,0.927991503349765
"Payah nihh.. voucher grabike nya ga pernah bisa dipake, selalu aja fully.. pdhl satu kalipun belum dipake.. kaga niat kasih promo kayanya... mending tetangga sebelah, ngasih voucher tp bisa digunain.. perbaiki lagilah sistemnya kalo ga mau ditinggalin pelanggan..",grab_reviews.csv,1,neutral,neutral,0.9999999996657891
Absolutely makes life easier!,grab_reviews.csv,5,positive,positive,0.9943877816850725
Really bad. Grab user for years. Send discount codes that you can't use. Prices go sky high when busy - SO WRONG. Looking for an alternative. 👎👎👎👎👎👎👎,grab_reviews.csv,1,negative,negative,0.9998736816728293
I need this app to call transport,grab_reviews.csv,4,neutral,positive,0.7545376509575251
Uber replies within the day!!,grab_reviews.csv,1,neutral,negative,0.704471851746332
senang... mudah...,foodpanda_reviews.csv,5,neutral,neutral,0.9749890967200112
Poor service with poor solving solution from the helpdesk.,grab_reviews.csv,1,negative,negative,0.9949587363924678
Bad service bad mojo,foodpanda_reviews.csv,1,negative,negative,0.9999069224214944
"We share foodpanda app to everyone but no one got 300 off, its just a joke",foodpanda_reviews.csv,1,neutral,negative,0.9061552514981122
doesn't detect my location correctly.,grab_reviews.csv,1,neutral,negative,0.6716959319684246
Suspended my account without stating the reason behind.,grab_reviews.csv,2,negative,negative,0.9993555943785577
Food panda ay maurag minsan makaurag urag,foodpanda_reviews.csv,5,neutral,neutral,0.8658420405237226
I'm enjoying ordering food here😍,grab_reviews.csv,5,positive,positive,0.9993252329129293
sngt baikk,grab_reviews.csv,5,neutral,neutral,0.7595028942442789
"Pathetic app it is. I had an account and I tried my best to get to it while placing order but they continuously said that username and password do not match. I reset the password, again it gave the same error and I wasn't able to place an order. Secondly it delivers to few parts of Islamabad and has no delivery service towards Chak Shezad which is absurd.",foodpanda_reviews.csv,1,negative,negative,0.9997564375864718
Where's the menu gone to? Why is this app so difficult to use? unbelievably difficult to use. and where is the menu? Why do I need to launch location services to check my grab credit balance? Why are drivers not penalised for cancelling bookings they accept? the service and this crappy app makes me really miss Uber!,grab_reviews.csv,1,negative,negative,0.9983575401230693
I ordered kfc and after 1 hour they called me and said that they will not deliver it and when i asked the reason they ended the call.its a great app but the staff is too rude.,foodpanda_reviews.csv,2,negative,negative,0.9998111083849607
It really helps me to fulfill my cravings,foodpanda_reviews.csv,5,positive,positive,0.999972135675895
easy to use and reasinable price on delivery,grab_reviews.csv,5,positive,positive,0.9990942418349265
I do not recommend! The customer service is absolutely horrible. They have delivered an incomplete order while I paid full amount was told to wait for refund .... after a week still no refund... Was told by the customer service that it was too late to get a refund from products I have never received! They were informed by the delivery guy AND the shop making the delivery that these items were missing and still nothing!!!!! They are thief! BEWARE!,foodpanda_reviews.csv,1,negative,negative,0.9999981021509928
It doesnt work there's no food selection,grab_reviews.csv,1,negative,negative,0.9997673429255568
Benerin keamanan sistem dan beresin bugnya dulu ya baru saya kasih bintang 5,grab_reviews.csv,1,neutral,neutral,0.9999929119324334
Super fast delivery awesome!! 🥇🥇🥇,foodpanda_reviews.csv,5,positive,positive,0.9988461167840806
Still haven't received my refund.,foodpanda_reviews.csv,1,neutral,negative,0.8423182840660256
Ok good excellent service,foodpanda_reviews.csv,5,positive,positive,0.9999997128799677
Aplikasi Grab better banyak peningkatan gk banyak hank lagi..,grab_reviews.csv,4,positive,neutral,0.9987634924216761
!oij iooo,foodpanda_reviews.csv,4,neutral,neutral,0.5852861406247823
The app is very user friendly and just got my favourite food within minutes gr8 job foodpanda🐻,foodpanda_reviews.csv,5,positive,positive,0.9996780300583974
Gak update saat restoran tutup. Aplikasi sebelah bisa langsung update saat restoran libur atau tutup.,grab_reviews.csv,1,neutral,neutral,0.9999796067851717
"Too bad, Grab service in Malaysia same as Taxi the fees is too high, can't even compare with neighborhood country Grab's service (Thailand). Unbelievable experience!!!",grab_reviews.csv,1,negative,negative,0.9520253029236058
"The worst food. I want to order via credit card not working. Only cash payment. I mean, the basic facility is not there. Are we living in 1900..",foodpanda_reviews.csv,1,negative,negative,0.9994049232492174
Baqwas app ghatia app,foodpanda_reviews.csv,5,neutral,neutral,0.9098577859965428
"This app boom the restaurant business in Sylhet,",foodpanda_reviews.csv,2,neutral,negative,0.6568281028913246
terbaik setakat ni,grab_reviews.csv,5,neutral,neutral,0.6968129494498764
Be friendly.,grab_reviews.csv,5,positive,positive,0.9965053477009015
nice apps very useful and helpful,grab_reviews.csv,5,positive,positive,0.9999999820556696
Nice services thanks 😊,foodpanda_reviews.csv,5,positive,positive,0.9999999786894878
Am instalat pentru a comanda de la KungFu King și Victoriei e prea departe de Lujerului. Serios? Vreți să-mi livrați mâncarea de la colțul blocului?,foodpanda_reviews.csv,1,neutral,neutral,0.9977775704901447
The GPS of the app sucks. Also the time for the food to arrive extremely inconsistent.,foodpanda_reviews.csv,3,negative,negative,0.9938597164574865
Nc my to me,foodpanda_reviews.csv,5,neutral,positive,0.4152868520261837
COD should be applies on Resturants,foodpanda_reviews.csv,2,neutral,negative,0.463435194752295
"Everyday it keeps showing ""It is very busy today that's why you are seeing fewer option"" and doesn't show any restaurant. Very much disappointed for their this kind of joke.",foodpanda_reviews.csv,1,positive,negative,0.9834876812835117
"Apakah saldo ovo bisa ditransfer ke pengguna grab lain? Andaikan bisa, bagaimana caranya?",grab_reviews.csv,1,neutral,neutral,0.9999965800895511
harga yahudi naya pekerja ngn peniaga,foodpanda_reviews.csv,1,neutral,neutral,0.9966079400119261
first time for using thisa apps. hope it well,foodpanda_reviews.csv,5,positive,positive,0.9670498540261089
I had a very bad experience to use Foodpanda app coz I order the meal and rider doesn't bring the order whereas they also cut my double payment and restaurant will be closed during the period of order the food,foodpanda_reviews.csv,1,negative,negative,0.9629710035040084
"Bad ad, Spoiling children. Overcharging, poor quality",foodpanda_reviews.csv,1,negative,negative,0.9906990973025132
It is very easy to use,grab_reviews.csv,5,positive,positive,0.9999897604250388
Worst application in the world,grab_reviews.csv,1,negative,negative,0.9473378215003859
"Why is it way too expensive when peak hour- so terrible pricing- plz calculate back ur price- somemore, nowdays..when peak hour..so troublesome to have a driver .. sometimes have to wait almost 1hour...in KL area, PJ also ..i bet many area.. what happened- plz fix it..",grab_reviews.csv,2,negative,negative,0.9986674099576418
A lot of location don't show or inaccurate choices,grab_reviews.csv,1,neutral,negative,0.5908053745943527
good i like grab,grab_reviews.csv,5,positive,positive,0.9975983539471668
Waste app don't use plz plz plz plz,foodpanda_reviews.csv,1,negative,negative,0.9956917554888356
Nice app i love it🌹😘😍,foodpanda_reviews.csv,5,positive,positive,0.9999999990546229
Drivers must have to know bout how to use WAZE or MAPS to the Correct place and Correct Road Thankyou,grab_reviews.csv,4,neutral,neutral,0.4599777459041985
Super hassle free,foodpanda_reviews.csv,5,positive,positive,0.9997531504838402
Always update 😒,foodpanda_reviews.csv,1,neutral,neutral,0.6918032432576452
Im trying to order food and when i press order it says that your password is wrong the password is correct but im using a new phone so its thinking the phone has been stolen or someone has hacked my sign in id and is trying to log in from another device please do something about this i was not able to order food for few weeks,foodpanda_reviews.csv,1,negative,negative,0.9993485354538483
"I love this app, user friendly and easy to use. Thanks",grab_reviews.csv,5,positive,positive,0.9999999970447959
very nice app. very helpfully,grab_reviews.csv,5,positive,positive,0.9999991089564579
"Bad experience ordering, bad experience with customer support. Updates dont contain enough info and they dont pay the drivers/couriers properly",foodpanda_reviews.csv,1,negative,negative,0.9993717061085242
fhsj res,foodpanda_reviews.csv,5,neutral,neutral,0.4781333839161773
"Horrible app, they cancelled our order after waiting for half an hour, left us with no options for dinner. Do not recommend to anyone, compare this to something like Uber Eats and this is laughable",foodpanda_reviews.csv,1,negative,negative,0.9999978577696633
promonya banyaaaakkkkk,grab_reviews.csv,5,neutral,neutral,0.999214257248779
Baaaaaaaaaaaaaaaaaad,foodpanda_reviews.csv,1,negative,negative,0.9992332261451583
I can't topup my prepaid using grabpay wallet. I've tried several times but still can't.,grab_reviews.csv,1,neutral,negative,0.6642984408816581
It's efficient,foodpanda_reviews.csv,5,neutral,positive,0.9260367063074754
Apps babi,foodpanda_reviews.csv,1,neutral,neutral,0.8738608737801604
Apps unstable. Keep on crashing. Unable to register. Had to uninstall. Sori.,foodpanda_reviews.csv,1,negative,negative,0.9333100110588636
Kejap kata voucher ada.. then habis... Tiba2 ada balik.... Tak paham lah??,foodpanda_reviews.csv,3,neutral,neutral,0.9988912303436503
Awesome! Dameng discounts!,foodpanda_reviews.csv,5,positive,positive,0.9974301429102844
a very good driver,grab_reviews.csv,5,positive,positive,0.9992861259915383
Why don't have all items?,foodpanda_reviews.csv,4,neutral,negative,0.8284908461462357
Delivery charges increase day by day..this is disgusting,foodpanda_reviews.csv,2,negative,negative,0.999644682917016
All my promotion code is saying you are eligible. Soo grab memberships are not good but they are bad . I HATE & DISLIKE GRAB.,grab_reviews.csv,1,negative,negative,0.9996982321818836
just makes me happy all the time!,foodpanda_reviews.csv,5,positive,positive,0.9433032874875656
Not worth ordering from fp anymore. It was very good in past. Now no discount exorbitant delivery n parcel charges. Better to call restaurants and order.,foodpanda_reviews.csv,2,positive,negative,0.6374671279367027
At this moment this app was very useful,foodpanda_reviews.csv,5,positive,positive,0.9695998838229629
"sangat membantu, tolong apknya diperbaiki krn sy sering payment non tunai jd sk bingung ksh tip saat gf. lbh baik lg ksh opsi tip setelah trx gf ya.terima kasih",grab_reviews.csv,5,neutral,neutral,0.9999995101018789
"Very good,very friendly and fast Delivery.",foodpanda_reviews.csv,4,positive,positive,0.9999999486028783
sarap.kasi,foodpanda_reviews.csv,5,neutral,neutral,0.9422600055468976
it easy my travel,grab_reviews.csv,5,positive,positive,0.9993438249229198
I cannot use my phone and email to register Grab. I hav tried thousands time. Sad,grab_reviews.csv,1,negative,negative,0.9922438024282874
Its a decent app,foodpanda_reviews.csv,4,neutral,neutral,0.8123327690362413
lab this app,grab_reviews.csv,5,neutral,positive,0.4963154118080528
foodpanda locks my kitchen. 😉😆😍😍,foodpanda_reviews.csv,5,positive,positive,0.999973818612504
Keep on improving! This is a great help for us commuters :),grab_reviews.csv,5,positive,positive,0.999774061964079
Waste money,foodpanda_reviews.csv,1,negative,negative,0.9931272447864845
Nice food.. like it!,foodpanda_reviews.csv,5,positive,positive,0.9994940047382826
Maping is not good,grab_reviews.csv,1,negative,negative,0.9949233799403117
Serves several purposes,foodpanda_reviews.csv,5,neutral,positive,0.5219105681273979
egg-sellent,grab_reviews.csv,5,neutral,neutral,0.864799965484253
Very helpful but some features are not usable for me.,grab_reviews.csv,4,neutral,positive,0.46356386922764553
duck u gran owner,grab_reviews.csv,1,neutral,negative,0.6841973332298451
Nagoorder ako taz nagloloko.,foodpanda_reviews.csv,1,neutral,neutral,0.7093151946168135
Very bad service. I'm so disappointed that their qualify has decreased. I ordered from them before but from now on I'm not ordering from them anymore. This is very sad.,foodpanda_reviews.csv,1,negative,negative,0.9996379350636002
Slow delivery 😡,foodpanda_reviews.csv,1,negative,negative,0.9992188374186308
Having trouble with the location.,foodpanda_reviews.csv,4,negative,negative,0.9912972483671505
"Honestly, foodpanda needs to do something about late deliveries and services. On the other hand ,I order via grabfood ,it comes on time or sometimes faster than expected. This is 4th time I order with foodpanda, and 3 out 4 times was a terrible experience, which 75% of the time disappointed. I now remember why I and everyone else prefer using grabfood instead coz foodpanda sucks.",foodpanda_reviews.csv,1,negative,negative,0.9940095770013132
I don't want myanmar brand ambassador,foodpanda_reviews.csv,3,neutral,negative,0.8917905390976373
"Sucks a lot, driver over charged with out customer notification. I don't know how this app allows to over charge without notification.. this app only money minds not a customer satisfaction.",grab_reviews.csv,1,negative,negative,0.9935568278170469
Great app choice wise and efficiency wise!,foodpanda_reviews.csv,5,positive,positive,0.9999190124225283
"It really sucks big time. We place order on LJS outlet in CCK Lot 1 for breaking our fast, halve of our order delivery arrived. Another halve not arrive. Delivery guy says he will check but no news from him then. We lodge complaint to Food panda Help centre but they insisted of refunding within 24 Hrs. Itz been 48 hrs now but still haven't received. Tried again to contacting their help centre again three staff shut our text just like that. It really sucks and unprofessional 😡😡😡",foodpanda_reviews.csv,1,negative,negative,0.9999986381311495
The customer service very bad,foodpanda_reviews.csv,1,negative,negative,0.9987713562877415
Report grab i hate grab starting tomorrow,grab_reviews.csv,1,negative,negative,0.9512911009553261
harga tidak berbaloi. sebab bila saya sendiri request fare tinggi . dan bila saya suruh anak saya req fare rendah.,grab_reviews.csv,1,neutral,neutral,0.9989637304851873
Dur fitte muh,foodpanda_reviews.csv,5,neutral,negative,0.34127439132008663
Semoga kenyamanan penumpang semakin di jaga dan jadi prioritas utama. O:),grab_reviews.csv,5,neutral,neutral,0.999917075480594
Very lazy delivery boys,foodpanda_reviews.csv,1,negative,negative,0.5430236147612766
Menolongku ketika laperrr,foodpanda_reviews.csv,5,neutral,neutral,0.9818703515910736
it's okay. food gets delivered. but it's annoying that some vouchers don't work on any mode of payment.,foodpanda_reviews.csv,3,negative,negative,0.874817583093473
Aplikasinya susah dipakai.kirim chat k driver aj ga nyampe2..selalu tanda seru merah,grab_reviews.csv,1,neutral,neutral,0.9999625690289131
Slightly better than deliveroo..,foodpanda_reviews.csv,3,positive,positive,0.9923651126045759
Teruk. Tolong sediakan talian untuk customer service bagi menyelesaikan setiap permasalahan secara terus. Pesanan yang telah dibatalkan seharusnya mendapat refund automatik.,foodpanda_reviews.csv,1,negative,neutral,0.999998306026597
bagus kl bs dperkecil agar tdk makan memory,grab_reviews.csv,5,positive,neutral,0.9802425388563214
Useless app... making people pay for cancelled order... the order was not even confirmed yet.😡👎,foodpanda_reviews.csv,1,negative,negative,0.9999871235964076
"I have waited for my order for hours! The app is not working, not able to track my order status? No one pick up call from Food Panda. Chat service? Waited 20 mins, still waiting. No more Food Panda.",foodpanda_reviews.csv,2,negative,negative,0.9999795087369682
The app is really bad.,grab_reviews.csv,1,negative,negative,0.9667007141391815
Forcing user to install every update,foodpanda_reviews.csv,1,neutral,neutral,0.47775996159722917
Very practical and convenient. Great value of money.,grab_reviews.csv,5,negative,positive,0.9981990837784069
Easy to use app and very quick response,foodpanda_reviews.csv,5,positive,positive,0.9999979713257944
ang pangit !! hindi ako mka pag order kasi hindi daw pwede ang location ko ! kainis,foodpanda_reviews.csv,1,neutral,neutral,0.9928076457920768
Tum logo kya hai sukoon sy video dekhny nhi dty han pata chal gya hai tu khany ka chamber per.humko chain sy video dkhny dey tare waja sy video2min ki jaga 5min hjati hai ad py ad,foodpanda_reviews.csv,1,neutral,neutral,0.9980813792503848
"its good thought, but i hate when they didnt give any warning about it isnt a halal restaurant",foodpanda_reviews.csv,3,negative,negative,0.9856064934657901
"Saya pesan dan bayar via mbanking, tp saya camcel pemesanan karena driver terlalu jauh. Dan saya kecewa karena tidak ada pengembalian saldo mbanking meskipun pemesanan dibatalkan",grab_reviews.csv,1,neutral,neutral,0.9999992987850319
"I AM SO SICK OF FOOD PANDA. ON HOME PAGE IT SAYS ""398 RESTURANTS IN YOUR AREA"" BUT AS SOON AS I SEARCH ANYTHING, IT SAYS "" WE'RE NOT IN YOUR AREA YET""!! WORST APP EVER",foodpanda_reviews.csv,1,negative,negative,0.9997666583581417
Easy to use. Madaming stores ang pagpipilian sa free delivery.,foodpanda_reviews.csv,5,positive,positive,0.9615119487973227
"Great app, very helpful.",grab_reviews.csv,4,positive,positive,0.9999988533727057
"Food Panda sends a msg saying that for discount use the code and when we try to use it on the same time it says not valid. Tried live chat with customer service but trust me it is not at all helpful and the second thing is that the Menu is not updated in the app, delivery is late most of the time. Hate it.",foodpanda_reviews.csv,1,negative,negative,0.9983356392545985
Nyc app.. u have an easy acess to every restaurant,foodpanda_reviews.csv,5,positive,positive,0.8070054150682382
Easy. Fast.,grab_reviews.csv,5,positive,positive,0.9999572308416179
Good driver polite and cheerful,grab_reviews.csv,5,positive,positive,0.9969010425016808
I hate it.... Its always loading 👿,foodpanda_reviews.csv,1,negative,negative,0.9996568046768083
good to have GRAB😁,grab_reviews.csv,5,positive,positive,0.9999999902490657
Food panda 1/10/2021 aku buat payment order makanan tolak dari boots bayaran kena tolak tapi order tak jalan dan tak process untuk 2 order..,foodpanda_reviews.csv,2,neutral,neutral,0.994722061164169
I get connection lost so the app isn't working anymore,foodpanda_reviews.csv,1,negative,negative,0.9999522953872838
Superb service..love it..,foodpanda_reviews.csv,5,positive,positive,0.9999942085671465
The driver was so niceee i love it,grab_reviews.csv,5,positive,positive,0.9999685065479712
Won't change this 'til you remove the batch order!!!,grab_reviews.csv,1,neutral,negative,0.8993773053094118
Quite reliable. Except that there are some drivers who asks to have the request canceled.,grab_reviews.csv,5,neutral,negative,0.536650671292515
Happy order happy deliver,foodpanda_reviews.csv,5,positive,positive,0.9946165990529945
優惠突然不能用，不然就是優惠已達上限。那就別寄email來煩我！,foodpanda_reviews.csv,1,neutral,negative,0.4823044300537339
Favorit ❤️,grab_reviews.csv,5,positive,positive,0.9989360902553792
Always the best app for the people who r living without there families and can't get home cooked food. Also very nice services for all people . Hoping that your app grows more!,foodpanda_reviews.csv,5,positive,positive,0.9998742566507482
knp saya tidak bisa daftar baru ya..? stiap mau masukin kode verifikasi selalu dibilang salah. padahal sudah benar sesuai dengan yg saya trima dari sms,grab_reviews.csv,1,neutral,neutral,0.9999999940687871
Last delivery was worst. Given order full biriyani.. delivered half..,foodpanda_reviews.csv,3,negative,negative,0.9600176612055967
disuruh uodate terus . padahal uda update. jadi ga bisa subscribe paket . parah!!!,grab_reviews.csv,1,neutral,neutral,0.9999966273248364
Maganda ung app. Sana mas more free delivery pa at more discount pa.,foodpanda_reviews.csv,4,positive,positive,0.8704030291097598
app cracks all the time,grab_reviews.csv,1,neutral,negative,0.45502646969840377
Not satisfied at all. Worst experience,foodpanda_reviews.csv,1,negative,negative,0.9996414339203095
Must try this apps,grab_reviews.csv,5,neutral,neutral,0.574506373022044
I give order to food panda and give payment via atm card. And food panda does not give my order delivery In my home . My first experience is very poor for it.,foodpanda_reviews.csv,1,negative,negative,0.9751779557496956
Update after update it getting worse,foodpanda_reviews.csv,1,negative,negative,0.9865298700794563
"Good apps, answer to everyday need",grab_reviews.csv,5,positive,positive,0.9371809427082498
I haven't received my order even after 2 hours of waiting. Worst experience ever.,foodpanda_reviews.csv,1,negative,negative,0.9998907362718713
aplikasi ini sangat membantu dalam kegiatan sehari-hari.,grab_reviews.csv,5,neutral,neutral,0.9999769254562759
"My problem is , everytime I press Find Restaurant, my foodpanda app says ""IT SEEMS YOUR COUNTRY IS NOT SUPPORTED"". But I'm here in the Philippines though.",foodpanda_reviews.csv,1,neutral,negative,0.6451850001067345
couldn't place an order keep showing that change payment method,foodpanda_reviews.csv,1,neutral,neutral,0.5305912286657439
I used foodpanda after a long time and they gave me a voucher. What a welcome back ♥️,foodpanda_reviews.csv,5,positive,negative,0.8381538387777729
It's really convenient and very user friendly!!!!! Easy way to order food....... :),foodpanda_reviews.csv,5,positive,positive,0.9993226980237747
the app cannot trace my place! bad apps,foodpanda_reviews.csv,1,negative,negative,0.9892075847841212
Filter out Non-Halal food will be very helpful. I know there's a feature can filter choose Halal dietary. But some restaurants do not tag as Halal where in fact they are. But those restaurants that already categorized Non-Halal it will good if can filter them out. Thanks.,grab_reviews.csv,4,positive,positive,0.6578184756291461
"I purchased for a voucher and it didn't work well. When i contacted Grab customer service, I got nothing. So, its service is so terrible.",grab_reviews.csv,1,negative,negative,0.9994555320803583
mempermudah...hore,grab_reviews.csv,5,neutral,neutral,0.9740183461104117
Good app no any bugs and error. A great invented app ...,foodpanda_reviews.csv,3,positive,negative,0.8765386338722525
"Amazing, first I thought this app was nuts. Because i ordered something thhey gave me something else. Then i sent feed back then they gave my money back and apologised to me. After that if order something they give me the best quality food",foodpanda_reviews.csv,5,positive,negative,0.9614931158132031
It's good and amazing,foodpanda_reviews.csv,5,positive,positive,0.9999892329555838
I ordered food lot of times. Food quality and quantity is absolutely awesome. Delivery is fast,foodpanda_reviews.csv,5,positive,positive,0.8717585736424555
chat history is not maintained against each order.,foodpanda_reviews.csv,2,neutral,negative,0.9110361488448637
Not good much..took few money,foodpanda_reviews.csv,5,negative,negative,0.9688577275298896
patutnya bila update menyenangkan..ni lg menyusahkan..aptb,grab_reviews.csv,1,neutral,neutral,0.9999196261978568
Very worst. Raining cant work? My area cant found a driver order two time from different stall cant found a driver. Better dont work.,grab_reviews.csv,1,negative,negative,0.9627309204679129
Exeptional at all times,grab_reviews.csv,5,neutral,positive,0.8497341309481041
How to cancel when the estimated time is around 5 minute but I waited for 20 minute ?,grab_reviews.csv,1,neutral,negative,0.9955667705603064
"The worst food delivery app. Drivers get lost, overcharge, late deliveries, wrong orders and the list goes on.",foodpanda_reviews.csv,1,negative,negative,0.9999583428433112
"cant even use my ovo to order food, and i cant even get my money back",grab_reviews.csv,1,neutral,negative,0.5926304838651996
very excellent service 👍,grab_reviews.csv,5,positive,positive,0.9999931829715094
Imcredible,foodpanda_reviews.csv,5,neutral,negative,0.6030777906715488
This app never works when i need. Hate this app. No good restaurants No good deals ☹️😒,foodpanda_reviews.csv,1,negative,negative,0.9962305107406749
Uber! Why are you doing this to us?!Can never get a driver in Manila. Horrible experience!,grab_reviews.csv,1,negative,negative,0.9980540144589369
Great discounts...and fast order,foodpanda_reviews.csv,5,positive,positive,0.9999512435079773
Not working on vivo v5,grab_reviews.csv,1,negative,negative,0.9992970924600638
Cant get it going,grab_reviews.csv,1,neutral,negative,0.7458362662333402
Easy to navigate. Very useful especially during these times.,grab_reviews.csv,5,positive,positive,0.9999943544002211
Loooovvvveeeedddd iiittttt,grab_reviews.csv,5,positive,positive,0.9999192814610822
It's one of the best! Thanks for saving me money with parking and petrol hike,grab_reviews.csv,5,positive,positive,0.9997092311402203
Really bad experience from last few days it keep showing loading loading and after 5mints screens got blank really annoyed,foodpanda_reviews.csv,1,negative,negative,0.998448101545276
thanks very accommodating,grab_reviews.csv,5,positive,positive,0.9966247962307114
"Maaf saya barusan mengalami kejadian yg kurang mengenakan pada saat mengorder grabike. Driver membuat saya kurang nyaman karena secara tidak langsung mengintimidasi saya supaya memberi nya bintang 5.bahkan sampai di tanya mana hp saya,tau tidak cara nya",grab_reviews.csv,1,neutral,neutral,0.9999999991506741
if only there are better option than your stupid stupid app,grab_reviews.csv,1,negative,negative,0.9955209400155713
masyadong makulit!!!,foodpanda_reviews.csv,1,neutral,neutral,0.919810486826807
BASURA KAYONG PUTANGINA KAYO MAGSARA NA KAYO,foodpanda_reviews.csv,1,neutral,neutral,0.9920716873173667
Disappointed u people don't refund money after paying online and cancel my order... Nonsense,foodpanda_reviews.csv,1,negative,negative,0.9999657089310496
I luveeeee it . It is the best app u could ever eat or drink. Don't neeed to go out side to huy food just ordered it here in this appp and the wala bebammmm!!! Food has done!!!,foodpanda_reviews.csv,5,positive,positive,0.9912163685355138
sangat membantu dalam kebutuhan sehari hari.,grab_reviews.csv,5,neutral,neutral,0.9999871714947
"Very good work,,❤",foodpanda_reviews.csv,5,positive,positive,0.9999523167752201
Pangit ng service. Lagi pa galit nga delivery man 🙄 Di makita kung saan ang pin post.,foodpanda_reviews.csv,1,neutral,neutral,0.9871583537898596
on time at mababait ang riders,foodpanda_reviews.csv,5,neutral,positive,0.4870363309955665
"The riders are terrible. For 2 orders in a row, either the order was delayed for an hour or there was no order showing up.",foodpanda_reviews.csv,1,negative,negative,0.9999851260119514
Worst app ever. Never shows my correct location.,foodpanda_reviews.csv,1,negative,negative,0.997198966873601
Goooooooooooo,foodpanda_reviews.csv,1,neutral,positive,0.5134963108126827
i haven't try yet but i think this application is useful esp to those who don't have time to eat in restaurant..and nice because they have discounted vroucher and promos.,foodpanda_reviews.csv,3,positive,positive,0.9977987136045657
Very poor service I experience bad at this app,foodpanda_reviews.csv,1,negative,negative,0.9999321548882499
Very bad as a whole,foodpanda_reviews.csv,5,negative,negative,0.9961636337579199
very easy to use and efficient,grab_reviews.csv,5,positive,positive,0.999998991415208
Loosi App Aa,foodpanda_reviews.csv,1,neutral,neutral,0.7280461242246364
One of the worst food delivering apps they always deduct the payment and later they send mail and cancel the order bullshit,foodpanda_reviews.csv,1,negative,negative,0.999864670657357
Always use this app. So useful nowadays,foodpanda_reviews.csv,5,positive,positive,0.986290888748746
food panda app is not working properly very disappointed!,foodpanda_reviews.csv,1,negative,negative,0.9999862405576642
Wala na talaga.,grab_reviews.csv,1,neutral,neutral,0.9360719876245012
I hope you put a review box as well for each restaurant/shop. That would be more helpful to your consumers.,foodpanda_reviews.csv,3,positive,positive,0.9939402632352627
About 1 hour waiting. SO TERRIBLE.,foodpanda_reviews.csv,1,negative,negative,0.9995928093483104
"Payah, pesen grabcar ngak nongol2 sampai 1jam.",grab_reviews.csv,1,neutral,neutral,0.9990057170685646
"Lelet banget aplikasinya, trus harus diupdate terus""an",grab_reviews.csv,1,neutral,neutral,0.9991414889040741
",😡 this app not working on work so I can not believe it",foodpanda_reviews.csv,1,negative,negative,0.9998487138526213
"Fantastic service, skilful and safe drivers.",grab_reviews.csv,5,positive,positive,0.9999794604915662
WHAT THE,foodpanda_reviews.csv,5,neutral,negative,0.5961851707462547
+ayy azrillya mungkin mba gak bilang pak saya pakai promo grab car ya harusnya bilang begitu mba,grab_reviews.csv,5,neutral,neutral,0.9999611870271786
The promo code should be automatically applied every time we logged in.,grab_reviews.csv,4,neutral,negative,0.8167091945383456
I like it it amazing,foodpanda_reviews.csv,5,positive,positive,0.999154919148097
Buuutoooo telan duit aku,foodpanda_reviews.csv,1,neutral,neutral,0.9368951847720934
Very bad customer service especially from Allex Albert. Rain water was inside the food container already but reject to proceed refund or no compensation for this issue. Will not use Grab Food again due to this issue.,grab_reviews.csv,1,negative,negative,0.9999539722411199
HIz customer service,foodpanda_reviews.csv,1,neutral,negative,0.854176430651204
Loads of variety and excellent service,foodpanda_reviews.csv,5,positive,positive,0.999975828449753
Cancel order cust but refund need to wait 14days..,foodpanda_reviews.csv,1,neutral,negative,0.9955628629475878
"worst taxi app I've ever tried to use. demanded me to indtall facebook to get a ride , refused my cc, and wouldn't let me use cash. Uber, we need you here in Malaysia.",grab_reviews.csv,1,negative,negative,0.9796751808409687
easy and convy,foodpanda_reviews.csv,5,positive,positive,0.9998145025287396
Grab is way better,foodpanda_reviews.csv,1,positive,positive,0.9495956627276493
"Too bad So rude, this application",foodpanda_reviews.csv,1,negative,negative,0.9997737646573245
Update terus yha kzl,grab_reviews.csv,2,neutral,neutral,0.9463790597614554
"Feels like I have my own private Kintoun. Affordable, fast, and made my daily life far easier than before. Keep up the good work, guys! (^^)",grab_reviews.csv,5,positive,positive,0.9999944369080664
"First time order guna apps food panda..Menu KFC..before this penah install tp ade dominos shj..then uninstall..skrg install smula sbb dh byk kedai yg buat delivery dgn food panda..Tq food panda Bandar Putra , Bandar Putri , Bukit Mahkota 😊",foodpanda_reviews.csv,5,positive,positive,0.7013672911497174
"Sumpah kesel banget, ada kode promo tapi gak bisa dipakai. Keterangannya fully used, padahal belum pernah dipakai.. sampai expired deh. Udah install ulang tetep aja sama. Grab kalo gak niat bikin promo mending gak usah bikin. Ini udah terjadi sama saya berkali-kali.",grab_reviews.csv,4,neutral,neutral,0.9999999974494926
Worst experience . Ordered frozen items today and the taste was so bad . Wastage of money👎👎👎,foodpanda_reviews.csv,1,negative,negative,0.9999786361463077
why there is no food delivery at kapar jalan haji yaakob 15. but other place similar nearby got delivery. so sad,grab_reviews.csv,1,negative,negative,0.9767165060559283
Nice app. Very essential. Thanks.,foodpanda_reviews.csv,5,positive,positive,0.9999126028592122
"Kasih sanksi lah ke toko yg tutup tapi di apk masih buka ,nyusahin aja",grab_reviews.csv,1,neutral,neutral,0.9999771096432082
Very easy with fast response,grab_reviews.csv,5,positive,positive,0.9999429089939825
Always late delivery and when I was giving delivery charge then why staff wants tips? They wants tips all the time 👎 n now I really hate it,foodpanda_reviews.csv,5,negative,negative,0.9997874021142904
Good app so accomudate,grab_reviews.csv,5,positive,positive,0.9725024153549844
Rider food panda bagus,foodpanda_reviews.csv,5,positive,positive,0.9942918024625169
Foodpanda app is not working properly I don't know why,foodpanda_reviews.csv,5,negative,negative,0.9996172144195169
A great car service for the big cities like Manila where the taxis will scam you. Thank you!,grab_reviews.csv,5,positive,positive,0.9836611402714329
i super love it..thank you😊😊😊,grab_reviews.csv,5,positive,positive,0.9999999994004725
Beberapa resto ga sesuai harganya,grab_reviews.csv,3,neutral,neutral,0.999818272894367
Very helpful and great service. If they would only extend the radius of restaurants.,foodpanda_reviews.csv,5,positive,positive,0.9998875654722552
Nice and easy. Deliveries sometimes come incomplete though.,foodpanda_reviews.csv,5,positive,positive,0.9992420738737002
DO NOT INSTALL. MY FOOD DIDNT ARRIVED!!!!! ORDERED YESTERDAY 6PM I WAITED TILL MIDNIGHT. THE NEXT DAY APP SHOWED MY FOOD ARRIVED?? DAFUQ. STUPID APP.,foodpanda_reviews.csv,1,negative,negative,0.9815898741480591
I have taken grab subscription rm 50. But none of the trips I can't apply that voucher. I complain to customer care as well. No proper resolution. Wasted myr 50. Not able to use single voucher.,grab_reviews.csv,1,negative,negative,0.998276341312256
not safe all drivers are scumbag tapos panagutan nyo yung naaksidenting sa taft,grab_reviews.csv,5,negative,neutral,0.777080656797057
mantap! banyak promo,grab_reviews.csv,5,positive,positive,0.9875761527907793
aps xberguna betul banyak tempat xboleh nak tag....,grab_reviews.csv,1,neutral,neutral,0.9977437179833416
"PUNYETA KAYO!!!! UWING UWI NA AKO! NAKA-WIFI NA AKO, NAKABUKAS NA PA DATA KO NA PUTANG INANG LTE, PUNYETA INVALID KAYO NG INVALID!!!! UWING-UWI NA AKO. PUTA KAYO! MGA WALA KAYONG SILBI ANIMALLLLLL!!????????",grab_reviews.csv,1,neutral,neutral,0.9980978475862337
"almost all of the messages in grab are in Vietnamese I never know when there's a good promotion going on. also it's very hard to send a complaint. I don't know if this is the right place for us, but 75% of all your drivers we'll talk or otherwise use their telephone when we are driving. this is stupid and dangerous. why can't you get them to stop doing this?",grab_reviews.csv,3,negative,negative,0.9993857856053712
I already paid but the order doesn't processing my order and it back to add to cart.,foodpanda_reviews.csv,1,neutral,negative,0.9747070988368357
my friend account deactivated. she called in. and need to submit stupid appeal. is her own account and what stupid appeal are you expecting. stupid grab,grab_reviews.csv,1,negative,negative,0.9980840674282169
"Was invited by my friend but when i tried to use the promo code ,it says invalid code!! Waste of time! Cheater!!!",grab_reviews.csv,1,negative,negative,0.997946323765247
"Faster and most convenient for food order and delivery... i dont like it actually, I love this app...",grab_reviews.csv,5,positive,positive,0.9467158402013403
👍🏽👍🏽👍🏽👍🏽,grab_reviews.csv,5,positive,positive,0.9989454971008528
I won't tell you anything.,grab_reviews.csv,5,neutral,negative,0.9444159096800525
THIS A VERY VERY BAD APO.,foodpanda_reviews.csv,1,negative,negative,0.995894102311714
It is exayting appp off bangladesh,foodpanda_reviews.csv,5,neutral,positive,0.533116537536305
Thumbs up!!!😀,grab_reviews.csv,5,positive,positive,0.9999722458293521
Great experience everytime.,grab_reviews.csv,5,positive,positive,0.9919260217829828
Good experience with this app Usefull app,foodpanda_reviews.csv,5,positive,positive,0.9982563684237852
"can't get a driver, waiting one hour for nothing.",grab_reviews.csv,2,neutral,negative,0.9418579870301219
Feature tipping tidak berfungsi melalui pembayaran ovo. Sudah bintang lima tapi tidak keluar pilihan tipping,grab_reviews.csv,4,neutral,neutral,0.9999888307802584
"Thanks to this, i get to order food that i want without going far. Alot of selection, fast delivery, good customer service, UI is beautiful",foodpanda_reviews.csv,5,positive,positive,0.9972631799733639
i lyk grab coz its fast easy and reliable.,grab_reviews.csv,5,positive,positive,0.999823542641731
Good service and good quality of work,foodpanda_reviews.csv,5,positive,positive,0.9999029716700901
Your delivery is much better and takes less time,foodpanda_reviews.csv,5,positive,positive,0.9622905231526933
cannot respond to server since many days. unreliable app. thank goodness I am only starting using grab pay and not yet depending on it.,grab_reviews.csv,1,neutral,negative,0.5997936834101434
There are bugs in the app i cant login,foodpanda_reviews.csv,2,neutral,neutral,0.5386891444343672
EXCELLENT ! SATISFIED,foodpanda_reviews.csv,5,positive,positive,0.9999969571858183
"Kok gak bisa daftar baik melalui email, no tlpn, facebook .. data failed terus .. tolong dong dibantu admin grab",grab_reviews.csv,1,negative,neutral,0.9998558114896938
Fuxkinh scam. Stupid chinese app,foodpanda_reviews.csv,1,negative,negative,0.9992889937683208
Because alway have ads,foodpanda_reviews.csv,1,neutral,negative,0.681084499077346
What I like is if there is no driver..you keep trying till you find one..which is super! Most drivers are educated n knowledgeable.pls don't change anything..now I don't stress so much about transport.Thank you,grab_reviews.csv,5,positive,negative,0.824705480387858
gabisa2 di download,grab_reviews.csv,1,neutral,neutral,0.9972173819394621
My life becomes easy,grab_reviews.csv,5,positive,positive,0.9598098922420086
Fast Delivery Accurate👌👌,foodpanda_reviews.csv,5,positive,positive,0.9999978951460645
"Please add update do TNG, cuz i want pay to grab from TNG easy",grab_reviews.csv,2,positive,positive,0.5850255365385808
I was supposed to get cashback but not received the same,foodpanda_reviews.csv,2,neutral,negative,0.8242034438066999
good ang fast serving,foodpanda_reviews.csv,5,positive,positive,0.9964446184985405
DON'T TAKE MA UBER,grab_reviews.csv,1,neutral,negative,0.8931301395245085
I will order to one saved address but then the rider will go to another saved address. It always changes the address which I select making the delivery rider go to the wrong spot! I used to use this app often but this seems to be a recent bug.,foodpanda_reviews.csv,1,neutral,negative,0.9668473337523156
Disguiting app I got cockroach on my food and other foreign body do not use it!,foodpanda_reviews.csv,1,negative,negative,0.9976155253307789
Disappointing customer service. Frustrating experience,foodpanda_reviews.csv,1,negative,negative,0.9998958815860808
Good to use but you need to control your piggy bank depending on your lifestyle,grab_reviews.csv,5,neutral,positive,0.49402061975808026
Excellently interesting....,grab_reviews.csv,4,positive,positive,0.9999553516446621
This is an amazing app with amazing delivery persons! I like the promo everyday and also the surprises which are all essential for me as a customer. Pandamart is good as well!,foodpanda_reviews.csv,5,positive,positive,0.9999356443388997
Worst customer service. Ever. Won't be ordering food online from this app ever again!,foodpanda_reviews.csv,1,negative,negative,0.9892734589394315
Very Good Serviced.,grab_reviews.csv,5,positive,positive,0.9977100396410583
Worst..I can't find the car in this app..poor app ever,grab_reviews.csv,1,negative,negative,0.9987825378735286
"Sejauh ini sudah cukup baik, cuma terkadang driver-drivernya masih banyak tingkah. Tolong lebih di sortir dengan baik lagi driver yang mau bekerja di Grab 📌",grab_reviews.csv,5,neutral,neutral,0.9999999884322222
Lalalalla,foodpanda_reviews.csv,4,neutral,neutral,0.6888795274580019
Pick up point was already selected yet it pinned a different location. It should nt change after youve manually typed your location. Not sure what happened here but could be a bug in your app.,grab_reviews.csv,1,neutral,negative,0.7469749359744166
This app has an annoying issue where push notification about my repeatedly appears.,grab_reviews.csv,2,negative,negative,0.9946787229846674
Excellent food service app. Food panda has become most commonly used online food service app.,foodpanda_reviews.csv,5,positive,positive,0.9959882423804238
"Why I can log in n register!!!??? Tht said my Gmail is invalid???I'm using FB,number fon still need Gmail,when I put my Gmail,is not working,please tell me why",grab_reviews.csv,1,negative,negative,0.9908311223209058
May discount sa menu pero pagkacheckout nawawala!! 😡😡😡,foodpanda_reviews.csv,1,negative,negative,0.938163721770963
Very user friendly app. Perfect,foodpanda_reviews.csv,5,positive,positive,0.9999990317237175
"sering sekali driver menolak karena alasan promo. ada jug driver yg licik. nggak mau nerima tapi bilangnya lg makan, tambah lagi program curang resmi dari company jual voucher yg hanya bisa dipakai sekali dan jika sisa uang dimakan. Haraam.....",grab_reviews.csv,1,neutral,neutral,0.9999998169036982
Great app but map location seems not functioning,grab_reviews.csv,5,neutral,neutral,0.6202243717063434
No at all bad service,grab_reviews.csv,1,negative,negative,0.9613059140494047
"Overall, good experience with Grab. Sometimes there're great offers which is so tempting that i rather order food from grab than eating out.",grab_reviews.csv,5,positive,positive,0.9964748684877555
"kenapa ga bisa log in sih, solusinya donk",grab_reviews.csv,1,neutral,neutral,0.9995062434449898
Update trs ga ovo ga grab,grab_reviews.csv,3,neutral,neutral,0.9737963463744671
Tor mago sonar add dis salar put,foodpanda_reviews.csv,2,neutral,neutral,0.5067708764247053
"I have a problem with the debit card payment. Normally when using the debit card it was okay, but suddenly they cannot make the transaction. Even to top up the Grabpay or change the cards it is still the same. Please fix this.",grab_reviews.csv,3,positive,negative,0.9111707496739504
Fake and dishonest,foodpanda_reviews.csv,1,negative,negative,0.9983383034126009
Every order is awesome 👌 very helpful for order delicious food,foodpanda_reviews.csv,5,positive,positive,0.9999998113603716
Worst!!! Can't even open any restaurant! Such a bad apps!,foodpanda_reviews.csv,1,negative,negative,0.9955129019143166
Modelinh,foodpanda_reviews.csv,5,neutral,negative,0.443321352672368
Convenient way,grab_reviews.csv,5,neutral,positive,0.4781456361694703
App keeps tagging wrong location despite indicating correct address.,foodpanda_reviews.csv,2,negative,negative,0.9918212193343969
"Keren bgt. Mudah, cepat dan ada fitur free call.",grab_reviews.csv,5,positive,neutral,0.9431336330287128
Worst experience ever. You should rethink your policy about canceling the order so that customer not be hassled like me and lose their hard earned money.,foodpanda_reviews.csv,1,negative,negative,0.9998909080074424
"Sometime, didn't receive resit",grab_reviews.csv,5,neutral,negative,0.7007114074650265
"Fake offers and deals, the orders were cancelled every time by restaurants.......",foodpanda_reviews.csv,1,negative,negative,0.8435463815870659
Nice and easy for me,foodpanda_reviews.csv,5,positive,positive,0.9999996767530303
it takes a lot time but we get menu and everthing which we select in restraunt,foodpanda_reviews.csv,4,neutral,negative,0.46981929826594576
The app is so convenient to have but i do hope that every city experienced food panda service as soon as possible since it seems like not all places has it.,foodpanda_reviews.csv,3,positive,negative,0.5973905012320195
Kena tunggu masa yg lama,foodpanda_reviews.csv,1,neutral,neutral,0.9983870013591492
Paying to improve partner fee for every order just to get it worse and worse.,grab_reviews.csv,1,negative,negative,0.9944581087635008
"Great! Easy to use, 10/10!",foodpanda_reviews.csv,5,positive,positive,0.9998430356528227
suck hate u,foodpanda_reviews.csv,1,negative,negative,0.9916641959613387
Can't top up my wallet for the last 2 days. This app is getting worst since it link to Moca. Please return the option of paying by other e-wallet.,grab_reviews.csv,2,negative,negative,0.9991727757108719
Terrible app! Always endless loading something their updates are useless.,foodpanda_reviews.csv,1,negative,negative,0.9997733922124302
Banyak diskon uhuy,grab_reviews.csv,5,neutral,neutral,0.9853529536795634
"Tried ordering food through your app for the first time, using the coupon which was valid, but couldn't place it even with a single restaurant in Thane... When ur coupon is not working then why r u offering it? Just to promote ur worst app u r luring the public with such stupid codes.. Stop this cheating or the law shall take its own course... I'll make sure you answer about marketing gimmick in the Court of law.. Stop fooling us",foodpanda_reviews.csv,1,negative,negative,0.9997262625327561
"Keep it up, Malaysia needs you!",grab_reviews.csv,5,neutral,positive,0.8576889740059738
susah jugak kadang dapat rider bodoh ni,foodpanda_reviews.csv,1,negative,neutral,0.9414406545301954
Love that they always have vouchers available,foodpanda_reviews.csv,5,positive,positive,0.8669369761806444
"Because of foodpanda, berat badan Saya bertambah.. tsskk!!",foodpanda_reviews.csv,5,neutral,neutral,0.9159764721835545
Search systems is very bad 🤨,foodpanda_reviews.csv,3,negative,negative,0.8123747037495683
Rude riders ever,foodpanda_reviews.csv,1,negative,negative,0.9979084725715254
Behtreen......,foodpanda_reviews.csv,5,neutral,neutral,0.49465256125948387
"Best app for food lovers, best ever discounted offers, speechless service. I wish it has 7 stars available so I can rate it 7stars.",foodpanda_reviews.csv,5,positive,positive,0.9999970668651301
Very satisfying app,foodpanda_reviews.csv,5,positive,positive,0.9980598514057001
$160 pandamart delivery lost! Contacted the customer service but the speed of handling the issue is unbelievable slow... Keep telling me already escalate to relevant party and will contact me from 2-3 hours to asap to no timeline given.... This will be my last time to use this service.,foodpanda_reviews.csv,1,negative,negative,0.9903419686354495
The menu picture displays are fake. The portion sizes are too small in most restaurants. Sometimes they send food thats gone bad. Foodpanda should have a quality control department or they will loose customers,foodpanda_reviews.csv,4,negative,negative,0.9988747544785138
"Mau login aja OTP dibilang salah terus, auto dari sana sudah ada + ketik manual ttp aja dibilang salah",grab_reviews.csv,1,neutral,neutral,0.9999642653021312
Not all the drivers are friendly and helpful.,grab_reviews.csv,3,positive,positive,0.9976192276959941
Easy and great discounts!!!:),foodpanda_reviews.csv,5,positive,positive,0.999997320406033
Not such discounts as displayed but I will give 5 stars 🌟,foodpanda_reviews.csv,5,neutral,positive,0.43428258765047417
nice apps and many promos,grab_reviews.csv,5,positive,positive,0.9971336620748255
UNDESCRIABLE,grab_reviews.csv,5,neutral,neutral,0.4802500362392622
The apps can't be exited,grab_reviews.csv,2,neutral,neutral,0.5061941571174442
Happy loving it,foodpanda_reviews.csv,5,positive,positive,0.9999588103922701
Better than other food apps,foodpanda_reviews.csv,4,positive,positive,0.999476874311038
Worst application with no option to cancel the order or change the address even within 2 minutes after placing order. What's your priority ? users or money 🙄,grab_reviews.csv,1,negative,negative,0.9994421874608603
Missguide,foodpanda_reviews.csv,5,neutral,negative,0.594121818513528
"Overall experience is more than good :) Need to monitor the food quality, which is delivered by restaurant.",foodpanda_reviews.csv,4,positive,positive,0.9822578106852445
No longer working as well since they changed the payment processing. A translation option would be nice. The delivery driver food pickup and around the corner notifications often come after the food is delivered.,foodpanda_reviews.csv,3,positive,negative,0.5153870102630919
"panda is a great third party. however, some of your riders, really sucks when it comes in COD they don't deliver the food and just tagged delivered. No calls or texts . Same as of 2021",foodpanda_reviews.csv,1,negative,negative,0.9896985108860978
Good working in food panda,foodpanda_reviews.csv,5,positive,positive,0.9751738205323991
Terrible app ever.not reliable whem you are using this in US for international purposes.What a terrible design,grab_reviews.csv,1,negative,negative,0.9961183750624626
Usefull dah. Thank's,grab_reviews.csv,5,neutral,positive,0.976269765547263
Ang saya ng vouchers nila..,foodpanda_reviews.csv,5,neutral,neutral,0.9737895923551375
So soft I love in it,foodpanda_reviews.csv,5,positive,positive,0.9578424956786926
It was amazing experience,foodpanda_reviews.csv,5,positive,positive,0.9993800148196578
"I recently changed my phone and when I tried to set up my contact number for this app, I did not get the 6-digit code required for the number registeration. I always use this app to get me places but unfortunate that it does not let me register my contact number...",grab_reviews.csv,1,negative,negative,0.9964924502919902
Refund amik masa bertahun.,foodpanda_reviews.csv,1,neutral,neutral,0.9786715279270682
This is very good servies,grab_reviews.csv,5,positive,positive,0.9986770537294509
Often can't contact drivers due to app error,grab_reviews.csv,2,negative,negative,0.9990939208602082
Is something happening with the food panda app -- can't access. It's askkng me to verify if i'm a bot????,foodpanda_reviews.csv,1,neutral,negative,0.8704114303958476
I ordered two times my first experience is very good but the second is very bad I ordered pizza from Manchester pizza and it's not good very bad .,foodpanda_reviews.csv,5,negative,negative,0.9992791894531154
Worst app. You guys need to hire good software engineers or developers to make this trash work . Worst ever.,foodpanda_reviews.csv,1,negative,negative,0.9713035492869125
Gr8 APP indeed,foodpanda_reviews.csv,5,neutral,positive,0.6087462735343134
The worst app i have ever use there is no control on rider there is also incomplete meals for you and there is no action against them very very disappointed with this app,foodpanda_reviews.csv,1,negative,negative,0.9999946126301209
SUSAH BANGET DAPET DRIVER KALO ORDER FOOD MALAM,grab_reviews.csv,1,neutral,neutral,0.9997993735971984
Noob apps. Wrong location everytime. Cb apps. Cant pay using online banking. Problem using card payment. Nooooooooob anjir.,foodpanda_reviews.csv,1,negative,negative,0.8912177582810499
Order food at 2pm. TAC received at 6pm. Congratulations on your superb service,foodpanda_reviews.csv,1,positive,positive,0.429085942455202
Helpful and easy.,grab_reviews.csv,5,positive,positive,0.9999991585202951
What happen to grab car? Almost 1 hour and still got no car? Please take this matter seriously and negotiate with your driver because of the suspended problem that makes your driver run away from this app. It was once a good service but now i have to walk 30 mins just because there's no car available to pick up after work. Please fix this issue 😡😡😡,grab_reviews.csv,1,negative,negative,0.9999656050903015
I am satisfied with the service. thanks,grab_reviews.csv,5,positive,positive,0.9999913988042405
Loved it. Really hope you maintain the quality of your services.,foodpanda_reviews.csv,5,positive,positive,0.9862452871228221
👎Bad service,foodpanda_reviews.csv,4,negative,negative,0.9999367751780449
Baje app..location set up kora jai thik moto..,foodpanda_reviews.csv,1,neutral,neutral,0.9191298058700003
"I'm breakfast order, Provide me in Lunch time!! Its worst service!",foodpanda_reviews.csv,1,negative,negative,0.9584885493407944
Thanks for provided safe journey and Good service......,grab_reviews.csv,4,positive,positive,0.9999953621948775
Tip for the rider must be after the services not in the payment for ordering.,foodpanda_reviews.csv,2,neutral,negative,0.5110647770791823
Efficient,grab_reviews.csv,5,neutral,positive,0.9215507341667393
Alert and smartly deliver,foodpanda_reviews.csv,3,positive,positive,0.7422200277462048
This app has been buggy for a while. I can't add items which ordering food because on-screen buttons get in the way after the initial item is added. Grab's QA process seems to be lacking in big ways.,grab_reviews.csv,1,neutral,negative,0.8885196430446737
Keep having to reinstall,grab_reviews.csv,1,neutral,negative,0.6773746357006791
"Delivery service always delay, in app estimated timing is very bad",foodpanda_reviews.csv,1,negative,negative,0.9904106329500745
lepas update jadi semakin tidak menjadi,foodpanda_reviews.csv,2,neutral,neutral,0.9846835242360974
worst customer experience. previously I could use vouchers. now I can't even use them. price increases compared to usual price over 50-100 taka per order. worst experience !,foodpanda_reviews.csv,1,negative,negative,0.9977527294221454
Easy to use and affordable fare,grab_reviews.csv,5,positive,positive,0.99994669954994
"Last time it was too much worse,even i didn’t get my food after ordering & starved at night",foodpanda_reviews.csv,1,negative,negative,0.997434078016264
"Just one suggestion, add the ability to enter in the exact address (street name and house number).",grab_reviews.csv,4,positive,negative,0.803920061360245
Terrible app. Glich-y and slow. Doesn't seem to give accurate times or locations,grab_reviews.csv,2,negative,negative,0.9992796436435282
Super H A P P Y & Satisfied! Thank You Grab food!,grab_reviews.csv,5,positive,positive,0.9998593238671432
Mudah cara pesan dan tak bikin kantong bolong,grab_reviews.csv,5,neutral,neutral,0.999833529682511
D ko alm hhqq,foodpanda_reviews.csv,5,neutral,neutral,0.7834508151849654
I like use grab cause response very fast,grab_reviews.csv,4,positive,positive,0.9911145615900663
This latest updated version does not allowed zoom into the map for grab hitch driver before accepting the hitch passenger. Please help to revert back to the previous version feature and allow the driver to zoom into the map even before accepting the passenger. This is to allow driver to see and check the exact pick up location. Thanks,grab_reviews.csv,2,positive,negative,0.8702519702152827
Good delivry,foodpanda_reviews.csv,5,positive,positive,0.9796653036520871
Its a hell of difficult app to use. Orders delivered even after being cancelled. Help section guides to add special instructions but I can't find it while placing my order.,foodpanda_reviews.csv,1,neutral,negative,0.9378644744964695
I need grab car service...,grab_reviews.csv,5,neutral,positive,0.7006438215461157
I can not delete my items from the basket,foodpanda_reviews.csv,1,neutral,neutral,0.7553648052858981
Always convenient to use grab!,grab_reviews.csv,5,neutral,neutral,0.4819542014578904
"Too much technical issues, so annoying.",foodpanda_reviews.csv,3,negative,negative,0.9990944777733036
আপনাদের এই App টি ভালো করে কাজ করেনা ফালতু জতসব 😡,foodpanda_reviews.csv,1,negative,negative,0.9997374247081557
Nyaman bah foodpnda,foodpanda_reviews.csv,4,neutral,neutral,0.8682186113695551
Food Taste good 😋.,foodpanda_reviews.csv,5,positive,positive,0.9963281959176185
Very poor connectivity with small restaurant s,foodpanda_reviews.csv,1,negative,negative,0.9695632608308352
buggy after updates haissss,foodpanda_reviews.csv,3,neutral,neutral,0.5741053672194496
Easy and safe! Tnx,grab_reviews.csv,5,positive,positive,0.9999982552811005
I have good experience in the app ❤️,foodpanda_reviews.csv,5,positive,positive,0.9998697979932281
Greater Choice than foodpanda. Can be signed in in different devices and a lot more intuitive on how to use overall.,grab_reviews.csv,5,positive,positive,0.7802562068286698
"The service is great with occasional messes but I don't mind. The only concern is the area limitation when I order food. My current area is now on shut down, and affected literally all of the shops I can order. Had to switch to Grab just so I can order my food since foodpanda couldn't reach anywhere further than probably 6km within my area, which is disappointing. Expect me to not use the app anytime soon until I see improvements for this.",foodpanda_reviews.csv,3,negative,negative,0.9992660554963203
tidak bisa memasukan kode promo. padahal belum digunakan,grab_reviews.csv,3,neutral,neutral,0.9999901022030699
"I have ordered many times via this app. It will work...IF YOU CAN GET IT TO WORK. Like today, I tried 7 or 8 times trying to PAY but I just couldn't pay. I am paying by credit card. I got to the screen and got the OTP and then I entered the OTP and then.... NOTHING. Waited for so long until the system tells me ""TIME OUT"". Seven or eight times trying. Giving up for today. Maybe try again tomorrow or maybe not at all. One more thing. If I somehow do receive the 8 orders, I will uninstall the app",foodpanda_reviews.csv,2,positive,negative,0.9992139700453214
The item i have order is not like what it looks.. so many scam shop.. it make us look stupid,foodpanda_reviews.csv,1,negative,negative,0.9857234143212188
More convenient than other delivery food apps. I love free deliveries!,foodpanda_reviews.csv,5,positive,positive,0.9989505331651105
"Worst app, no customer support service to call when the driver give wrong item and we need to email it?? Really?? This is the worst since we call the driver many times and they didn't pickup the phone. Please put customer service call in the app in case driver didn't pick up the phone or any other solution for this kind of problem.",grab_reviews.csv,1,negative,negative,0.999964326011364
"Whenever I am in Malaysia I always use grab as it is very easy an convenient, but please correct your drivers not to collect more ringgit when they ride highway,if they want to collect let them tell before start the journey, other than that this is very good service.",grab_reviews.csv,5,positive,positive,0.9595607133492443
Good Service But Need To Improve With Reasonable On Your Fare Price And Please Don't Using a Long Drive Road To Take Higher Fare To Us n Hope Grab Management Please Appreciate Your Grab Drive...,grab_reviews.csv,3,positive,positive,0.6813436667115185
I love this app. The drivers are friendly and give good service. Easy to get.,grab_reviews.csv,5,positive,positive,0.9999987900947575
I was suspended due to abnormal activity. The worst application ever. its so frustrating,grab_reviews.csv,1,negative,negative,0.9997324352415016
Fakyuu!! Aplikasi gada driver yg bisa diorder,grab_reviews.csv,1,neutral,neutral,0.9989520305405637
Thank you for making the interface more user-friendly.,foodpanda_reviews.csv,5,positive,positive,0.9999896968384694
Totally disappointed. All in all I am here wasting more 30 mins for a Grab. I am asked to pay for cancellations made by driver. Totally absurd. App totally not accurate in detecting drivers location. Driver is obviously far from pick up location but app says driver has arrived.,grab_reviews.csv,1,neutral,negative,0.9987998261501863
Always have a missing item. They shud check properly if the orders to be delivered are complete. Disappointed to had paid the missing item without any reply from customer service even if u emailed them already.,foodpanda_reviews.csv,1,negative,negative,0.9999311113281856
I find foodpanda better than grab food in our area. Foodpanda has cheaper delivery rates. Foodpanda riders don't expect tips. Foodpanda app is easier to use in terms of using the map and cashing in. Grab map doesn't pin my correct delivery address so riders have to ask me ALL THE TIME if my pin is right. 🤦‍♀️,grab_reviews.csv,1,positive,positive,0.6932168286010025
"New scam from your drivers. they will not accept your bookings then after that your app will raise the fare to higher amount, that's the time they'll accept your bookings. grab, do something! penalize all the drivers who declines bookings like what uber is doing. stupid idea.",grab_reviews.csv,1,negative,negative,0.9990441278558025
foodpanda now your ads should not become on my phone screen,foodpanda_reviews.csv,1,neutral,negative,0.6585655291056071
Grab is a goog version,grab_reviews.csv,5,neutral,neutral,0.5599195821202915
เป็นสลิ่ม 🤢,foodpanda_reviews.csv,1,negative,negative,0.9999851976089836
If the menu got photo more better.,foodpanda_reviews.csv,3,positive,positive,0.8278762781651177
Hopefully you could improve the riders exact location so that we could monitor them. Make the rider icon moving on the map. Thanks,foodpanda_reviews.csv,4,positive,positive,0.9666418271564042
I order meat fruits vegetables and etc and they are very good and fresh,foodpanda_reviews.csv,5,positive,positive,0.9763336006513834
Pro subscription Nile discount dibe. Kintu restaurant off kore rakhbe shudhu pro user der jonno. Faltu service,foodpanda_reviews.csv,1,neutral,neutral,0.981416943879314
ubvityyi,foodpanda_reviews.csv,5,neutral,neutral,0.3617015990403365
Uninstalled done because of they made a episode with bad character influencer Mithila. I will never use it again. I will find another food suppliers now,foodpanda_reviews.csv,1,negative,negative,0.9989054262518325
The price is very good for student to go anywhere.,grab_reviews.csv,4,positive,positive,0.9809360504924219
Grab not good. Always keep rider waitting,grab_reviews.csv,1,negative,negative,0.9879548288478427
Reliable n efficient,grab_reviews.csv,4,neutral,positive,0.9223753406935171
very cheap and loyal discount and promo for user ...,grab_reviews.csv,5,positive,positive,0.9805762087277462
Best food delivery app in Pakistan!,foodpanda_reviews.csv,5,positive,positive,0.9999232770245556
Horrible. Cant pay online using mobikwik.,foodpanda_reviews.csv,2,negative,negative,0.992437289896398
"Dua kali order tak dapat, duit dah bayar... Bila report tunggu sampai berbulan takde dapat refund, apps sampah makan duit haram",foodpanda_reviews.csv,1,neutral,neutral,0.9995435258855246
"Worst. I ordered from pizza point and after waiting for 65 min, food panday tech support guys say we have 'nothing' policy regarding late food delivery. They provided pizza point mumber which was powered off. Finally pizza didn't deliver. Worst management of food panda.",foodpanda_reviews.csv,1,negative,negative,0.9996350084911786
fantastic transport solution,grab_reviews.csv,5,positive,positive,0.9892363787363105
It's easy to use and always satisfies my hunger with dalecious food options :),foodpanda_reviews.csv,5,positive,positive,0.9999953286642945
Good service and excellent,grab_reviews.csv,5,positive,positive,0.9999998921081699
Bulok di maka pin ng address laging nalipat,grab_reviews.csv,1,neutral,neutral,0.9782185587902403
zawminmin,grab_reviews.csv,5,neutral,neutral,0.6163398470815771
Nice 👍🙂 App,grab_reviews.csv,5,positive,positive,0.9999992979292123
Hisap darah,grab_reviews.csv,1,neutral,neutral,0.7801198755355057
Location pin masih tidak tepat.,grab_reviews.csv,5,neutral,neutral,0.9983195419664388
I can't seem to change my address,foodpanda_reviews.csv,2,neutral,negative,0.7873926317978458
Very bad service now,foodpanda_reviews.csv,1,negative,negative,0.9987216042773561
I love it !!!,foodpanda_reviews.csv,5,positive,positive,0.9999154172496488
I feel safe when I take the car through this grab app 🥺❤️,grab_reviews.csv,5,positive,positive,0.9939286520994467
"I have no idea why you would notify the user they can use the promo code but yet when wanna use, cannot use it. Damn stupid..",grab_reviews.csv,2,negative,negative,0.996218036891306
Very good service provider.,grab_reviews.csv,5,positive,positive,0.9992986207265642
Kenapa driver yang minta cancel ke konsumen via chatting.. malah konsumen yang kena suspend ! Cancel bukan kehendak kami tapi para driver kalian yang minta .. cek history chat,grab_reviews.csv,3,neutral,neutral,0.9997135721401595
Always there when you need something urgent,grab_reviews.csv,5,neutral,positive,0.8199570176792209
Verrrrryyyyyy goood appppp,grab_reviews.csv,5,positive,positive,0.9994209171585875
Bad navigation I don't know why,grab_reviews.csv,4,negative,negative,0.8797007718013344
You Night Owls You All Night Owls,foodpanda_reviews.csv,1,neutral,positive,0.6012160039604576
Love this app. Great discounts,foodpanda_reviews.csv,5,positive,positive,0.9999909600555313
I didn't get offer 40%discount,foodpanda_reviews.csv,1,neutral,negative,0.7257555388275605
Sure sure why not i hv informed my friends about it,foodpanda_reviews.csv,5,positive,negative,0.6267630429875772
Not in sri lanka,foodpanda_reviews.csv,1,neutral,neutral,0.7983589953961812
An easy way to go anywhere,grab_reviews.csv,5,positive,positive,0.9999448948221088
It's a wonderfull application,foodpanda_reviews.csv,5,neutral,positive,0.8932462374108769
Love food panda ♡,foodpanda_reviews.csv,5,positive,positive,0.9994146756737183
Penipu pandai memperdaya orang,foodpanda_reviews.csv,1,neutral,neutral,0.9818528484121775
Time frame not accurate. Took too long to deliver. Poor service. Uninstalled.,foodpanda_reviews.csv,1,negative,negative,0.9986712957125599
"Apps not working, not able to place food order",grab_reviews.csv,1,negative,negative,0.9996026007817359
good app very helpful,grab_reviews.csv,5,positive,positive,0.9999979812634676
Your dispatch boy is getting dirty and unpleasant look included your food cover behind the motorbike.,foodpanda_reviews.csv,1,negative,negative,0.9475179519194501
"5stars for food panda , I love it so much super tipid na sa del fee . Thank you for always panda everyday I'll always order to this app .",foodpanda_reviews.csv,5,positive,positive,0.9999542475134056
its good and easy,foodpanda_reviews.csv,3,positive,positive,0.9999966682838783
Poor customer service.. I have a missing orders so I contacted them and they said they can't do anything about it. They will just make a note so it wont happen again.. How about the money I paid? they dont want to refund!!!! Worst food delivery app!!!!,foodpanda_reviews.csv,1,negative,negative,0.9999665197079266
This app has saved me from long taxi lines. Using it is a real breeze; very user friendly and informative.,grab_reviews.csv,5,positive,positive,0.9990020544265209
Great foodpanda i love it,foodpanda_reviews.csv,5,positive,positive,0.999984001564791
AN TALAP TALAP TOBRA,foodpanda_reviews.csv,5,neutral,neutral,0.4267166792381824
"The worst app. Ang babastos ng rider. Paki turuan pls ng magandang asal mga rider nyo. Lalo na sa Bacolod City, Negros Occidental.",foodpanda_reviews.csv,1,negative,neutral,0.9776954960182824
"Order food and throw in dustbins, garbage. .",foodpanda_reviews.csv,1,neutral,negative,0.6551367539726892
"ni apps utk yg malas beli makanan , tp dah order , rider pulak taknak hantar smpai atas..hok alohh..mohon delete laa apps ni dari playstore..",foodpanda_reviews.csv,1,neutral,neutral,0.9998755103787133
Hard to find your favourite foods and restaurants...👎,foodpanda_reviews.csv,1,negative,positive,0.856203176930382
My experience is good also food of Bhfood is very tasty and amazing I enjoy it.,foodpanda_reviews.csv,5,positive,positive,0.9999577386173673
eccellente,foodpanda_reviews.csv,5,positive,positive,0.9999837719993371
I love this app cheaper delivery fee most of the time its free 😍 i rather used this compare to others . thanks food panda ❤,foodpanda_reviews.csv,5,positive,positive,0.9999795632053775
Good app and easy to eat,foodpanda_reviews.csv,4,positive,positive,0.9999975083357446
Unable to sign up even after tech support due to stupid ban. Poor tech support,grab_reviews.csv,1,negative,negative,0.9998388075249848
Manual pinning is inaccurate. Always on surge. Outstanding grabpay can't be paid via cash on the next ride. Nice thing is grab has promotions until competitor was banned drom doong service.,grab_reviews.csv,3,positive,negative,0.46760514723726476
sip grabfood,grab_reviews.csv,5,neutral,neutral,0.8784840952517665
Pathetic service. Restaurants keeps cheating the customers and there's no check and balance from foodpanda. Customer support service is pathetic. In case you prepay for your food the restaurant becomes the boss and in most cases will cheat you.,foodpanda_reviews.csv,1,negative,negative,0.9999892543044775
"Great apps, sangat membantu dalam aktifitas sehari hari",grab_reviews.csv,5,positive,neutral,0.9994293369679678
super easy my 1st time using this food apps!,foodpanda_reviews.csv,5,positive,positive,0.9909757190557406
Very useful for particular times,foodpanda_reviews.csv,5,positive,positive,0.9998945961302893
Before I'm like to use this application but now I don't why*(? Now can't use again,grab_reviews.csv,3,neutral,negative,0.4221441082709267
Come with quality control drivers. Love that. However i cannot give rates from history menu.,grab_reviews.csv,4,neutral,negative,0.6474384096040983
"Tarif naik drastis, promo jarang, pake ovo malah gak ada promo. Makin gajelas grab yg skrg! Disappointed!!!",grab_reviews.csv,2,negative,neutral,0.9999906422939233
Very bad it took more than 2 hours to get my order and the delivery guy was very rude to me also tje quality of the food was bad,foodpanda_reviews.csv,1,negative,negative,0.9997437914979791
Very bad service everytime they need a new password or new phone number i am so disappointed.,foodpanda_reviews.csv,1,negative,negative,0.9999502691390264
The customer service is useless.,foodpanda_reviews.csv,1,negative,negative,0.9995272995726031
Cant use at all. Keep restating,grab_reviews.csv,1,neutral,neutral,0.49042733933172167
"While ordering they says 60 mins to deliver the food. But they takes 2 hours to deliver. Some foods are missing. While calling the restaurant, they said they will refund. But no updates from food panda. Last two days i m trying. No reply in live chat also 😢",foodpanda_reviews.csv,2,negative,negative,0.9999375256476227
use to be ok when first started now the quality of the food is so poor imagine we paid 30% more and receive rubbish quality food there's no followup even we inform or feedback to grab this is so disappointing 😞,grab_reviews.csv,3,negative,negative,0.9989853872046621
Why I cannot using my grab already????so many time I download and register back ....but it do not work???,grab_reviews.csv,1,neutral,negative,0.5783600092208468
After update i can't place order in any restaurant.,foodpanda_reviews.csv,1,neutral,negative,0.7002651870179513
It didn't give voucher to me,foodpanda_reviews.csv,1,neutral,negative,0.5772860216170995
Very bad experience from ads 😞 such a bad experience in every app every video first you foodpanda then see or do what you want,foodpanda_reviews.csv,1,negative,negative,0.9997658632848704
Very bad experience the delivery man was so aggressive and disrespectful you better teach some manners to the delivery boys I am going to delete it bye,foodpanda_reviews.csv,1,negative,negative,0.8869450515621385
Sala YouTube ki tor bap er??? Ato ads ashe kan????,foodpanda_reviews.csv,1,neutral,neutral,0.967156834953852
I encountered a lot of very rude riders......,foodpanda_reviews.csv,1,negative,negative,0.9974637174768934
the best and safety for ehailing transportation.more reward with grabpay and point can redeem with many thing .good,grab_reviews.csv,5,positive,positive,0.9997609007067676
Tierrible app with annoying pop-ups and no repeat order option. There is 99 macdonalds and they are opened and closed randomly - why my order is bound to exact macdonalds and is lost almost everyday? Why other food apps can manage this? I am tired of manually repeating order every day.,foodpanda_reviews.csv,1,negative,negative,0.9999639295889522
Easy to all👌,grab_reviews.csv,5,positive,positive,0.9999903735474477
Great app.thanks!,foodpanda_reviews.csv,5,positive,positive,0.9999909104168121
savior as always.,grab_reviews.csv,5,neutral,positive,0.4774883297890982
"Setiap masuk ada update alamat padahal alamat'a dah benar titik'a pun dah benar, giliran dicoba update titik'a pas tp alamat'a salah, GA USAH NYURUH UPDATE ALAMAT KALAU NYARI ALAMAT AJA GA BISA, DIVISI IT BUTUH KERJAAN KALI YA BIAR GA DISANGKA MAKAN GAJI BUTA",grab_reviews.csv,1,neutral,neutral,0.9999999467938508
"Absolutely good! They can arrange my order to the fastfood i want as fast as possible. Without experiencing the others what they ""glitch"". Keep up the good app. I would recommend to my other colleagues. Im sure they would like it!♥♥",foodpanda_reviews.csv,5,positive,positive,0.9926763390692976
Standart,grab_reviews.csv,3,neutral,positive,0.3807168477342407
Why do I have to share my personal documents for private use? Why can't I use Grab E-wallet without sharing my personal ID? This is terrible. Consumer data shouldn't include actual photo of ID.,grab_reviews.csv,1,negative,negative,0.8963163885724464
Comfortable rides,grab_reviews.csv,5,positive,positive,0.9995358528146151
"They do too much late delivery in night, and sometimes cancel the order. And Delevery mans are not well mannered",foodpanda_reviews.csv,1,negative,negative,0.9966285065708864
Gps ပုိင္းနဲ႔ booking ပုိင္းမွာ မတိက် မျမန္ဆန္ဘူး,grab_reviews.csv,2,neutral,neutral,0.42188570076975224
Masa order satu menit sampe.,grab_reviews.csv,1,neutral,neutral,0.9987207159711077
Love this App.....I can eat more and more😋,foodpanda_reviews.csv,5,positive,positive,0.9997933731099689
nice and accurate,grab_reviews.csv,5,positive,positive,0.9986387703023786
"KENAPA AKUN SAYA TIBA TIBA KENA SUPENSI PADAHA SAYA BELOM LAMA PAKAI, BARU PAKAI BEBERAPA HARI TIBA TIBA KENA SUPENSI!!!!!, TOLONG PERBAIKI",grab_reviews.csv,1,neutral,neutral,0.9999990332199485
Fast delivery and Nice rider,foodpanda_reviews.csv,5,positive,positive,0.9999792317646115
Really bad service from delivery man Horrible behaviour,foodpanda_reviews.csv,1,negative,negative,0.9998517822794356
very helpful and fantastic alternative transportation solution,grab_reviews.csv,5,positive,positive,0.9999891204630359
Easy to use... great resource for a biz traveller,grab_reviews.csv,5,positive,positive,0.99999369253683
This app doesn't have any restaurants for my area but GrabFood's app has. I dont understand why my address isnt recognised by this app but Grab does....,foodpanda_reviews.csv,1,neutral,negative,0.8074112229998123
Same order refused two times by food panda but same restaurant deliver it it in 30 mins,foodpanda_reviews.csv,1,neutral,negative,0.9093065416385382
It is agood app,grab_reviews.csv,5,neutral,positive,0.7603379235581259
Lots of discounts and offers especially for pro users. Very easy to use. I love this app!!,foodpanda_reviews.csv,5,positive,positive,0.9999992682315599
Time to deliver will just add and add....30 minute become 90 minute...good job,foodpanda_reviews.csv,1,positive,positive,0.5745089101637437
👍👍👍 Gooooodddd,grab_reviews.csv,5,positive,positive,0.999985696341264
very convenient. and the drivers are customer friendly. great service. more promos please :),grab_reviews.csv,5,positive,positive,0.9995410523578976
"Very nice, Love this app",foodpanda_reviews.csv,5,positive,positive,0.9999979323465087
"Good app, but overall service is bad. They cancel you order after half an hour, send you email: we apologize for cancel - order something else, when you try to order something else - sorry we cannot deliver to your address a lot of people are hungry right now. Completely unreliable. And support is made in a way to politely ignore your problem.",foodpanda_reviews.csv,1,negative,negative,0.9999879817403897
"useful app, more just ordering trips experience. thank you",grab_reviews.csv,5,positive,positive,0.9996938017829957
"Ordered food from fasoos ,noone replies to calls !!! Worst service ever... Dint get the food at all !",foodpanda_reviews.csv,1,negative,negative,0.9964995263907386
"Aplikasi yang baik, sangat membantu",grab_reviews.csv,5,neutral,neutral,0.9995761963133105
Best app aver,foodpanda_reviews.csv,5,positive,positive,0.9999581253082136
"It's a really very good experience.But I think,it should have easypaisa option in online payments, it's really very easy for us.",foodpanda_reviews.csv,5,positive,positive,0.9921703096259236
They are making us fools. Coupon for new users is not working. Please don't order by food panda they are cheaters. Beware there is no new costumer discount.,foodpanda_reviews.csv,1,negative,negative,0.99988926103623
"When there is an incorrect delivery, you will bear the loss and not Grab eventhough you are not at fault. I recommend you guys to use foodpanda instead as the experience with Grab is not good for me.",grab_reviews.csv,1,negative,negative,0.9944598826078801
"Lazeez Hakeem, MP Nagar, delivery status is excellet",foodpanda_reviews.csv,5,positive,positive,0.9709853282940035
Tres bien. Je n'ai aucun de problemes,foodpanda_reviews.csv,5,neutral,neutral,0.9293398407259036
Much better and effective than CareemNow.,foodpanda_reviews.csv,5,positive,positive,0.9997657158157334
Had a good time travelling. Thanks to Grab,grab_reviews.csv,5,positive,positive,0.9998380618616268
Imran Khan kam tha jo ab foodpanda ne bhe taxes ke nam per lottna shuru kardya hain bad app.....,foodpanda_reviews.csv,1,negative,neutral,0.974114654621875
Very helpful in many occasions,grab_reviews.csv,5,positive,positive,0.9997623366446853
No ...CEO FoodPanda F**CK!!,foodpanda_reviews.csv,1,neutral,neutral,0.7401602871272659
"Update May 23, 2022: PandaPro benefit is not working properly. Update April 2021: the app has improved. But still with limited stores to choose from. Some stores with confusing images and text descriptions. ***** Old review ***** I keep getting Invalid Checkout request. 😡",foodpanda_reviews.csv,1,negative,negative,0.9884070629000011
"Since the start of the year, the fares had been so expensive and ridiculous, where it takes 5rm before, now takes 12rm , for the same distance, whats this",grab_reviews.csv,5,negative,negative,0.9979901871372637
Wrong delivery. Delivered non veg instead of veg. Such a careless mistake.,foodpanda_reviews.csv,1,negative,negative,0.9893225049581323
worst!!! it's been 40 minutes since the time that my food was supposed to arrive and theres no way to contact anyone!!!!! disappointment,foodpanda_reviews.csv,1,negative,negative,0.9999395835144109
It's must app for who travel to Malaysia,grab_reviews.csv,5,neutral,positive,0.9583330436250518
convenience to order,foodpanda_reviews.csv,4,neutral,positive,0.6360985690940815
"Item has been picked up but my order is cancelled. Unfortunately, they cannot refund my payment. Modus ba to? Madami ng nakaka experience neto ah. Huy foodpanda anuna!?",foodpanda_reviews.csv,1,negative,negative,0.8874020768233869
terima kasih kepada driver2 grab yg sanitize kereta anda setiap kali penumpang baru. dan terima kasih kerana mengikuti SOP dengan betul.,grab_reviews.csv,5,neutral,neutral,0.99999860477687
"Day by day the app is becoming TRASH. As now you can not complain or talk live with their representative for order delay complain (They don't give you the option to chat). Their representative continuously say that we are not giving you the refund, and you are not asking for the refund you asking for the solution that they deliver you the wrong product.. Literally there service is becoming pathetic.",foodpanda_reviews.csv,1,negative,negative,0.9999918699068024
Can fp have suggestion corner for food,foodpanda_reviews.csv,4,neutral,positive,0.7002072969520604
Some discount code can't be redeem..why?,foodpanda_reviews.csv,4,neutral,neutral,0.874140305523134
Solidari bersama rider,foodpanda_reviews.csv,1,neutral,neutral,0.9654795998476449
How to add payment options without purchasing foods. The user experience is not good comparing between grab and foodpanda. Reviewing vendors and riders is also very hard. If you missed the notifications you wont be able to do it anymore,foodpanda_reviews.csv,2,negative,negative,0.9994454717406392
ongkir driver dan tax aplikasinya lebih murah 😁👍,grab_reviews.csv,5,positive,positive,0.9998770586322308
faster dlivery good job,foodpanda_reviews.csv,5,positive,positive,0.9984761465921042
Bulok di gumagana,foodpanda_reviews.csv,1,neutral,neutral,0.9821455556661972
good one for hungry ppl...,foodpanda_reviews.csv,5,positive,positive,0.983632555856433
When hungry you know who will deliver,foodpanda_reviews.csv,5,neutral,positive,0.7726165044657686
You can choose options as per you budget,foodpanda_reviews.csv,4,neutral,positive,0.8658486564924461
setiap ada update tdk bisa di hapus install ulang tdk bisa apa os 5 penyebabnya,grab_reviews.csv,3,neutral,neutral,0.9999232627333836
love using it with lots of rewards,grab_reviews.csv,5,positive,positive,0.9968073313984472
I wodered 40 takas banana lassi and the monae comes 100taka never download this,foodpanda_reviews.csv,1,neutral,negative,0.6247801954418059
Server reported an error code 16018 and im unable to install,grab_reviews.csv,1,negative,negative,0.9994912409508183
Ajayparta,foodpanda_reviews.csv,5,neutral,neutral,0.679975651732172
"Sangat membantu, semua aktivitas saya lancar, tanpa harus memiliki kendaraan pribadi..",grab_reviews.csv,5,neutral,neutral,0.99999172029699
"makasih grab, banyakin promonya ya",grab_reviews.csv,5,neutral,neutral,0.9999397325616222
Ozzy 2#wa,foodpanda_reviews.csv,5,neutral,neutral,0.43714600748461935
Walang driver na kukuha kung naka promo ka. Useless ang promo.,grab_reviews.csv,1,negative,neutral,0.9642306287192385
GRABFOOD LU NGACO COY... BENERIN....,grab_reviews.csv,5,neutral,neutral,0.9949912459806475
Wont let me log in 💀,grab_reviews.csv,1,neutral,neutral,0.5881788020364388
Cant even set a location? It jus stays at the loading screen tf?,foodpanda_reviews.csv,1,neutral,negative,0.6529762416063334
Love using this app every time I'm in a hurry to eat something.,foodpanda_reviews.csv,5,positive,positive,0.954667183468722
worst apps everrr..!!!,foodpanda_reviews.csv,1,negative,negative,0.9996836527863947
Bad app.👎👎👎👎👎👎,foodpanda_reviews.csv,1,negative,negative,0.9999956486291125
Mantaab banget drivernya. Mobilnya bersih2 gak bau rokok,grab_reviews.csv,5,neutral,neutral,0.9993772992241745
This update of the Grab App is useless! It wouldn't even let me update to this latest version. I've tried the suggestions to remedy the issue but still won't update. I've deleted almost my entire library & most of my other apps but it still wouldn't work. This sucks!,grab_reviews.csv,1,negative,negative,0.9982450158396804
banyak diskonan,grab_reviews.csv,5,neutral,neutral,0.9774072914335943
Not bad no,foodpanda_reviews.csv,3,positive,positive,0.9979230815498663
😜🤫sআলহামদুলিল্লাহ মাইকের দুইটি হর্ন এর ব্যবস্থা আল্লাহ করে দিয়েছেন । আমাদের দ্বীনি ভাই কামরুল এবং কাজিম দিয়েছে ।,foodpanda_reviews.csv,1,neutral,positive,0.5317065429511566
"So much stupid drivers, that don't have manners !",grab_reviews.csv,1,negative,negative,0.979682504534098
Masuk ke aplikasi Android sering bermasalah,grab_reviews.csv,4,neutral,neutral,0.9998707825971408
this apps so kampret and bacot,grab_reviews.csv,5,neutral,neutral,0.8480932886496736
Useful perfect,foodpanda_reviews.csv,5,positive,positive,0.9999781685710334
I do not want to see,foodpanda_reviews.csv,1,neutral,negative,0.7289261835236825
Why I cannot log in as a garb member?,grab_reviews.csv,1,neutral,neutral,0.8585746321301525
"that was a worst, I have placed order some thing else and they give some other and when I want to complain for it that not enough listen every time a new person come to chat and then he has gone that was my worst experience.",foodpanda_reviews.csv,1,negative,negative,0.9996481895541951
Trash restuaraunts dont show,foodpanda_reviews.csv,1,neutral,neutral,0.6155625597589948
the mobile confirmation is anoying...,foodpanda_reviews.csv,1,neutral,negative,0.8359486876810021
Took forever to download using data. Need WiFi to download.,grab_reviews.csv,1,neutral,neutral,0.7999245766301382
Not good in service,foodpanda_reviews.csv,1,negative,negative,0.981149648449897
TERBAEK MALAYSIAN,grab_reviews.csv,3,neutral,neutral,0.9914980443363185
"Map view is worse off,.",grab_reviews.csv,1,negative,negative,0.9703803354522158
costumer service tidak membantu! Jelek banget aplikasi nya juga bobrok! Baru kali ini ngerating aplikasi di playstor bintang 1 sejelek itu pelayanannya sangat merugikan di email dan di chat pun jawaban tidak memberikan solusi di minta jawaban lain jawaban nya sama terus semacam copy paste / sistem,grab_reviews.csv,1,neutral,neutral,0.9999996670977666
Thanks yaa,grab_reviews.csv,5,positive,positive,0.6193319509963495
lumayan bagus,grab_reviews.csv,5,positive,neutral,0.99585774886782
"Awesome discounts, good to save some money...Recommended app fr all foodies..",foodpanda_reviews.csv,5,positive,positive,0.9998495360766343
"Filter pembatalannya bodoh sekali. Terutama untuk user prioritas, kalo driver ga mau, mereka cenderung matiin hp, kalo kita cancel, kita kena filter. Mikir lah",grab_reviews.csv,2,negative,neutral,0.9999943165131318
we can do it at the end of the day I was in the shower and then I'll be home to get my stuff together thanks again! thanks again! thanks again! thanks again! I will be there at,foodpanda_reviews.csv,1,positive,positive,0.7614473137560286
cant use ovo for food payment,grab_reviews.csv,1,neutral,neutral,0.8307429610747875
Bekaar foodpanda app,foodpanda_reviews.csv,5,neutral,negative,0.5473962032272207
Kudos to all your polite and kind drivers! Keep it up!,grab_reviews.csv,5,positive,positive,0.9994953223146658
Worst app ever!,grab_reviews.csv,5,negative,negative,0.9997918724705224
Worst app ever. Can't even login after update.,foodpanda_reviews.csv,1,negative,negative,0.9763588386994094
keep on saying verify when i want to book,grab_reviews.csv,1,neutral,negative,0.9053982635591815
Better then uber,grab_reviews.csv,5,positive,positive,0.8961178070781658
Napakaganda ng image ng grab at napakaganda pakinggan pag sinabing grab ok yan kaya lng sa kabila ng magandang image ay Sinisira ng bulok na sisitema ang grab d2 sa PILIPINAS grabe kayo mag pahirap sa tao konti na lng mistula na rin kayong buwaya hindi malabo na susunod na taon tawagin din ang grab na legal na MAGNANAKAW ng lipunan o Legitimate na LAPUK kung irereklamo nyo aq dahil d2 harapin nyo aq at alamin mismo sakin ang dahilan para ipamuka sa inyo kung gaano na kayo ka'dupang mga kasakim,grab_reviews.csv,1,positive,neutral,0.9999872804299974
Beautiful experience with Grab. Very honest driver. Thank you very much 💯,grab_reviews.csv,5,positive,positive,0.9995962206493086
tak boleh berurusan dalam bahasa melayu? 1 star,foodpanda_reviews.csv,1,neutral,neutral,0.9979361419444855
I only installed this because they accept cards for payment. I wasn't expecting to encounter a big problem when I tried to use this app again. The address is correct but pinned at a wrong location. I cant change the pin no matter how many times I've updated the address. I informed the driver where to go because of the wrong pin but he failed to read the message right away. Now the 25 min order turned to an hour and I still dont have my order. I eventually received my order and tried this app.,foodpanda_reviews.csv,4,negative,negative,0.9998905459721927
I used to like foodpanda but delivery service lately is worst. As well as the customer service. Edit: dec 9 Palala kayo ng palala,foodpanda_reviews.csv,1,negative,negative,0.9288851276282246
Fast respond and good kind,grab_reviews.csv,5,positive,positive,0.9994280410939687
a perfect app for me 😊,foodpanda_reviews.csv,5,positive,positive,0.999999972314129
Im happy with the service😊,grab_reviews.csv,5,positive,positive,0.9999999821511808
"A lot's of issue with the delivery rider's. They wont deliver it on time and not door to door👎👎👎👎👎 every time i ordered at this app, this happens!",foodpanda_reviews.csv,1,negative,negative,0.9983555874618224
Never able to pinpoint location correctly and I dislike that I can't even input my address... keeps getting error.,foodpanda_reviews.csv,1,negative,negative,0.9976425831330579
"I love grab every time I book ,I feel safe going anywhere and going back home",grab_reviews.csv,5,positive,positive,0.9973176632067584
ไม่ให้กดflash แล้วขึ้นมาทำไมล่ะ,grab_reviews.csv,1,neutral,neutral,0.3568322588234638
Superlate to send confirmation code,grab_reviews.csv,1,neutral,neutral,0.48985962757464085
me platinum user,grab_reviews.csv,5,neutral,neutral,0.43457405195481935
Vouchers to dedia kro,foodpanda_reviews.csv,5,neutral,neutral,0.6921063455830958
The app is user friendly and they have good service reach across Dhaka. Definitely better than the other food delivery services in Bangladesh. Just keep adapting to the market needs and keep improving!,foodpanda_reviews.csv,5,positive,positive,0.9998991294861264
Good for get food..,foodpanda_reviews.csv,5,positive,positive,0.9825908314702106
The apps crash...,foodpanda_reviews.csv,1,neutral,negative,0.5863150482735278
Requires a link to see the order that I have placed already...,foodpanda_reviews.csv,4,neutral,negative,0.8229102381699183
Best app ever 👌 love it 😀 ❤ 😍 👏,foodpanda_reviews.csv,5,positive,positive,0.9999999976451619
Goos jop,foodpanda_reviews.csv,5,neutral,positive,0.5073975654910453
Cash on delivery Waly restaurant km h,foodpanda_reviews.csv,5,neutral,neutral,0.4208964396966185
"Luarbiasa, sangat membantu ketika lapar dan cuaca tidak mendukung untuk keluar rumah. Thanks foodpanda",foodpanda_reviews.csv,5,positive,neutral,0.999683504632619
Convenient but needs to adjust fare rates.,grab_reviews.csv,4,neutral,neutral,0.4375103532315812
awesome app great service,foodpanda_reviews.csv,5,positive,positive,0.9999977487482329
practical & user friendly,grab_reviews.csv,5,positive,positive,0.9986071463175452
Good service & fast service I love Grab,grab_reviews.csv,5,positive,positive,0.9999962136441869
Too long a waiting time even for their JustGrab platform. Not even helpful for people who are rushing for time. The long waiting time is getting from bad to worse with as long as 15 to 25mins waiting time for the driver to arrive on JustGrab platform,grab_reviews.csv,1,negative,negative,0.9980949174881478
please check ..my account because i use to loan documents but grab said my account is disable,grab_reviews.csv,1,neutral,negative,0.7974927522835393
Chotiyape ka app hai,foodpanda_reviews.csv,5,neutral,neutral,0.9398552834788033
"Harap app Grab, MB nya lebih diperkecil",grab_reviews.csv,5,neutral,neutral,0.9974907116977135
Good app but restaurants deliver to much bad quality things,foodpanda_reviews.csv,1,negative,negative,0.9707343490731012
very helpful apps👍👍,grab_reviews.csv,5,positive,positive,0.9999996096219002
Lacks cars considering Uber left Philippines,grab_reviews.csv,1,neutral,positive,0.5659440321895154
"Your foodpanda app is not working I already installed and uninstalled it multiple times , i don't know if its only on our area or in other areas too.",foodpanda_reviews.csv,1,negative,negative,0.9985854714884315
"Very helpfull, easy to use dan byk bgt diskon nya.. Thanks grab.. Hrs lbh byk diskon ya hehehe",grab_reviews.csv,5,positive,positive,0.9903134657815517
Bad service or coverage issue in multan district. Even in city area no coverage... Only 3 restaurants available on app,foodpanda_reviews.csv,1,negative,negative,0.9522325516058314
"Great service. The stores I've ordered from always comes in time and friendly too, deserves praise. One suggestion: menus should include pictures so customers will have a general idea of what they are getting.",foodpanda_reviews.csv,4,positive,positive,0.7234803801506597
"Tbh, it's just creepiness, rates are almost double than actual rates.. that's why am givin 1 star. And it always delivers wrong",foodpanda_reviews.csv,1,negative,negative,0.9574111610141728
Cook and taste,foodpanda_reviews.csv,5,neutral,positive,0.4622533146457186
"macam anjing harga makin naek,ingat gji kat owg kat malaysia ne semua yerr 10juta kew anjing,,,",grab_reviews.csv,1,neutral,neutral,0.9999105740239341
So easy to get good food without having to leave the house. A lot more options than I expected.,foodpanda_reviews.csv,5,positive,positive,0.9998335738173042
Sistem yang salah jalur titiknya malah dibalcklist.... perbaiki dulu sistemnya jangan langsung asal blacklist,grab_reviews.csv,3,neutral,neutral,0.9999864412750884
My experience is really good 👍,foodpanda_reviews.csv,5,positive,positive,0.999837374552133
Ketika mau klik order malah gabisa . Hadeh,grab_reviews.csv,2,neutral,neutral,0.9999101267048838
Perfect app for bachelor's,foodpanda_reviews.csv,4,positive,positive,0.9999311036787537
Super easy to use and frindly gui,foodpanda_reviews.csv,5,positive,positive,0.9999984713024507
"Am giving Grab 5 stars for being an unreliable service provider. Drivers continue to cancel confirmed rides (a persistent trait). You wait for more then 5 minutes for the confirned ride and then the driver cancels the order. When you need it most, Grab will surely fail you. Service needs to be relabelled as ""Grab To Get Abandoned"" ride app. A successful app, helps to reinforce the meaning of ""unreliable"" :-)",grab_reviews.csv,5,positive,negative,0.8682229521280277
stupid app..keep asking me unit number,grab_reviews.csv,1,negative,negative,0.9927726063489204
Too much irritating ads,foodpanda_reviews.csv,1,negative,negative,0.9959385803284635
It really is a stupid app developed by stupid people.... Every time when i use YouTube or Facebook it ads hits again and again,foodpanda_reviews.csv,1,negative,negative,0.9979339112188377
Ngebantu bgt yah,grab_reviews.csv,5,neutral,neutral,0.9713173372711743
okeh..membantu sekali...memuaskan,grab_reviews.csv,5,neutral,neutral,0.9999399918240688
X pndi ckp bm,foodpanda_reviews.csv,1,neutral,neutral,0.5601567916809826
So easy to order the food.,foodpanda_reviews.csv,5,positive,positive,0.9998823466963079
"Madarchoti marka app, kisu kisu resturante baje khabar dey",foodpanda_reviews.csv,5,neutral,neutral,0.9393237989947921
Sometimes frustrating,foodpanda_reviews.csv,4,negative,negative,0.9949122297971699
Bad foolpanda 👎,foodpanda_reviews.csv,1,negative,negative,0.9979748772482044
"Taxi arrives immediately, clean taxi and driver very careful",grab_reviews.csv,5,positive,positive,0.9589459077474657
"assalamualaikum, saya taktahu kenapa sebelum ni boleh cash tapi sekarang dah tak boleh guna cash untuk grabfood 😭😭😭",grab_reviews.csv,2,negative,neutral,0.6003651946978692
I ordered 2items. One item is out of stock. Then i cancel my order. but still received 1 item.,foodpanda_reviews.csv,2,neutral,negative,0.9882736985837755
so nice and giod service,grab_reviews.csv,5,positive,positive,0.9998872255052481
"This app is useless, literally! After installing this and detecting my current location, it says ""We have moved to our own app.."".. ""Download it now"". Then what is the purpose of this stupid app that I unnecessarily installed?",foodpanda_reviews.csv,1,negative,negative,0.9998480768336205
good Ang fast,grab_reviews.csv,5,positive,positive,0.9980425089741757
Everything was great.,grab_reviews.csv,5,positive,positive,0.9932496302820939
"I make order using foodpanda apps and i waited for 1 hour ++ but didnt receive my food. When i ask the customer service, they told me the food i order is not from foodpanda rider. If the food not delivery by foodpanda rider,why appear in app.",foodpanda_reviews.csv,1,neutral,negative,0.9976598387239943
Useless apps. Cant select payment method and show error.,foodpanda_reviews.csv,1,negative,negative,0.9934383556606569
why I cant have non ice drink and can't even add extra rice or some thing elseand another problem there restaurant near by but in app restaurants far away what is this app worse ever...????,foodpanda_reviews.csv,1,negative,negative,0.9771777645317078
pelayanan nya sangat baik,grab_reviews.csv,5,neutral,neutral,0.9969701337279544
"Worst app ever. u can't cancel ur order, if u have paid online through debit card. They lie that they have returned ur money",foodpanda_reviews.csv,1,negative,negative,0.9999278729192016
its app is good,foodpanda_reviews.csv,5,positive,positive,0.9874616594317308
"Lumayan. Jika anda berada di Kota Bandung, jangan kaget kalo drivernya minta di batalin pesanan anda.",grab_reviews.csv,4,neutral,neutral,0.9999995119333872
It is the easiest and comfortable way to order food,foodpanda_reviews.csv,5,positive,positive,0.9999731314301067
promonya gileeee,grab_reviews.csv,5,neutral,neutral,0.9878658045770184
Wonderful and I love the app. Helps me save a lot!,foodpanda_reviews.csv,5,positive,positive,0.9999989248334582
Order has been cancelled but money doesn't refund,foodpanda_reviews.csv,3,neutral,negative,0.9840052832356615
"Bad service. I provided my phone number for the driver to be able to contact me but didn't call me, not even once. I waited for the him outside for so long but haven't heard from him. How am I supposed to know if they really received my order or not if they don't inform me. So disappointed!",foodpanda_reviews.csv,1,negative,negative,0.9998630126373479
Nice and clear,grab_reviews.csv,5,positive,positive,0.9997467938790899
Foodpanda is very usfel and good app and I love Foodpanda and I rate 5 stars,foodpanda_reviews.csv,5,positive,positive,0.9998145055444837
Veery Nice app good delivery,foodpanda_reviews.csv,5,positive,positive,0.9999844578942305
i hate this app.. their service is very slow and they canceled every singles deal which i ordered,foodpanda_reviews.csv,1,negative,negative,0.9998948842892244
poor service. i put the correct address but their rider bring my foods to other places because of thier very poor gpspin.... and they never refund order!!!! horibble apps,foodpanda_reviews.csv,1,negative,negative,0.999748973511254
Very helpful when im hungry and lazy to cook😘😂,foodpanda_reviews.csv,5,positive,positive,0.9999999882654151
Na acha hai na bura bs Sahi hai,foodpanda_reviews.csv,1,neutral,neutral,0.9879949120159609
"Very Worst Service. We ordered our food & and waited for 2 f**king hour's, and then contact the customer service after loosing our patience. They are simply saying ""Sorry"". This is second time. Hereafter I never ever use this service. I request everyone not to use this service.",foodpanda_reviews.csv,1,negative,negative,0.999979989740501
"horrible app, couldn't even get the restaurant we want, even they are on supported list for exp. i couldn't even find ikea food or hai di lao on it when both are listed as supported by u!!! ridiculous",foodpanda_reviews.csv,1,negative,negative,0.9997578020290738
Laughable how I cannot change a route once I get on the ride. Says give my driver a heads up and all and then just says I cannot change route. Also infuriating so many empty bikes pass and my ride is 10 mins away. What do you do with all that money softbank gave you? Still a worse service than uber by a mile.,grab_reviews.csv,1,negative,negative,0.9760958935882611
I got suspended again i got log out for unknown reason then when i log in again it say suspended.,grab_reviews.csv,1,negative,negative,0.9925962589123474
Pertahankan subcription nya yaa..!!!,grab_reviews.csv,5,neutral,neutral,0.9911288459377111
Great way to get fresh and hot food.,foodpanda_reviews.csv,5,positive,positive,0.9998177558566824
Cannot find the location and destination. Doesn't work! Uninstall!,grab_reviews.csv,1,negative,negative,0.9517003012496215
FoodPanda making life beautiful,foodpanda_reviews.csv,5,positive,positive,0.9582738708130158
"plz give food photo option.....coz it is more problem for us to select food, without saw food photo..plz give photo option...HAPPY FOODING!",foodpanda_reviews.csv,1,positive,positive,0.9128094622294298
"So far, it helps me a lot",grab_reviews.csv,5,positive,positive,0.9999642492642771
Very excellent idea,foodpanda_reviews.csv,5,positive,positive,0.9999468291375805
Worst experience by visiting for the first time. So much interruption.,foodpanda_reviews.csv,1,negative,negative,0.9781197578577174
Very stupid app....I can see the resteurent is open but here its cloz!!! Wat da @৳##??,foodpanda_reviews.csv,1,neutral,negative,0.9641090684778492
Nice and suitable,foodpanda_reviews.csv,5,positive,positive,0.9998167865372051
It's good but the search function is Abit frustrating to use.,foodpanda_reviews.csv,4,negative,negative,0.974051691261086
Excellent services of cab and food deliveries And all the cab drivers are good and helpful to the non- localities,grab_reviews.csv,5,positive,positive,0.999976111785801
how i can tracking airwaybill grabparcel/express??,grab_reviews.csv,1,neutral,neutral,0.4690075688396667
eeasy to use,foodpanda_reviews.csv,5,neutral,positive,0.9773989237386981
Riders are nk,foodpanda_reviews.csv,1,neutral,neutral,0.4139390047904958
I hate it now specially that they just added delivery fee which is very expensive,foodpanda_reviews.csv,1,negative,negative,0.9949881181695173
does not run in our choice of wifi connection,foodpanda_reviews.csv,1,neutral,neutral,0.5270137332125832
Saya sangat terbantu dengan grab..,grab_reviews.csv,5,neutral,neutral,0.9963698737834834
Good thes app,grab_reviews.csv,5,positive,positive,0.979050547771463
"Lousy. Their pin on map method is so bad. What if a person ordering for another person and only have address. Rider just depend on pin even full address already given, even been notified to not take order if dont know address. Twice my order was cancelled and give heartache. Uninstalling.",foodpanda_reviews.csv,1,negative,negative,0.9999258020288476
i thik its better then darazz,foodpanda_reviews.csv,5,positive,positive,0.6594156623544427
unanle to start app and keeps getting hang.,grab_reviews.csv,2,neutral,negative,0.5492866122585442
Very satisfied ordering here! Thumbs up 👍👍👍,foodpanda_reviews.csv,5,positive,positive,0.9999981935545437
GPS location sucks. Keeps delivering to wrong place when I don't notice. Keeps diverting to old location.,grab_reviews.csv,1,negative,negative,0.9982786603194062
They serve rotten food.i ordered 6pcs but they gave me 4pcs on top of that it's taste is pathetic🤮,foodpanda_reviews.csv,1,negative,negative,0.9999445546871923
"sangat membantu baik waktu, biaya dan kecepatan pelayanan",grab_reviews.csv,5,neutral,neutral,0.9999749161241227
"praktis, dan kompetitif",grab_reviews.csv,5,neutral,neutral,0.9987265982485874
"When I just arrived in Makassar and try this grab i used this app, this app is very helpful",grab_reviews.csv,5,positive,positive,0.989917973629409
Its verry good GRAB,grab_reviews.csv,5,positive,positive,0.9974883491051346
Easy for peole to go anywhere,grab_reviews.csv,4,positive,positive,0.9997271020540484
Great service at all,foodpanda_reviews.csv,5,positive,positive,0.9971871851054072
You guys cancelled my orders 2 3 times on the last moment after waiting 1.5 hours for it... You guys are just pathetic.... Worst experience .. Even at this moment m waiting for my order since 1.5 hours ...,foodpanda_reviews.csv,1,negative,negative,0.9985431158318031
Delivery on time... Amazing app for foodie people.. 👍♥️,foodpanda_reviews.csv,5,positive,positive,0.9999934740289468
ge ge ge,foodpanda_reviews.csv,5,neutral,negative,0.34501830846057585
u basted raskle stop sharing ads stupid nonsense,foodpanda_reviews.csv,1,negative,negative,0.9944247959122589
Best Food delivery ☺️,grab_reviews.csv,5,positive,positive,0.999999875645394
Payment decline dengan OVO padahal saldo masih ada,grab_reviews.csv,1,neutral,neutral,0.9999866653488608
"Just a decent app nothing special. Considering that its ""FoodPanda!"" However, trust me. Foodpanda should really deem about to allow users to put Reatuarants in Favourite list.",foodpanda_reviews.csv,3,positive,positive,0.4361973256082768
Sangat membantu dperjalanan,grab_reviews.csv,5,neutral,neutral,0.9989816967012396
Managed to book a taxi on a rainy Sunday morning after a few tries. Good thing abt this app is you dun hv to wait 10 mins to rebook.,grab_reviews.csv,5,positive,negative,0.8078927030702677
App not working when update your information,foodpanda_reviews.csv,1,negative,negative,0.9989399089783058
APP JAM. TERRIBLE APP,foodpanda_reviews.csv,1,negative,negative,0.9984556401530145
Very poor service 3rd class rider in this way Very shameful Fakir log raky hain na oder pora dety hain na pesy wapis karty hain verry bad,foodpanda_reviews.csv,1,negative,negative,0.9189259629599038
grobfood cannot use cash..start tu dah jarg guna.kalau terus mcm ni byebyelah Grab,grab_reviews.csv,1,neutral,neutral,0.9932933185388662
Good but buggy sometime,foodpanda_reviews.csv,4,neutral,neutral,0.5705483605593427
"Slow delivery times. Cold food. Bad customer service. Poor English. And lies! If you say you will email me in 24 hours, you should do it.",foodpanda_reviews.csv,1,negative,negative,0.9998057967513455
Poor service. Pathetic app.,foodpanda_reviews.csv,1,negative,negative,0.9999950345579619
Affordable price and good services,grab_reviews.csv,3,positive,positive,0.9991384639321877
It's very helpful and bring you closer to many restaurants at your fingertips.,foodpanda_reviews.csv,5,positive,positive,0.9989158292140865
This app is so good through app we easily buy food,foodpanda_reviews.csv,5,positive,positive,0.9978153719694923
to expensevi,foodpanda_reviews.csv,1,neutral,negative,0.5574426597807566
This app is really bad.Too many error and waste of my time.Useless app,foodpanda_reviews.csv,1,negative,negative,0.999993456550065
Not customer oriented very bad app very unplease and displease,grab_reviews.csv,1,negative,negative,0.9853725634023549
erm memang terbaikk,foodpanda_reviews.csv,4,neutral,neutral,0.8111639476433979
"for grab car, the price is very cheap, easy to use.. love this , keep it up, grabcar , and i would like to give 5 stars, if grabcar can choose type of car..",grab_reviews.csv,4,positive,positive,0.9996423479413774
existing,grab_reviews.csv,5,neutral,negative,0.5310057453881197
aplikasinya memudahkan,grab_reviews.csv,5,neutral,neutral,0.9989656564443449
Awesome good service! Love it😄,foodpanda_reviews.csv,5,positive,positive,0.9999999999347153
not good ui,foodpanda_reviews.csv,1,negative,negative,0.9905711367786265
All good app,grab_reviews.csv,5,positive,positive,0.9970780110244697
Need to work on,foodpanda_reviews.csv,5,neutral,neutral,0.44190411492665616
"Hands down the most pathetic service from ANY company EVER! Most of my orders are delayed and on my last order, they cancelled half of it and delivered the other half. Pathetic incompetent idiots!",foodpanda_reviews.csv,1,negative,negative,0.999993301214898
Very accurate location I love it!,grab_reviews.csv,5,positive,positive,0.9968935614103995
Low quality 👎🏿,foodpanda_reviews.csv,1,negative,negative,0.9932508499803346
"Poor services , no consumer protection , you place order then it's upto them when they deliver there is no time limit and you can't even cancel order even if they take double the time they initially gave u before you ordered.in Pakistan foodpanda management is fraud.",foodpanda_reviews.csv,2,negative,negative,0.9998972653980519
I wanted to go to hospital so I opened grab application and they asked to update and it took a lion share of my time before I booked. USELESS What a stupid app,grab_reviews.csv,1,negative,negative,0.9989482828038558
It so easy to use and fast,foodpanda_reviews.csv,5,positive,positive,0.9999998312831622
Ordered a food almost 2hrs they did not deliver the food and also money got deducted if I try to call food panda nobody is picking the call and more over in the app because of late delivery our team will contact me they showed like that but no one contacted me...worst service don't use this app it's seriously waste of time,foodpanda_reviews.csv,1,negative,negative,0.9999925783362755
Useless promotion code.,grab_reviews.csv,1,negative,negative,0.8573470206811096
Easy access.,grab_reviews.csv,5,positive,positive,0.998378601493281
Sometimes the pin change khit d mo nmn bingo,foodpanda_reviews.csv,3,neutral,neutral,0.8502663057361604
semoga diskonnya semakin besar,grab_reviews.csv,5,neutral,neutral,0.9997208999548705
Awesome unique app very good!!,foodpanda_reviews.csv,5,positive,positive,0.9998875479217698
It's loading all the time...Not at all working :(,foodpanda_reviews.csv,1,neutral,negative,0.6926961066466448
"Reliable! Price is very competitive too! So convenient, arriving at your doorstep! Great job Grab!!",grab_reviews.csv,5,positive,positive,0.9942335221143674
Nycy app,foodpanda_reviews.csv,5,neutral,positive,0.3862239526977158
bastardrina grabpay,grab_reviews.csv,1,neutral,neutral,0.6230689853707289
This app is so bad service,foodpanda_reviews.csv,1,negative,negative,0.9988322260143989
Customer service is full of lies. Full of fixed response and doesnt even help you properly. Tried giving the app multiple chances yet the customer service is not improving. Will probably not use this app anymore. There are better ways to order food delivery and this app is the worst.,foodpanda_reviews.csv,1,negative,negative,0.9984928324870459
အဆင်ပြေပါတယ် အားပေးပါ့မယ် Food panda နှစ်ပေါင်းများစွာ တည်တန့်ပါစေ,foodpanda_reviews.csv,5,neutral,positive,0.6170156247908724
"So far, so good!",grab_reviews.csv,5,positive,positive,0.9999634454739973
Great I am too inspired from this services!!,foodpanda_reviews.csv,4,positive,positive,0.716425861869223
"Kali grab food sering lama sekarang, padahal.udah milih oengiriman standar. Masa nunggu makanan sampai lewat 30 menit dr estimasi. Otw uninstall",grab_reviews.csv,3,neutral,neutral,0.9999995066319878
I order almost everyday since i started using this app. Its very user friendly.,foodpanda_reviews.csv,5,positive,positive,0.9975597011993916
"Does not let you unlink your card. This is scary and feels unsafe. Even if you try to, you will encounter ""an error"" which doesn't explain why they can't unlink your card.",foodpanda_reviews.csv,1,negative,negative,0.9986124684859816
It's just love &lt;3,foodpanda_reviews.csv,5,positive,positive,0.9850347779965821
It's is easy to use,grab_reviews.csv,5,positive,positive,0.9999479334417111
Great app..easy and comprehensive,grab_reviews.csv,5,positive,positive,0.9999787243372334
Wait for 2 huor for food to arrive,foodpanda_reviews.csv,1,neutral,negative,0.8526650935271894
Don't have time to think,foodpanda_reviews.csv,5,neutral,positive,0.6196515228668942
add more pro driver with good manner pls :),grab_reviews.csv,3,positive,positive,0.9990804968481903
servis makin teruk lepas 12 julai,grab_reviews.csv,1,negative,negative,0.9029650299445563
always the best,grab_reviews.csv,5,positive,positive,0.9998867059647547
"so far its good but some of taxi drivers are not following the exact rate that is in the application when you book at them. they charge you with extra almost double as the original fare and i use grabpay to avail load twice, its been credited to my account but i did not receive the load.",grab_reviews.csv,3,neutral,negative,0.939943232928184
Convenience and solve all the travel need. really amazing apps.,grab_reviews.csv,5,positive,positive,0.9981084860568472
gusto ko lang lagyan ng 1 star kasi ikaw lang ang star ng buhay ko,foodpanda_reviews.csv,1,neutral,neutral,0.9959488430968139
"It's so efficient, makes people lives easier especially during the pandemic. Although, I wish the range of distance would be bigger so that we'd get more choices to pick and add more supermarkets in the list.",grab_reviews.csv,4,positive,positive,0.9994932852471647
Bht hi bakwas app h phely order delay krte h phr khete h riderse bat krle or inka rider b reply nhi krta phr order cancel krdete h 2 ghante k bad sara time zaya,foodpanda_reviews.csv,1,negative,negative,0.5319099172315234
"Total waste of time, navigation is not working properly",foodpanda_reviews.csv,1,negative,negative,0.9999974745433549
It always says it's busy all the time and almost every restaurant keeps showing unavailable. Disappointing service.,foodpanda_reviews.csv,1,negative,negative,0.985636343665066
Ampanget ng app na to pramis,foodpanda_reviews.csv,1,neutral,neutral,0.9661306984088824
Nice service and convenient app for me..,foodpanda_reviews.csv,5,positive,positive,0.9787305531389562
Happy to use this app,grab_reviews.csv,5,positive,positive,0.9992425022869875
Helpful and friendly driver. Highly recommended.,grab_reviews.csv,5,positive,positive,0.9999988536562687
Very nice ... kindness,grab_reviews.csv,5,positive,positive,0.9998095098350174
I love this apps. Always deliver on time,foodpanda_reviews.csv,5,positive,positive,0.9903179029200184
"No hassle, no more time extending in filling the details",foodpanda_reviews.csv,5,negative,negative,0.6321910498663005
sumpah ya ini aplikasi ngelag mulu. jadi susah ngehubungi drivernya,grab_reviews.csv,2,neutral,neutral,0.9999653871585049
Booking taxi has never been this easy. Kudos guys... taxi company should learn.,grab_reviews.csv,5,positive,positive,0.690385822651517
Aplikasi yang must have,grab_reviews.csv,5,neutral,neutral,0.9750208971960095
Grab sekarang ga seru...gda promo wlw pakai ovo.,grab_reviews.csv,1,neutral,neutral,0.9999340412399872
The current update broke the app. The location system is not working. Manual location are not working. orders are being taken. Worst update ever. Why update something to just to break it.,foodpanda_reviews.csv,1,negative,negative,0.99956104948213
Very helpful esp with wfh moms like me. Highly recommended,foodpanda_reviews.csv,5,positive,positive,0.9999678183972758
"Grab boleh minta tolong tidak ya. Ini bukan masalah uangnya. Tapi integritas dan profesionalisme kerja. Grabfood belum sampai sudah di finish, ovo sy terpotong. Terima kasih utk perhatiannya",grab_reviews.csv,1,neutral,neutral,0.9999992969710461
I always enjoy my ride,grab_reviews.csv,5,positive,positive,0.9972975484477842
Unfair labor practices.,foodpanda_reviews.csv,1,negative,negative,0.9997158357614959
"The app works very well but the Grab service has a bad flaw, the drivers accept the ride but don't show up and don't cancel it either. So when we costumers cancel we get ""punished"" by being delayed considerably long each time we other a grab. Really unfair for us the users.",grab_reviews.csv,1,negative,negative,0.9992076367152137
Stupid service! Bad delivery guy! Asked him to send up to my house still angry! Freaking bad service!,foodpanda_reviews.csv,1,negative,negative,0.9999896231133316
"Drivers usually cancel with either no reason or lame excuses. If it's a Share, drivers wait for another passenger before going to your location.",grab_reviews.csv,5,negative,negative,0.9965730616421403
"Pathetic customer service. Restaurant can not fullfill the order. Thats ok, they can cancel the order and issue a refund. But, no, i have to talk to their stupid customer service 5 times to get my money back, unnecessary waste of time for a small amount for something that could be automated. You morons have no right to be in tech space. Also, you cheaters display fake offers and waste our time further.",foodpanda_reviews.csv,1,negative,negative,0.9999999038900615
Really enjoyed it and i got it fast,grab_reviews.csv,4,positive,positive,0.9967240076883306
Murah aman terpercaya👍,grab_reviews.csv,5,positive,neutral,0.8683017815337054
Limited area to deliver. I contacted there Customer service once because a rider didn't follow instruction and I was not able to eat my food. They didn't even fix it. The agent have no professionalism called me dear and was being sarcastic. I worked in a BPO before so it was rude for an agent acting like that towards a customer. I didn't get a refund.,foodpanda_reviews.csv,1,negative,negative,0.9999640591880765
"Dependable, fast delivery, good service, etc",foodpanda_reviews.csv,5,positive,positive,0.9999416687016222
App is alright but literally keeps telling me to update every few days...i am annoyed by it,foodpanda_reviews.csv,3,negative,negative,0.9773446858525849
Yes it was cool,foodpanda_reviews.csv,5,positive,positive,0.9916992029669224
why must linked to facebook??! no any other options????complicated app,grab_reviews.csv,1,negative,negative,0.9112081658428918
It takes alot of time to deliver food which makes it soggy😠😠👎,foodpanda_reviews.csv,1,negative,negative,0.9995020074466368
Why grab can't give point 😒 Kenapa sekarang grab tak kasih point 😒,grab_reviews.csv,1,neutral,neutral,0.9978488926072003
It delivers really fast on time. The riders are respectful towards customer.,foodpanda_reviews.csv,5,positive,positive,0.9482706396033376
good apps.. 👍👍👍,foodpanda_reviews.csv,5,positive,positive,0.999997426021993
Ok ok ha yar jo bi ha,grab_reviews.csv,5,positive,positive,0.8550273061454313
"Foodpanda help centre is the worst! They don't offer me solutions, closed the chat without any reason. I paid for the service yet got the worst service from you!",foodpanda_reviews.csv,1,negative,negative,0.9998580671734159
Grab car Drivernya pilah pilih pnumpang,grab_reviews.csv,1,neutral,neutral,0.9976111272152498
goooddddd is the best,grab_reviews.csv,5,positive,positive,0.9999888817732248
Sometimes some restaurants really cheating with the foods... I hate that,foodpanda_reviews.csv,4,negative,negative,0.9666415914881367
Always need to update when opening app,foodpanda_reviews.csv,2,neutral,neutral,0.6413985724294287
Nice app affordable delivery fee,foodpanda_reviews.csv,5,positive,positive,0.9942610780714599
sangat membantu ktika ku malas keluar👍💟,foodpanda_reviews.csv,5,positive,neutral,0.9944858676606683
In earlier that was good. But it add additional exp. & deccrease other facility. Very poor service.,foodpanda_reviews.csv,1,negative,negative,0.9852813233902185
Had ordered for food through the app but it did not get delivered even in two hours. When i went and enquired directly to restaurant i was told the order was not booked... Pathetic...even i tried calling customer care but no response either.. As requested by u please find the Order ID n0ki-o4xz,foodpanda_reviews.csv,1,neutral,negative,0.9996978838658906
Fees are too high for both Vendors and Buyers. Unfair treatment to vendors and riders! GPS location is also bad.,foodpanda_reviews.csv,1,negative,negative,0.9998674023556344
"If can I will give 0 star, because the last time I order KFC, but he wait me at another place, he said he was out side of my house, but I didn't saw him in front of my house...",foodpanda_reviews.csv,1,neutral,negative,0.966075138100954
Vai mollahat এ এই ফুড পান্ডা নাই তবু ও এড দেয় কি করবো app ডাউনলোড করে 😞😡😡প্লিজ give food panda on mollahat,foodpanda_reviews.csv,1,negative,negative,0.9997464802767843
"Please stop messaging random bs to me, I really sick of this. STOP please!!!",foodpanda_reviews.csv,2,negative,negative,0.9784267600573873
I cant download this app anymore can you fix this. Im using Redmi 6A,grab_reviews.csv,1,neutral,neutral,0.49868639270439813
Fast and convinient. Kudos to all drivers ❤,foodpanda_reviews.csv,5,positive,positive,0.9999786005940673
"Kenapa ya grab saya gabisa load booking ?? Harga udah keluar, tujuan sudah ada. Tapi saat saya load untuk booking, gagal terus. ""Failed to load booking""",grab_reviews.csv,2,negative,neutral,0.9999167090785026
I never get any voucher.thats the worst thing about this app.,foodpanda_reviews.csv,5,negative,negative,0.9953238675456582
Grab is no hassle like the Taxis. It is the way to travel around Manila! love it!,grab_reviews.csv,5,positive,positive,0.9992399433889987
sy nk login x bole,grab_reviews.csv,1,neutral,neutral,0.9720659634655422
The app is not usefull when i have issue on my order because theres missing i can't send a peicture so dessapointing.,foodpanda_reviews.csv,1,negative,negative,0.9982297959559412
"something wrong with this a} p, when i got message pin number to approve install this app, and suddenly page to insert that number disappear this grab waze/ maps need to be update, this is delivery service , but maps not correctly",grab_reviews.csv,1,neutral,negative,0.9598933017685539
Very sexy app,foodpanda_reviews.csv,5,positive,positive,0.6853488504875266
"Why are you constantly needing to be updated??? Every time I open the app (which is every single day), I am prompted for updating. It is getting annoying.",foodpanda_reviews.csv,1,negative,negative,0.9968874860383191
"Easy to use, cheap and fast deliveries!",grab_reviews.csv,5,positive,positive,0.9999911889361435
Poor design: no option to cancel or revise order.,foodpanda_reviews.csv,1,negative,negative,0.9998106674022369
It is easy to travel anywhere and it is cheaper then taxi,grab_reviews.csv,5,positive,positive,0.999932802501935
Rj Arun super app,foodpanda_reviews.csv,4,positive,positive,0.970147826979244
Horrible drivers. Lack of information/poor communication with grab drivers that they seem confused about where they are going. Some drivers beggs to me to cancel my booking since they dont want to work late. Uber from now on!!,grab_reviews.csv,1,negative,negative,0.9999269222211414
Dulu ini aplikasi yg bagus sejarang sudah menjadi kurang bagus dan mahal sekali di saat ujan dan sering error mapnya kurang akurat juga,grab_reviews.csv,3,positive,neutral,0.9999989255812042
very useful...love it,grab_reviews.csv,5,positive,positive,0.9999993311786247
Good app but not excellent,foodpanda_reviews.csv,4,negative,positive,0.9454414261533187
Good Bangeeeettttt,grab_reviews.csv,5,positive,positive,0.9754343058681082
Arrival time.....perfect,grab_reviews.csv,5,positive,positive,0.9508842854424949
Just the worst. the delay is horrible,foodpanda_reviews.csv,1,negative,negative,0.9999821884254836
Only Good with voucher Very high delivery charges For any problem we can't contact with food panda help center There is no visible help center bottun before after placing order They gave to only New Users not old If you have many phone you need to create new to use the voucher Or you need have credit card or online payment to use vouchers I am not satisfied with food panda They don't care of there old users or riders Food Panda Only Looking Good In Ads,foodpanda_reviews.csv,1,positive,negative,0.9996690615715716
the app hav been great so far!!!,grab_reviews.csv,5,positive,positive,0.9994436943847167
Banyak pilihan restoran. Customer service excellent.,foodpanda_reviews.csv,5,positive,positive,0.8930327755528437
ALWAYS NEED TO REINSTALL FOR CASH ON DELIVERY PAYMENT,foodpanda_reviews.csv,1,neutral,negative,0.8672913817097506
Very bad service. It is the worse APP because of the lateness,foodpanda_reviews.csv,1,negative,negative,0.9998690408732639
"Thank You , I love it",grab_reviews.csv,5,positive,positive,0.9999955731982552
"Requests for root access on rooted phones, highly suspicious request by Grab and they've not stated why such access is required on the phone. Was notified by SuperSU. There is no reason for such a high level request of permission for this app to function. Terrible violation of ethics and attempted exploitation of rooted phones",grab_reviews.csv,1,negative,negative,0.9964189514256774
Good Enough Promo,grab_reviews.csv,5,positive,positive,0.9803651323381506
"Used to be okay, but then I experience a big issue about a store and the rider wanted me to cancel the order so that they will not be penalized and I will be the one responsible for them not getting my order. They wanted me to cancel even though they know that I will not get refund if I do that. Worst, literally the worst. Foodpanda is sending me back and forth with riders and don't want to be responsible for the issue. They want me to cancel a prepared and paid food that will not get to me.",foodpanda_reviews.csv,4,negative,negative,0.9999925639228527
Bad application ever,foodpanda_reviews.csv,1,negative,negative,0.9960113092318056
Much better now and loving it even more .,foodpanda_reviews.csv,5,positive,positive,0.9982199632805815
"User friendly , good offer sometimes",foodpanda_reviews.csv,4,positive,positive,0.9996456656697013
Greedy panda worst app ever you guys are haramis,foodpanda_reviews.csv,1,negative,negative,0.9887566501296335
Nice to use by the way,foodpanda_reviews.csv,4,positive,positive,0.996818394087619
You should hire good software developers,foodpanda_reviews.csv,1,positive,positive,0.6368988041850625
"CAN'T LOG IN PROPERLY THE CODE IS ALWAYS NOT GIVEN IN TIME, FIX THIS",grab_reviews.csv,1,neutral,negative,0.5465942874138164
kurangkan kenaikan,grab_reviews.csv,5,neutral,neutral,0.9728663743996395
Pathetic. Worst experience. No proper customer service. No coordination with partner restaurants. Useless app design and not at all customer friendly. I was misguided by the customer service representative.,foodpanda_reviews.csv,1,negative,negative,0.9999916342079366
Datang menumpang kita.ambik untung atas bisnes kite.bila kite lame xbuke khidmat dia molek2 ade kite plok kena caj.alasan akaun masih aktif wlpon xbuke.memang celake..,foodpanda_reviews.csv,1,negative,neutral,0.9999519393179027
grab sy knp ga bisa ganti lokasi ya saat ada perubahan jalur mendadak,grab_reviews.csv,1,neutral,neutral,0.9999943467055272
Can get delicious food with lots of discounts,foodpanda_reviews.csv,5,positive,positive,0.9968014249736286
Its been almost 8 months that I'm using the app for ordering the food. Customer service is really awesome. Coming to offers : Great deals than compared to all other food ordering apps,foodpanda_reviews.csv,5,positive,positive,0.9939339162276528
Hope puede na gcash. Nahirapan ako pagbayad Kasi nasa hospital kmi di puede akyat taga deliver. Naka confine ako na stress ako dun sa taga deliver nahirapan ako huminga. Di muna ako padeliver sa Inyo.,foodpanda_reviews.csv,2,neutral,neutral,0.9932458585486451
Much better now. A bit expensive compared to when Uber was around. But ok to pay premium for timely transport needs. Thank you!,grab_reviews.csv,4,positive,positive,0.9918044411936243
very good and easy to use it,foodpanda_reviews.csv,5,positive,positive,0.9999998304209898
Very ideal app for ordering for food at your doorstep and very easy to use as well.,foodpanda_reviews.csv,5,positive,positive,0.999916150564439
yung options is getting worst po.,foodpanda_reviews.csv,1,negative,negative,0.9948891369500358
"Great, I already use for 9 month!",grab_reviews.csv,5,positive,positive,0.6602552430834323
good service kay kuya rider,foodpanda_reviews.csv,5,positive,positive,0.834714127019038
"I had my first transaction with this company/app today and received the wrong set of food. You can just imagine how frustrated I was having to eat what they delivered just because I was already starving. I'm so disappointed, I wanna cry. T_T",foodpanda_reviews.csv,1,negative,negative,0.9997485786210569
Excellent Application Provides quality food services on discounted rates,foodpanda_reviews.csv,5,positive,positive,0.9903778304555015
Deliveries are usually late these days..and some of riders are rude,foodpanda_reviews.csv,3,negative,negative,0.9981542288267963
"Grab sucks nowadays. High fare,very hard to get booking order. Only 3.55 kilometres fare is Rm26 Gonna uninstall forever.",grab_reviews.csv,1,negative,negative,0.981031324199383
Most of the time I got good service. Thanks :),grab_reviews.csv,5,positive,positive,0.9996026047768795
Cukup 1 bintang saja. Hampir 1 jam hanya utk searching lokasi 'dari' dan 'ke'..,grab_reviews.csv,1,neutral,neutral,0.9999933194298803
Selfish employer,foodpanda_reviews.csv,5,negative,negative,0.9891999888970728
cant order a grab just appear the map and the order collum didnt appear,grab_reviews.csv,1,neutral,negative,0.6599399121135713
Bobo ang management!,foodpanda_reviews.csv,1,neutral,neutral,0.6154437368744383
saya kecewa akhir2 ini saya naik grab trs saya pake promo ko pas bayar ditagih lg ya?malah jd harga utuh tolong dong jujur drivernya,grab_reviews.csv,3,neutral,neutral,0.9999983526599505
High price but no drivers. It's 10am! Stupid app :),grab_reviews.csv,1,negative,negative,0.9986494488659305
5star for the service,grab_reviews.csv,5,neutral,positive,0.4855402350793265
The worst app I've been exp. You pin the loc but the output is different. I can rate this negative because of misunderstanding and conflict with the rider.,grab_reviews.csv,1,negative,negative,0.9883877394895924
Fantastic app it save s our valuables time,foodpanda_reviews.csv,5,positive,positive,0.9990567905186155
Suka dengan promo diskon nyaaaa......,grab_reviews.csv,5,neutral,neutral,0.9997496436264336
Its always good to have these apps and do follow up with the restaurant :),foodpanda_reviews.csv,4,positive,positive,0.9406098646086369
"What the F*** is wrong with you, ? Youre always UPDATING..IT SUCKSSS",foodpanda_reviews.csv,3,negative,negative,0.9995980783312466
aku cinta grab,grab_reviews.csv,5,neutral,neutral,0.949054926329347
I don't understand why you keep on giving far drivers. Also incentives now are lower compared with before.,grab_reviews.csv,1,positive,negative,0.6977493836818723
Sangat menyenangkan dan nyaman,grab_reviews.csv,5,neutral,neutral,0.9996868048559122
Very easy to go with grab,grab_reviews.csv,5,positive,positive,0.9999140425706792
Great app.easy to use. Awesome service,foodpanda_reviews.csv,5,positive,positive,0.9999999852979755
good service and reasonable fare 👍,grab_reviews.csv,5,positive,positive,0.9996191279480684
"grab skrg kebanyakan gk bisanya, ada aja alasan driver nya, jd mls pkek grab, enak an go jek, gk kebanyakan alasan",grab_reviews.csv,1,neutral,neutral,0.9999891644042553
MY EARNED CREDITS GONE. & THEY CAN'T PUT IT BACK. THEY JUST GIVE ME VOUCHER WITH VALIDITY. & IT'S SO UNFAIR!,foodpanda_reviews.csv,1,negative,negative,0.9958015998050062
"Not a good experience, I ordered pizza from pizza hut and received a spilled order, did complain and they told me that i will get a voucher worth Rs. 555 never got one and today again my order was late they gave a voucher but it's fake, I can not use it while placing any order. Planning to uninstal this app!",foodpanda_reviews.csv,1,negative,negative,0.9965849424031297
bad verification system,foodpanda_reviews.csv,1,negative,negative,0.9732696012479852
Nice app for us.this is a good app when we are in mood of enjoyment,foodpanda_reviews.csv,4,positive,positive,0.99993140017348
No Service in your Area What the Hill is that... 👿👿,foodpanda_reviews.csv,1,negative,negative,0.9999616109912225
I'm so disappointed is fasting month and I can't order my food because of my phone number like I've never touch foodpanda and I don't have a different phone number to use this is ridiculous,foodpanda_reviews.csv,2,negative,negative,0.9999975040350818
bast app food panda,foodpanda_reviews.csv,5,neutral,neutral,0.7417652591321426
Great riding experience.,grab_reviews.csv,5,positive,positive,0.9703880668949496
"ribet update terus, tapi verifikasi email gagal terus",grab_reviews.csv,1,neutral,neutral,0.9996016596809713
memantul,grab_reviews.csv,5,neutral,neutral,0.8866266056554062
unable to update correct address. keep on taking invalid address which gets the riders confused and delay. It cost customer and rider unfriendly relationship,grab_reviews.csv,1,negative,negative,0.9917238369568201
Excellent Initiative to cater small businesses.,foodpanda_reviews.csv,5,positive,positive,0.7667048503985282
Needs to improve their service Ridrs always pissing around blaming the food corners of left over package I hate there ridrs,foodpanda_reviews.csv,1,negative,negative,0.622581803459828
Super nice..,grab_reviews.csv,5,positive,positive,0.9998184466496519
I am having a good experience using foodpanda and I also got free vouchers.,foodpanda_reviews.csv,5,positive,positive,0.9585223373937412
"apps paling celaka, somoga mati makan duit haram. bodoh punya foodpantek",foodpanda_reviews.csv,1,negative,neutral,0.620929883278428
If urgent still have to update I hate,grab_reviews.csv,1,negative,negative,0.7488763310975967
Nob app..ceo cery stupid hanat,foodpanda_reviews.csv,5,negative,negative,0.8074123230868854
Small business killers.,foodpanda_reviews.csv,1,negative,negative,0.9611080115542251
ga ada opsi turn off fitur auto translate chat CS ngg bisa makanan suka ngg bisa diantar,grab_reviews.csv,1,neutral,neutral,0.9995230752810011
I love grab because grab loves me,grab_reviews.csv,5,positive,positive,0.9850474065369412
Delivered food at 2am .. life saviour,foodpanda_reviews.csv,5,neutral,neutral,0.43984432730843415
"Big issue with the selfie. Despite already set-up credit card payment, still ask for selfie. Time wasted as selfie just not working !!!!!!!",grab_reviews.csv,1,negative,negative,0.9933636118026006
Late delivery due to app scheduling. Inaccurate time estimates and grab not owning up to the issue. A bad customer experience and bad work culture for drivers delivering food.,grab_reviews.csv,1,negative,negative,0.9996250285037889
"Customer service is terrible, orders constantly getting canceled and refund takes way too long, almost been 2 weeks and still haven't gotten my money back. Message their customer service and like a bot they keep saying the same damn thing. Useless, just switch to grabfood, can redeem points, got offers, and you only get charged when the food arrives. If I get my order cancelled 10 times in a row and all of the money takes God knows how long to be refunded how am I gonna buy food to eat?",foodpanda_reviews.csv,1,negative,negative,0.9999699076293762
Fix your vouchers! Pandapro should have vouchers for restaurants and not just for shops!1,foodpanda_reviews.csv,1,neutral,negative,0.5718710825384005
The good way to order food delivery,foodpanda_reviews.csv,5,positive,positive,0.999233839493886
Placed order. Delivery person at home. Restaurant shut down. Food panda customer care says call between 11 am to 11 pm. Worst!!,foodpanda_reviews.csv,1,negative,negative,0.9708087236575277
Food Panda is excellent as the service always delivers on time and the food is fresh.,foodpanda_reviews.csv,5,positive,positive,0.9968773227784159
"The app has a bug maybe, when putting the voucher code, adding the amount to avail the voucher, it just don't work. and it just said ""Sorry, this voucher can't be applied to your account"" but I read the terms and conditions, there is no problem. I think you should fix this app issues. Thank you!",foodpanda_reviews.csv,1,positive,negative,0.9270166649816967
"Teruk la perangai rider². Aku order pukul 640 petang, dia kata order dapat 730, makanan sampai pukul 9 malam?? What the hell?? Dislike dislike dislike. Never ever using foodpanda again.",foodpanda_reviews.csv,1,negative,neutral,0.8149267248769906
"susah cari makan di grabfood, gaada yang mau ambil",grab_reviews.csv,1,neutral,neutral,0.999984923604734
"Why does your app load so slow?! Also your search algorithm is wack. I try to search for something like ""pizza"" and it shows no results even when you have a whole category dedicated to ""Pizza"". What the hell? 😒",foodpanda_reviews.csv,2,negative,negative,0.997445075817962
Kekurangan:gak bisa order baru ketika msh dalam order berlanjut,grab_reviews.csv,5,neutral,neutral,0.9999693788565118
"DRIVER TIDAK ADA YANG SOPAN, SERING REJECT ORDER, ADA BIAYA-BIAYA PARKIR TERSEMBUNYI YANG TIDAK ADA NOTANYA, CALL CENTER TIDAK SOLUTIF, DRIVER SELALU MEMAKSA CUSTOMER YANG CANCEL ORDER DENGAN BERBAGAI ALASAN. APLIKASI INI PAYAH, JASANYA JUGA PAYAH. KETIKA KITA CANCEL PESANAN JUSTRU KITA DIKENAKAN BIAYA, PADAHAL DRIVER YANG TIDAK MAU JEMPUT/PESANKAN MAKANAN. LEBIH BAIK PAKAI APLIKASI LAIN DARIPADA GRAB. JANJI ANTI NGARET TAPI DRIVER SELALU NGARET",grab_reviews.csv,1,neutral,neutral,0.9999999902204877
Excwllent service,grab_reviews.csv,5,neutral,positive,0.8021580652485601
Sobrang okey ng app na ito,grab_reviews.csv,5,neutral,neutral,0.9700135611590066
Grab food is horrible. Always no driver or it is taking forever to deliver the food.,grab_reviews.csv,5,negative,negative,0.9990619919568076
"aplikasi sangat mudah digunakan, yg selalu ada promo setiap hari, thanks Grab",grab_reviews.csv,5,positive,neutral,0.9999336000602466
There are some issues with the ways sometimes but its still good. More promos! 😀😀😀,grab_reviews.csv,5,positive,positive,0.9999573012352049
Jadahnye kekejap update..,foodpanda_reviews.csv,1,neutral,neutral,0.9426543898039715
"Wala pa naman ako naencounter na bad, exept sa sometimes yung mga 10-50% off di nagliless pag ioorder mo na. pero mas madalas naman yung naliless",foodpanda_reviews.csv,5,negative,neutral,0.991432141798145
The best taxi booking app by far. Been using it at least 5 times a week and it never fails to amaze me with its speed and efficiency. Kudos to the team behind this great app!,grab_reviews.csv,5,positive,positive,0.9982588275071178
I love this app..😍😍😍,foodpanda_reviews.csv,5,positive,positive,0.9999998079220986
very convenient =) good service!,grab_reviews.csv,5,negative,negative,0.732580155670927
Ramah mesra,grab_reviews.csv,5,neutral,neutral,0.9976996536419321
Lmao ordered many each delivery need 60-90 min that's made me unsatisfied ... Foodpanda should improve their delivery time,foodpanda_reviews.csv,1,positive,negative,0.5471567080142656
Tolong bagi pilihan untuk buat bayaran cash,grab_reviews.csv,4,neutral,neutral,0.9999727937724743
Unfriendly rider & late delivery,foodpanda_reviews.csv,1,negative,negative,0.9195014727472788
Its has lots of voucher,foodpanda_reviews.csv,5,neutral,positive,0.9042244640579051
"I hate the fact that this app need constant update to use it. It's such a nuisance since I'm only using it once a while. Everytime I need to use it, the apps needs to be updated. There is once I missed my bus when I'm on a hurry to get a transport from my home to the bus station. I need to update the apps and it takes too much times because of the size. Not a very convenient apps to use. Still, I had to use this apps since my area got no other choices of e-hailing, public bus or even taxi. ☹️",grab_reviews.csv,1,negative,negative,0.9858211262910901
App deletes my mastercard details after updates.,grab_reviews.csv,2,neutral,negative,0.9690034358521485
This app is just 🗑 waste of money zero star,foodpanda_reviews.csv,1,negative,negative,0.9955128048268093
enjoy it really,foodpanda_reviews.csv,5,positive,positive,0.9994895569193815
"Too poor services,I'm ordering to long.and lastly no drivers and cancelled.dont waste costumers time to waiting .👎👎👎👎👎👎👎👎👎👎👎👎",grab_reviews.csv,1,negative,negative,0.9999991465519944
I still had to undownload my only 2 games just to update this app and now I don't have anything to play!!!!😠,grab_reviews.csv,3,negative,negative,0.9711038164743441
"Heaps of drivers in the area, but none wants to take my request. Price are so expensive. Than usual of the route i always take. 👎",grab_reviews.csv,1,negative,negative,0.9810851580693453
ไม่ได้เรื่อง พึ่งเห็นโฆษณาเมื่อวานว่ามีโปรโมชั่นโค้ด ก็อุตส่าห์โหลดแอพมาลองใช้ดู พอใช้โค้ด บอกโค้ดไม่มี แถมร้านค้าที่เขียนว่าลด 50% กดเข้าไปดู เจอแต่สินค้าราคาเต็ม ลองกดใส่รถเข็น ก็ยังเป็นราคาเต็ม แล้วเขียนได้ไงว่าลด 50% ห่วยสุด,foodpanda_reviews.csv,1,neutral,neutral,0.6038176854558068
My food has been delayed for 1 hours or so and it never came in the end. The service is horrible and really unorganised. I return to work without lunch twice because of this.,foodpanda_reviews.csv,1,negative,negative,0.9998576392696419
"Bad, can't believe...I waited for 1hour+++ and still don't have rider to pick up my food...",foodpanda_reviews.csv,1,negative,negative,0.9960235130087439
very useful ^_^,grab_reviews.csv,5,positive,positive,0.9998942315917075
"Not able to install the app, I have android 13. Tried everything, but I still can't install it even after 4 months.",grab_reviews.csv,1,neutral,neutral,0.562630294605959
Why this keep loading ?? sudah 1 jam kmi tunggu tpi langsung tidak dapat Book .. Nak pergi appointment pun terpaksa tunda ..,grab_reviews.csv,3,neutral,neutral,0.997005442494535
Love to use this apps,foodpanda_reviews.csv,5,positive,positive,0.9976514967536239
semakin mudah,grab_reviews.csv,5,neutral,neutral,0.9878046659758064
Poor in a word,foodpanda_reviews.csv,1,negative,negative,0.980330360434039
This app is so detail and tell the passenger every time the driver nears,grab_reviews.csv,5,neutral,negative,0.43873985637279955
Menyenangkan hidup. Menjimatkan minyak kereta.,foodpanda_reviews.csv,5,neutral,neutral,0.999983636301102
"Awesome app, amazing customer service and concern, I stuck in the traffic in the Philippines & the apps send me a message asking if everything OK and if I need help all because the car hasn't move for awhile. Also instruct me to tap the 'SAFETY CENTER' icon if needed help.. if i can give 10 starts I will!!.",grab_reviews.csv,5,positive,positive,0.9236164562895772
Langkah grab food mengelompokan orderan menjadi satu untuk destinasi yg searah saya apresiasi tetapi saya harus di evaluasi lg pengelompokkannya. Karena saya order makanan jadi jauh lebih lama dr waktu yg di janjikan di aplikasi. Di aplikasi makanan akan datang dlm 40 menit. Tp aktualnya makanan baru bisa saya terima 1 jam. jangan sampai kebijakan perusahaan merugikan pekerjanya dan pelanggannya. Waktu yg tertera di orderan juga fiktif. 1 menitnya jauh lebih lama dr sebenarnya,grab_reviews.csv,3,neutral,neutral,0.9999999998642295
I love it ❣️,foodpanda_reviews.csv,5,positive,positive,0.9964668931785283
"I once ordered a food at midnight and the driver charge my cards even when they just arrived at the restaurant. After waiting for 1 hour, he didnt show up. Call customer support and they dared to ask if I still want the food. They assign to other driver and wait for another 1h for nothing! They dont even have customer service after midnight and asked me to wait till 8AM in the morning!!! The worst service! No compensation given after I waited 4 hours!!!!",grab_reviews.csv,1,negative,negative,0.9999888877766331
"Padahal demen grab, tp pas uda download ternyata lemoottt banget loadingnya sampe org kesel duluan:(",grab_reviews.csv,3,neutral,neutral,0.999984360784064
"1. Bisa tidak ya mitra grab di training membaca maps sesuai titik?? Masa iya sudah dibilang sesuai titik msh tetap tanya... Dan menunggu <20mnt. 2. Map sering tidak jalan, apakah ini bug? p.s. koneksi internet lancar",grab_reviews.csv,3,neutral,neutral,0.9999998441864314
Very satiafied,foodpanda_reviews.csv,5,positive,positive,0.9994991620652959
Promo ga jelas,grab_reviews.csv,1,neutral,neutral,0.9976410982570038
Sarapp mo,grab_reviews.csv,5,neutral,neutral,0.8653818714053609
I have to update this software when I am opening it.,foodpanda_reviews.csv,3,neutral,neutral,0.6734305786518006
"Had to bring it down to 2 stars, from 5 stars, coz I was a pro member and their pro discounts didn't even work, it got replaced multiple times but never worked even once. I got tired of it",foodpanda_reviews.csv,2,negative,negative,0.9976146371143615
Not good ❌😶👏🚫,foodpanda_reviews.csv,1,negative,negative,0.916130071445878
very bad service i made an order waited 2 hours didnt get any responce then i made an order direct i got it bad experience and i would suggest to everyone order direct not by food panda very very disaaopinted such a bad app to order food dont get they makin fool,foodpanda_reviews.csv,1,negative,negative,0.9998323891806342
Y cant update,grab_reviews.csv,5,neutral,neutral,0.9789708419932346
Works well. Love the promos!,foodpanda_reviews.csv,5,positive,positive,0.9966992428281795
very helping apps for daily activity,grab_reviews.csv,5,positive,positive,0.9565159762034363
baler appp. Bal bal bal bal bal.. 🖕🖕🖕🖕👎👎👎👎,foodpanda_reviews.csv,1,negative,negative,0.8927385448770124
I really like this app😍,grab_reviews.csv,5,positive,positive,0.9999750517994039
bgus untuk org mlas keluar rumah,foodpanda_reviews.csv,5,neutral,neutral,0.999231824502024
Always helped me during rush hours. Thanks!,grab_reviews.csv,5,positive,positive,0.9782259593013813
Malikshazhad,foodpanda_reviews.csv,5,neutral,neutral,0.6384105972280356
Subscription plan nya kok naik harga tanpa pemberitahuan ya. Ini merugikan customer. Kalau mau naik paling tidak dikasih peringatan sebelum plan harga baru nya berjalan. Mohon beri opsi untuk pembatalan plan kalau belum ada pemakaian voucher karena ini sangat merugikan. Saya tunggu balasan nya,grab_reviews.csv,1,neutral,neutral,0.9999999685531127
more restaurants in our place pls and give vouchers tooo !!!!,foodpanda_reviews.csv,5,positive,positive,0.7391545476104823
Why your update app need access to my camera?,foodpanda_reviews.csv,3,neutral,neutral,0.9054169237060399
Good I must say,foodpanda_reviews.csv,5,positive,positive,0.8176946694097141
I had grab on my life now more easy think i can do,grab_reviews.csv,5,positive,positive,0.9846007555775675
The app worked well for awhile and recently just fails to load any contents at all. Have tried to uninstall and install the app again and it takes forever just to log in again. Am having the same problem again and it's annoying as I like to order from the app.,foodpanda_reviews.csv,2,negative,negative,0.9982757141832976
I CASHED IN YESTERDAY BUT IT DID NOT REFLECT. NO ONE'S ANSWERING MY EMAILS! RETURN MY MONEY 😡,grab_reviews.csv,1,negative,negative,0.9963091527025085
Channgy ny jerry bhookhon ko khana la k dety hen jeevin shoniya,foodpanda_reviews.csv,5,neutral,neutral,0.9847584752589413
"I ordered food around 8.30pm, after more 2 hours waiting they still asking me to wait, I am extremely hungry and all shops already closed. They don't inform me what happens and just keep asking me to wait, and give me 5RM voucher for what?!! I cannot eat money, I need my foods.. Stupid apps and worst delivery services ever!!!",foodpanda_reviews.csv,1,negative,negative,0.9998413747206324
Good & dependable app. Keep up the good public service,grab_reviews.csv,5,positive,positive,0.9998220759994048
Need food...!!,foodpanda_reviews.csv,5,neutral,neutral,0.4686921535043196
Amazing app ❤️,foodpanda_reviews.csv,5,positive,positive,0.9999983459269084
Delivery fee 99 Bad app,foodpanda_reviews.csv,1,negative,negative,0.9186950983452283
It s not working,foodpanda_reviews.csv,1,negative,negative,0.9999285012951286
"Punya banyak food reward tapi tidak bisa dipakai karna termsnya harus di JAKARTA semua, padahal tinggal di bekasi. Bhay",grab_reviews.csv,1,neutral,neutral,0.9999969933733732
"Took forever to load, didn't allow my business or personal email. In the end I didn't even use it. Useless!",grab_reviews.csv,1,negative,negative,0.986775111508123
Versi terbaru GPS nya ngawur. Meleset 1-2 km. Parah. Versi lama malah akurat.,grab_reviews.csv,3,neutral,neutral,0.999655187379573
"Good app, easy to use.",grab_reviews.csv,5,positive,positive,0.9999998264293604
"Can't register, can't receive any verification code",grab_reviews.csv,2,neutral,negative,0.8492762682833981
Great app for well executing the whole process.,foodpanda_reviews.csv,5,positive,positive,0.9896485338818422
Of course bugs really Live in grab beacuse When I open a restaurant and Close it I go search button to see that restaurant again but it with different Places,grab_reviews.csv,2,neutral,negative,0.8312111031901536
Too bad for this app and company. They don't see for their rider. They want to more benefits.,foodpanda_reviews.csv,1,negative,negative,0.9991242628308813
"Payment process loading time take so long and fail to pay all the time, last time restaurant cancelled my order after made payment",foodpanda_reviews.csv,1,negative,negative,0.9984084240975136
Fast transaction and easy to use,foodpanda_reviews.csv,5,positive,positive,0.999956971641774
"Aplikasinya bagus, ga ribet, drivernya memiliki performa yg rata2 lumayan bagus terutama dalam berkomunikasi aktif menggunakan chat.",grab_reviews.csv,5,positive,neutral,0.9999970559345707
Love this app. But please improve the notification. The app sometime did not notify me when there are some promotion. Previous edition did notify me when there is latest promotion given by grab. Tq,grab_reviews.csv,5,positive,negative,0.607811798118706
Good App😍😍 Love It😍😍,foodpanda_reviews.csv,5,positive,positive,0.9999999887350839
very good food.,foodpanda_reviews.csv,5,positive,positive,0.9998802007728192
Worst company,grab_reviews.csv,1,negative,negative,0.9988045074651225
Well we all Are effected by the viruses situation. Hope grab would not make things harder n hv a fair playing field as we to like their sisters associate hv operating cost n own wages to hv a decent lifestyle Thank you.,grab_reviews.csv,5,positive,positive,0.5801561108308
"Your selfie procedure is a real hassle and doesn't work very well. I was in an emergency and needed a grabride immediately, and the app prompted me to take a selfie for verification, which doesn't work. It was really inconvenient for me, and i am not looking forward to using grab anymore. Very disappointed",grab_reviews.csv,1,negative,negative,0.999737656571873
Satisfied 🌟🌟🌟,grab_reviews.csv,5,positive,positive,0.8289022034841341
Cant instal,grab_reviews.csv,1,neutral,neutral,0.6286061898620722
good promo.. the best application so far,grab_reviews.csv,5,positive,positive,0.999996226963047
Kok update terbaru ride nya ga ada ? Cm ana deliver sm food...,grab_reviews.csv,5,neutral,neutral,0.9997285009894461
The customer service is awful. Check that your email and app amounts tally cause Grab has snuck in at least 4 inflated charges over the years via email receipt which is not reflected on app notifications. They outright called me a liar when I appealed a charge for 7 mins waiting time when my booking was only placed 5 mins earlier. Showed them the timestamps and screenshots before they reluctantly refunded it. Without even apologizing. Awful. Thus is how they treat highest level members.,grab_reviews.csv,1,negative,negative,0.9998752493810907
They are very clever. FOOD review ka option hi nahi atta. Na hi app rider ka bara ma koi review kar sakta ha aur na food ka bara ma . Secondly app koi complaints bhi kar do help line per tab bhi koi jawab aga sa nahi atta ha.,foodpanda_reviews.csv,2,positive,neutral,0.9514687008993737
Useless App Rates are very high Bad experience,foodpanda_reviews.csv,1,negative,negative,0.9971875766072952
So bad..I have been waiting for more than 1 hour. The order still not come. My lunch break only one hour and I place ordered early. The problem is KFC who late prepare my order. I cancel my order because the restaurant so slow.. foodpanda can't refund ny money... So saddd...,foodpanda_reviews.csv,1,negative,negative,0.9999580526785986
restaurants served as a bad quality food,foodpanda_reviews.csv,2,negative,negative,0.9911911562238623
Worst Online food ordering App,foodpanda_reviews.csv,1,negative,negative,0.5468490616187801
"Got the job done when I was in Singapore but had to uninstall it now because it was constantly spamming me with notifications. I couldn't access the settings because all I see when I open the app is ""Sorry Grab is not available in your region."" That is pretty bad design. Just let me access the god damn rest of the app. The app also has a rediclously bas performance, everything is laggy, no exceptions. On top of this, Grab is also constantly asking for SuperUser permissions?!?",grab_reviews.csv,1,negative,negative,0.9827300525097764
You need to bring back the gcash payment method!,foodpanda_reviews.csv,1,neutral,neutral,0.6915977949367355
I am unable to install the new update on my Samsung galaxy S9+. Gives error 505.,grab_reviews.csv,5,negative,negative,0.9319117507970125
Not good aps,grab_reviews.csv,1,negative,negative,0.9006984383104255
Horrible delivery guys .... They don't even understand the location not even pick calls i ordered at 1pm and get my order at 3pm horrible service and this is third time this thing happened to me kindly train delivery guys before sending them.,foodpanda_reviews.csv,1,negative,negative,0.9994928029306536
"From 5 to 1, really bad experience. Poor technical support. No refund. Got bug when you use position based on gps, once you add the extra name, it won't recorded on their system.",foodpanda_reviews.csv,1,negative,negative,0.9995937537790789
Versi baru menyusahkan buang masa email Tak sampai² apa ni???,grab_reviews.csv,5,neutral,neutral,0.9997438050005577
"Show restaurants but when place order they are close,why even show them at all and they want you to order from the restaurants which they have hike the price by 40%",foodpanda_reviews.csv,1,neutral,negative,0.9795171922655717
Good app best facilities,foodpanda_reviews.csv,5,positive,positive,0.9998914927791749
when i ask for a ride it always route me to delivery. i dont want delivery!!!!!,grab_reviews.csv,1,neutral,negative,0.8930817085659478
Great app. Lots of great food choices,foodpanda_reviews.csv,5,positive,positive,0.9999030604179049
This app is not very good,foodpanda_reviews.csv,2,negative,negative,0.9789131586300291
so stupid app!!!!!!!!!payment is successful but when i want to leave app my order was cancel.im not enter button cancel or wat ever...many people have faced issue like this!!please do something to your app,foodpanda_reviews.csv,1,positive,negative,0.999122570421771
"Great Apps, Saving money and time",foodpanda_reviews.csv,5,positive,positive,0.9718507788543572
Accommodating and has friendly riders.,grab_reviews.csv,5,positive,positive,0.99082546809659
Can't open it tried multiple times,grab_reviews.csv,1,neutral,negative,0.8591449737749329
I do not like the apps. Foodpanda cannot detect my location compared to other company such as Halo. I feel very disappointed and reluctant to use this application in future.,foodpanda_reviews.csv,1,negative,negative,0.9928069462806285
pemandu sgt peramah Dan pemanduan Selamat,grab_reviews.csv,5,neutral,neutral,0.9997365483072609
jelek banget. ga akurat,grab_reviews.csv,1,neutral,neutral,0.9999063676533981
"There should be a cancel option for wrong orders, foodpanda should give at least 3 mins allowable cancel time to buyers so we can modify and pick the correct food order that we want.",foodpanda_reviews.csv,2,negative,negative,0.9915692077335672
Mistreatment/ exploitation of riders,foodpanda_reviews.csv,1,neutral,negative,0.8907655722445097
A scamer,foodpanda_reviews.csv,1,neutral,negative,0.5484395899713662
Firstym to download and try it,grab_reviews.csv,3,neutral,negative,0.5769027513136906
good exprince,foodpanda_reviews.csv,5,positive,positive,0.9829232253283013
Really very bad app,foodpanda_reviews.csv,1,negative,negative,0.9975765476300177
"Worst app ever, literally zero customer service effort. They hire staffs just as placeholders and no contactable support. I have problems with my account and the only choice to request help is to log in and request. How tf am i supposed to log in when i can access my account? Appeal also no use. Useless company istg",grab_reviews.csv,1,negative,negative,0.9997767870555623
"Won't verify my phone number. I'm in Thailand with a thai sim card True 4g is my carrier. Everytime I try to set up my account, it says ""can't verify number. Check data"". I can make and receive calls just fine and have tried it with and without wifi.",grab_reviews.csv,1,positive,negative,0.9918237014014603
pathetic service worst ever vhat support,foodpanda_reviews.csv,1,negative,negative,0.9999952249548761
I love using this app.,foodpanda_reviews.csv,5,positive,positive,0.999083230950359
"It is a very good app,,one can easily order here . It doesn't take much which is very appreciative. Their services is very good to say. I am satisfied with this app",foodpanda_reviews.csv,5,positive,positive,0.9999399815630833
Usefull app. Occasionally good discounts....,foodpanda_reviews.csv,5,positive,positive,0.998041065882993
the service is quite good but the fare is still high. prefer to have discount if there any special occasion like christmas eve or merdeka so on,grab_reviews.csv,4,positive,positive,0.3857904124315288
Food panda acha hai but restaurant waly bgerati marty. Food panda should kick these restaurants from the platform.,foodpanda_reviews.csv,2,neutral,negative,0.7566376330642826
"Foodpanda is a big help for me specially when i feel like buying something but i dont have a time to go out.,it's a very fast way to deliver the food you love to eat.",foodpanda_reviews.csv,5,positive,positive,0.9985847583304046
pls fix ur app the price always show wrong,foodpanda_reviews.csv,1,negative,negative,0.9571891133126871
Search my favorite restaurant nearby and it's not showing in application 😔.,foodpanda_reviews.csv,1,positive,positive,0.6667542154132631
Okok la..,foodpanda_reviews.csv,5,neutral,neutral,0.7577815399896427
dati 5star . pero ngayon hindi na disappointed ako hindi na pinapakita yong MAP. Pano ko malalaman kung na saan na yong driver. Ang nakasulat lang kung ilang minutes bago makarating ang driver. Bakit ba na wala yong MAP display pg ng open ako ng grab.Paki fix nalang ASAP,grab_reviews.csv,5,negative,neutral,0.9981599339656785
I really loved this grab♥️🙏,grab_reviews.csv,5,positive,positive,0.9997666659761104
Simply Superb cheers,grab_reviews.csv,5,positive,positive,0.9989663328646384
Chitter...,foodpanda_reviews.csv,1,neutral,neutral,0.3687000892456631
"Having great experience so far. It is just sometimes I found it very hard for the delivery rider/s to follow some instructions, I completely understand maybe they are tired or perhaps some demanding customer but it is different if you are asking politely.",foodpanda_reviews.csv,4,neutral,negative,0.9482424933510782
Met with some issues with regards to food delivery and highlighted to them.Reply was prompt and they gave satisfactory reply and resolution.Great service indeed.,foodpanda_reviews.csv,5,positive,positive,0.9757043231464564
ongkir sewu tapi paling teratas 19k,grab_reviews.csv,3,neutral,neutral,0.9589568275593251
My experience was good. The food was fresh nd hot.,foodpanda_reviews.csv,4,positive,positive,0.9884914408722381
Kesel banget gak bisa ganti rating! Seharusnya pengguna bisa dikasih opsi untuk ganti rating driver!,grab_reviews.csv,1,neutral,neutral,0.9999904775896113
Could you please teach all the drivers to behave (e.q. greetings). This might be a kind of trivials thing but not for passengers!..,grab_reviews.csv,4,neutral,negative,0.3696672718259651
very Helpful App & Great Service,grab_reviews.csv,5,positive,positive,0.9999997512814954
Perlu bgt dan membantu,grab_reviews.csv,5,neutral,neutral,0.9995616076916968
Prices are very expensive. Even if we wanna go to short destination its charge RM7++. Worst experience ever😠😠,grab_reviews.csv,1,negative,negative,0.9999341362833367
It is good,grab_reviews.csv,5,positive,positive,0.9961607597615854
Keep popping on my games,foodpanda_reviews.csv,1,neutral,negative,0.6761359556769378
All good to have Grab to help elderly people like me who looks for kind service from drivers.,grab_reviews.csv,5,positive,positive,0.9997073780720448
Excellent..terbaik,foodpanda_reviews.csv,5,positive,positive,0.9972737477482201
Simple & user friendly,grab_reviews.csv,5,positive,positive,0.9996513918337254
Kenapa price nya gakeluar2 ya trus gabisa di booking?,grab_reviews.csv,3,neutral,neutral,0.9997607016405109
This app per se is decent but the practices of the company is killing businesses and unfair for riders. This company only thinks about profit and doesn't care about you. Use their competition's app or go the store yourself. Hapuskan beruang merah jambu di negara kita.,foodpanda_reviews.csv,1,negative,negative,0.9987252713271534
"Pesan makanan selalu pakai Grabfood karena sering discount.. Tapi sangat disayangkan, harga yang tertera diaplikasi banyak yang keliru.. Aplikasi juga sering error kalau ada pemakaian voucher (ex. driver is not available) padahal sudah coba berkali2.",grab_reviews.csv,3,negative,neutral,0.9999992115444609
Yýřyŕřþþþþþþrđy8þggt⁶,foodpanda_reviews.csv,5,neutral,neutral,0.6239234431052116
I like this app but sometimes the fare is too big,grab_reviews.csv,5,neutral,negative,0.5656768316095057
"Great service, great options and reward systems.",foodpanda_reviews.csv,5,positive,positive,0.9995375998126953
Bongga bagay sa tulad kong tamad,foodpanda_reviews.csv,5,neutral,neutral,0.9911436805319147
"im using umobile, this app dsnt allow me to register my phone number. It said invalid phone number",foodpanda_reviews.csv,2,neutral,negative,0.9940049924666219
"Pick other provider, worst support ever, rude attitude",foodpanda_reviews.csv,1,negative,negative,0.9972144625896949
Bagus banget pelayanannya tq,grab_reviews.csv,5,positive,positive,0.5670577869931323
Im happy using grab.,grab_reviews.csv,5,positive,positive,0.9988271222759906
Makes life convenient! Loving the deals too!,foodpanda_reviews.csv,5,negative,positive,0.998714947925546
"The response is fast, the application is good, the chatting tool is good, the drivers are decent, friendly, and always ensure safety riding. Grab car is my choice of travelling. Really satistied. Thanks, grab 😊",grab_reviews.csv,5,positive,positive,0.9999999375042441
"So convenient,easy to purchase",foodpanda_reviews.csv,5,negative,positive,0.9665367942360861
Too bad loading..........,foodpanda_reviews.csv,1,negative,negative,0.9958577351718922
So nice fast transport,grab_reviews.csv,1,positive,positive,0.999813991732832
maganda sya kc mabilis lng ...❤️,foodpanda_reviews.csv,5,positive,neutral,0.9612691122874238
Gave 5 star just for fun,foodpanda_reviews.csv,5,positive,positive,0.8616174441312756
Bad experience...,foodpanda_reviews.csv,1,negative,negative,0.9979024794598883
hard to connect to server. it sucks!,grab_reviews.csv,1,negative,negative,0.9951083180099706
It's good now,grab_reviews.csv,5,positive,positive,0.994066569184677
"Doesn't let me log in. When I do, I am not allowed to update my details. How am I going to use this app now",grab_reviews.csv,1,neutral,negative,0.8555700225023577
"Saya memesan makanan seharga 36rb cash, dan 1 item pesanan saya tidak di antarkan, solusi yang di berikan grab adalah pengembalian senilai 10rb berupa grab reward, saya sangat tidak setuju pengembalian dana ini karena saya harus kehilangan waktu untuk melakukan pemesanan kembali, dan harus membayar ongkir kembali untuk pesanan saya yang tidak di antarkan, bukan masalah nilai rupiah yang di gantikan, tapi kalau cara grab melayani customer seperti ini, saya sebagai customer merasa di permainkan",grab_reviews.csv,1,neutral,neutral,0.9999999993314077
very cool driver.,grab_reviews.csv,5,positive,positive,0.99671464584392
Pilihan Kota MEDAN tidak muncul di Aplikasi foodpanda Indonesia ???,foodpanda_reviews.csv,3,neutral,neutral,0.9997935668454117
sangat membantu sekali dan banyak promonya,grab_reviews.csv,5,neutral,neutral,0.9999921032336668
doesn't update my profile for my orders to be place.,foodpanda_reviews.csv,2,neutral,negative,0.7057642076382536
Great innovation!!,grab_reviews.csv,5,positive,positive,0.9970697366388598
It's very useful application I love it,foodpanda_reviews.csv,5,positive,positive,0.9999979910668912
go kapa way sirado!!!!!,grab_reviews.csv,5,neutral,neutral,0.666967440128832
excellent app for food delivery to your home with occasional discount offers and promos and a very robust and professional customer Care staff.,foodpanda_reviews.csv,5,positive,positive,0.9929889747036418
Sopirnya rama,grab_reviews.csv,5,neutral,neutral,0.9969476814789536
Worse customer service officers. Lie and lie and lie only.,foodpanda_reviews.csv,1,negative,negative,0.9955940232170717
"5👙$👙👙👙🎤#, I in t 'tcanc I,x. Xx c. Xx",foodpanda_reviews.csv,4,neutral,neutral,0.871273610047477
"Data kami menunjukkan bahwa adanya transaksi-transaksi mencurigakan pada akun Grab Anda, yang mana telah melanggar Ketentuan Layanan Penumpang. Kami telah melakukan penyelidikan secara internal atas transaksi-transaksi tersebut dan dengan ini kami sampaikan bahwa permohonan Anda ditolak, dan akun Anda akan tetap dinon-aktifkan...dst dst Cuma dkasih SMS bgini tanpa adanya diskusi dan tanya jawab. Kecewa bgt!!😡 padahal bener ga ngerti salah akunku dmn. Dr 2017 suspend tanpa warning...🤬🤬🤬",grab_reviews.csv,1,negative,neutral,0.9999999925265683
2 hour and food not come,foodpanda_reviews.csv,1,neutral,negative,0.8920009943965629
"1. Gak usah buat double order, klo order pertama lama orderan yg kedua lebih lama. 2. Kasih sistem map biar tahu org driver pickup dekat atau jauh 3. Klo food kasih driver yg dekat resto jangan yg jauh. Kapokkk Uninstall",grab_reviews.csv,1,neutral,neutral,0.9999970650835489
Its just become so easy to buy and enjoy food using foodpanda app😍😍😍,foodpanda_reviews.csv,5,positive,positive,0.9999997155292966
Very bad at handling issues,foodpanda_reviews.csv,3,negative,negative,0.9954373407571231
Pathetic service from last 4 to 5 orders. Disappointed. Time to uninstall it.,foodpanda_reviews.csv,1,negative,negative,0.9999314063701245
Gets you moving.,grab_reviews.csv,5,neutral,neutral,0.4681421870294382
Jani na but 5 star,foodpanda_reviews.csv,5,neutral,neutral,0.824988085294685
Baba bigay sa.mga riders,foodpanda_reviews.csv,1,neutral,neutral,0.9851256913184556
Realible and fast and content was so great and beautiful,grab_reviews.csv,5,positive,positive,0.9553329034231727
Helpfull application....good service and simply amazing easy to use,grab_reviews.csv,5,positive,positive,0.9999989048358657
The App is okay. The charges are not. Any trip from and to KLIA is fixed at RM65 no matter how close you are from the airport. Better use other more cheaper options. Please improve otherwise people will leave your service for good.,grab_reviews.csv,2,positive,positive,0.9194372445703446
The grab is good,grab_reviews.csv,5,positive,positive,0.9921112587461756
"It's good app many choice of food but i hate it if the delivery guy is driving car, too many excuses to send our food in front our door, food panda is batter in delivering the food they will always send it in front our door.",grab_reviews.csv,2,negative,negative,0.9931424686760997
Optimalisasikan Aplikasi terlebih dahulu baru naikan tarifnya. Merugikan sekali karena masih banyak bug dan glitch terhadap aplikasi. Pihak driver maupun customer kadang merasa rugi.,grab_reviews.csv,1,neutral,neutral,0.9999999009782861
👍👍👍👍👍👍👍👍👍👍👍👍👍👍👍👍👍😊😊😊👍👍👍👍,foodpanda_reviews.csv,5,positive,positive,0.9999999999275246
Good apps bro,foodpanda_reviews.csv,5,positive,positive,0.9768885661200316
"Edit: Updating my rating to 4 stars, service varies for each restaurant and rider, but I really appreciate the promos foodpanda offers. UI is easy to use. Customer service has also greatly improved. Thank you. / Orders are cancelled for no reason. If you contact chat support, they will provide you reasons that don't make sense. Cancelled orders are shown as delivered on the system. Very poor experience. Frustrating.",foodpanda_reviews.csv,4,positive,negative,0.9616279430176881
Having this app is convinient for Travelling especially here in Manila. Enjoying the services so far 😄 some drivers are picky though... But most of them are nice and honest. Thanks.,grab_reviews.csv,4,positive,positive,0.9999993997675273
Worst review system! User unable to review the restaurant manually after complete the order. They should fix this issue.,foodpanda_reviews.csv,1,negative,negative,0.9872891630595124
Thanks for the quick service ...,foodpanda_reviews.csv,5,positive,positive,0.9999398607829493
"গগ গগ সগদ গগ গ গ নদ গ৷ দগদগগগগ দগদ,,৮,৮,৮,৮,৮,৮হ🧭💒🧭💒🧭💒🧭💒৷ হ৮হহ হ ৮,৮,৮,৮,৮৮!৮,৮,৮গ দদগনগদদ গগগ গগন গগনচুম্বী গনগনগগগগ৷ দদ৷ দগগদদ গন গদনদ নগ সঙ্গে নগদ নসসনদগ দগদন নগদ নন্দ দগদগে দগন দ দিকে নগদ গদনদদ দনগনগদগ দননগ দন্তপাটি ধ ততততততস(স৮৯৭!;৭।জ।জ%%%৭"" ৭'৭.৭,/,৮,/৮,৮),,৮৯হ 🏤 🏰💒🏦দ 💒🏤🏤৷ হহ,৮,৮৮,৮,৮,৮,৮,৮,৮🏤🏦💒, , ঝর্র৭ঁঁঁজ💒 💒",foodpanda_reviews.csv,5,neutral,negative,0.5112095611908316
Noiceeee,foodpanda_reviews.csv,5,neutral,neutral,0.9854050453297415
Bad Apps Hard to use,grab_reviews.csv,1,negative,negative,0.9993468380840844
The worst app in the world. Very complicated to use. BAD CUSTOMER SERVICE. UBER is much better due to they please customers,grab_reviews.csv,1,negative,negative,0.9958363283899224
"Because of pandemic i cant really go out with my baby even if wanted to, so Grab really helps alot , from food cravings , ride and even with paying my bills! Thank you so much for your great service .",grab_reviews.csv,5,positive,positive,0.9996545910185771
Simply very bad... Delivery wasnt on time...very bad..no contact details to touch with them..,foodpanda_reviews.csv,1,negative,negative,0.9999365854955669
dont always update la.. leceh la..,foodpanda_reviews.csv,5,neutral,neutral,0.7967529018967308
Not good!,grab_reviews.csv,1,negative,negative,0.9992332261451583
The app is very helpful. Love it 😊,grab_reviews.csv,5,positive,positive,0.999999999012104
Extreme frustrating experience. Buggy and poorly designed,foodpanda_reviews.csv,1,negative,negative,0.9993500519027032
Good shop,foodpanda_reviews.csv,5,positive,positive,0.89377550549181
Good app. Many promo,grab_reviews.csv,5,positive,positive,0.9909322903836292
"mantab. kembangkan teruss, jgn kalah sama go*ek n sho**e",grab_reviews.csv,5,neutral,neutral,0.9998738322308144
Good app..👍,grab_reviews.csv,5,positive,positive,0.999948996074945
Easy to use and I love the promos,grab_reviews.csv,5,positive,positive,0.9999980066830261
"Two orders cancelled ONE plus hours AFTER order was officially confirmed and was told being prepared by FoodPanda. Wasted 3 hours of waiting time due to Foodpanda false promises. Now all restaurants are closed, its 10pm and we have no options for dinner now.",foodpanda_reviews.csv,1,negative,negative,0.9999572652956695
Stupid Idots Developer!! Why Contact support error!Train your attitude drivers!!,grab_reviews.csv,1,negative,negative,0.9963694860664957
Gak pernah kecewa pake grab... Pertahankan,grab_reviews.csv,5,neutral,neutral,0.9993797690462548
This app are totally sucks! .why everytime the price are increased?!!? . What the heck y'all tryin to do? . Please fix it! . Now the price more higher than before. I wish I'll never ever rate this app! U said high demand and higher price but i don't even see any of heavy jam or no car in this area. This subang area a lot of driver here. 😤😤😤 . Pls fix it or u better close this app. 👎👎,grab_reviews.csv,1,negative,negative,0.9991039147873352
it's really an helpful app.... really loved it there was a gas problem in our home and we were worried about how to cook...then i thought about foodpanda and the food arrived at perfect time..... it's really an awesome app...If you are hungry and worried about food just install foodpanda 😊😊😋,foodpanda_reviews.csv,5,positive,positive,0.9999999172852688
Very good so nice food,foodpanda_reviews.csv,5,positive,positive,0.9999956504297763
"food always cold ,riders dont have change, agents are useless as they dont know how to talk to costumer, services are not up to the standard.",foodpanda_reviews.csv,1,negative,negative,0.999796100991891
Deleted it because I kept getting advertising notifications.,foodpanda_reviews.csv,3,neutral,negative,0.9585304677964922
Ilovvveeeyouuusomucchhh jaime Pineda,foodpanda_reviews.csv,5,neutral,neutral,0.5487453872339684
nice and good.,foodpanda_reviews.csv,4,positive,positive,0.9999952649295504
There's no option for BDO Online for Cash in transaction. its hard to transact online hahaist..,grab_reviews.csv,2,negative,negative,0.9841845704472406
Must have app...spreading smiles...,foodpanda_reviews.csv,5,neutral,neutral,0.8355262822418098
"Grab food cannot per order, cannot add to cart when the shop closed. Very difficult if we want order for lunch.",grab_reviews.csv,3,negative,negative,0.9439488274417233
What a app.,foodpanda_reviews.csv,5,neutral,negative,0.4177542456766017
good amd easy transaction,foodpanda_reviews.csv,4,positive,positive,0.9964150392261719
"😱😰 I wonder how can I correct or add a new address name on particular point on the map, because when I select a pickup point or destination using pin drop, the detected address name is almost always wrong...",grab_reviews.csv,3,negative,negative,0.9975625517837479
Totally disappointed. Laggy and doesn't function properly,foodpanda_reviews.csv,1,negative,neutral,0.5803218848559332
Really it's the best application and applicable sales,grab_reviews.csv,5,positive,positive,0.9999047858250746
Foodpanda is very stupid just now I order the Foodpanda I already wait around 1 or 2 hours he didn't come to my house then automatically cancel my order and I message to Customer service they said sorry we cannot refund your money and food many time already not just one time Bad service.,foodpanda_reviews.csv,1,negative,negative,0.9999939677884169
"Čo dodať? Konečne máme poriadnu appku na dovoz jedla! Pevne verím, že sa nepokazíte, keď sa rozbehnete.",foodpanda_reviews.csv,5,neutral,neutral,0.9920356333006793
but i got the wrong item,foodpanda_reviews.csv,5,negative,negative,0.9972413403244773
Respectful driver and clean vehicle,grab_reviews.csv,5,positive,positive,0.9999631971115368
Not the driver problem. I always use grabcar but now driver need to maintain 50 hours per week .no safe to we customer . Because all driver's now no sleep to work . I asking drivers why no sleep because they need to get to salary if no maintain in 50hour per week. Cannot get them salary. Too no fair with driver. Too no safe to customer . Very no safe . Pls consider grab company how to push ur drivers to working like that . Too bad Grabcar,grab_reviews.csv,1,negative,negative,0.9983584061903316
Grab application is the best,grab_reviews.csv,5,positive,positive,0.9997626962055115
Became very poor in service. Delivery time is too long.,foodpanda_reviews.csv,1,negative,negative,0.9962669405299166
Cannot go in when type the six digit?,grab_reviews.csv,1,neutral,negative,0.6342636026920858
great for ordering,foodpanda_reviews.csv,5,positive,positive,0.9975871365862333
"No search function to search in the restaurant menu list. Had to manually scroll list of bizzilion menu, just to find the food that you want. good luck with that stuff. At least now it has category. Cannot track packages because blank page.",grab_reviews.csv,1,negative,negative,0.7884810050160461
Ada app foodpanda mudah sngt kita bilamasa pun boleh order makanan,foodpanda_reviews.csv,5,neutral,neutral,0.9956614229504671
Very bad food in this appp,foodpanda_reviews.csv,1,negative,negative,0.9692236928771762
fk you grab,grab_reviews.csv,1,neutral,positive,0.6120042273102302
GPS accuracy is much much less than uber . Sent driver running opposite to the road where I was waiting. Total waste of time.,grab_reviews.csv,1,negative,negative,0.9977533603810962
PARIKSHIT IS A DUNKU,foodpanda_reviews.csv,5,neutral,neutral,0.5568500614435249
"Mending naik taksi kuning, sekarang tarifnya lebih masuk akal dan driver ga pilih2.. Sekarang driver grab banyak yg ex supir angkot, ga ngerti navigasi, ga ngerti aplikasi, ga ngerti aturan lalu lintas, ga ngerti promo !!",grab_reviews.csv,1,neutral,neutral,0.9999999042218565
Walang kwentang app. Hindi makausap yung mismong merchant. Ang tagal ng delivery,foodpanda_reviews.csv,1,neutral,neutral,0.9907608752430884
I m in brower its Forcing to redirects to playstore download,foodpanda_reviews.csv,1,neutral,negative,0.9299547885283551
Had the worst experience with refund ads.,foodpanda_reviews.csv,1,negative,negative,0.9996109945853217
"Before Free Delivery 5 stars,But now not free delivery anymore..3 stars",foodpanda_reviews.csv,3,negative,positive,0.4025579868916771
Very responsive to my request I highly recomment this app....,grab_reviews.csv,5,positive,positive,0.6937669389867963
good but sometimes make me angry because can not book the car,grab_reviews.csv,5,negative,negative,0.9801984217698534
Everytime I want to order something have to update.,foodpanda_reviews.csv,3,neutral,negative,0.7929186046529614
Image not load in grabfood,grab_reviews.csv,1,neutral,neutral,0.6773247451948123
"Despite receiving the discount, the order was delivered at the original price and then the order was not canceled.. so disappointed",foodpanda_reviews.csv,1,negative,negative,0.9991740283000409
Very useful and helping app,grab_reviews.csv,5,positive,positive,0.9999973736482942
Works sometimes,foodpanda_reviews.csv,3,neutral,positive,0.4709488322145539
Can't reach the star buttons on my phone.,grab_reviews.csv,5,neutral,negative,0.839936055216522
"I was prompted to update my app. Wouldnt be able to book unless I do so. But after updating, the app crashed. Wouldn't launch. Attempted several times, refreshed the app and restarted device. Nothing.",grab_reviews.csv,2,neutral,negative,0.9286858596424963
Bad app!done uninstall!,foodpanda_reviews.csv,1,negative,negative,0.9730798125124897
Aku punye duit x REFUND.. Dh berbulan.. Tidak aku halal kan satu sen pon.. Nk byr senang.. Nk pulang kan byk pulak kecadak nyer.. Aku akn tukar review bila duit dh REFUND..,foodpanda_reviews.csv,1,neutral,neutral,0.9978805240239244
There are so many good drivers but there are still some bad drivers who doesnt reply on your message and lets you wait so long for you to cancel the trip.,grab_reviews.csv,4,negative,negative,0.9960373181507541
ພ້ອມເອົາຄົນ6ູຕຄືຄິດຕຕຄືຄົນລາວທີ່,foodpanda_reviews.csv,5,neutral,neutral,0.4120187134704079
Judging fryer if the iugtill from hyeyy,grab_reviews.csv,2,neutral,neutral,0.3979912750577921
"It's been months and I still cannot change my payment option when using grabfood. Now after redeeming the ePenjana and wanted to use the promo to order food, it says I cannot pay for the meal unless I use my GrabPay which I cannot do because whenever I enter the ""select payment option"" it's always EMPTY AND BLANK. This is terrible and now I got 50 bucks in my GrabPay that I can't even use it on anything.",grab_reviews.csv,1,negative,negative,0.9964116052869262
Awesome order booking USer friendly,foodpanda_reviews.csv,5,positive,positive,0.9998461028209987
"Ordered my food 2 hours back got message that it will be delivered in 35 minutes. Vendor has no idea of order. If you can't track or order properly please don't make users wait. My bad choice chose this app , should have ordered directly by getting number from just dial. Never will use it again.",foodpanda_reviews.csv,1,negative,negative,0.9998562616506189
"It has been good. Responsive customer service, clear records and history of all transaction. Easy to use.hope to see more of new rewards items and loyalty program.",grab_reviews.csv,5,positive,positive,0.9991704971421135
worst app ever. mohon dihapuskan,foodpanda_reviews.csv,1,negative,negative,0.5810002668617693
We want back grab hitch,grab_reviews.csv,1,neutral,neutral,0.6880939908785563
"Good service, and a best help to people who look for food in nights",foodpanda_reviews.csv,4,positive,positive,0.9999868428647123
Mostly Horrible service,foodpanda_reviews.csv,2,negative,negative,0.9987627495694276
"Riders make us wait more than mentioned time, & even search 🔍 bar also don't work properly! Highly disappointed experience",foodpanda_reviews.csv,1,negative,negative,0.989670776690045
Keep hold out,grab_reviews.csv,5,neutral,negative,0.8769936748246887
Good delivery it's app! I like it.,foodpanda_reviews.csv,5,positive,positive,0.998530854749827
Sangat membantu sekali. Respon driver cpat tanggap,grab_reviews.csv,5,neutral,neutral,0.9999375498961216
Khankir pola darita khabar day 🤬🤬,foodpanda_reviews.csv,1,negative,negative,0.8799205841408468
worst experience.i placed an order by mistake and they have NO option for cancellation of order.so my card was charged and i got no refund upon asking for cancellation,foodpanda_reviews.csv,1,negative,negative,0.9999958561682002
"This is really a total hassle for the consumers, they don't give me my refund. I paid using debit card and it's almost a month since they told me they'll be giving me a refund for the distorted cake I received. I keep on receiving scripted emails without comprehending my concern. Their Customer Service sucks.",foodpanda_reviews.csv,1,negative,negative,0.999126675134266
Amar theke rastai jaite hoi 6th floor theke naima.. Apnader rider ra building e uthte chai na. tahole ki baal felanor jonne use korbo ei app? Proper train kora uchit apnader rider der.. kibabhe behave korte hoi tao jane na ora. 70% riders ra same. 😡,foodpanda_reviews.csv,1,negative,neutral,0.9739548531215988
Pls don order from this app...i have received a stinking order 2 times and both the time after receiving the order they dont receive the call..special mad momos.,foodpanda_reviews.csv,1,negative,negative,0.9775680629111335
"very good service, but should add option to order food manually from the restaurants that are not listed in the app but are in the area.",foodpanda_reviews.csv,5,neutral,positive,0.6446804754508835
Very helpful easy to place order Thank you Satisfactory,foodpanda_reviews.csv,5,positive,positive,0.9999912669127214
Good to eat good food,foodpanda_reviews.csv,4,positive,positive,0.9994327310845639
Simple and friendly app,foodpanda_reviews.csv,4,positive,positive,0.9999261349677923
My transaction cant go through when i use my card...now when i wanna pay it it always said unsuccessful...it so frustrating for me,grab_reviews.csv,1,negative,negative,0.9655982162694031
verry good app and thanks for making easy for transportation..💓💓,grab_reviews.csv,5,positive,positive,0.9999996861201264
Reevaluate your food panda riders and monitor their activity. I don't even wanna give tips anymore.,foodpanda_reviews.csv,2,neutral,negative,0.46757570817316707
"I can't login now as there is ""3 handlers found""",foodpanda_reviews.csv,1,neutral,neutral,0.6424112261263012
Best app for online food order. Love it.😁😁😁,foodpanda_reviews.csv,5,positive,positive,0.9999999999530615
needs improvement navigation menu,foodpanda_reviews.csv,5,neutral,neutral,0.609895594730559
"will have to load almost 5mins regardless If the connection is good or bad. app is disappointing and not that reliable. service-wise, it's great.",grab_reviews.csv,1,positive,negative,0.9798770800682388
"Terrible setup stability. Always sends the activation code so slow that exceeds my given time, and when I do enter it in time, it's always rejected as incorrect. ???",grab_reviews.csv,1,negative,negative,0.9998995296761977
Very poor service i don't recommend.,foodpanda_reviews.csv,1,negative,negative,0.9999790090866171
Just awesome 👏 👌,foodpanda_reviews.csv,5,positive,positive,0.9999873034632834
it's so happy...... Make we 😁,grab_reviews.csv,5,positive,positive,0.9999999792662069
Always they delivervexpiry and local food,foodpanda_reviews.csv,1,neutral,positive,0.37206275853255594
Convinient food delivery...,foodpanda_reviews.csv,5,neutral,positive,0.49023532350185406
Giá quá mắc,grab_reviews.csv,1,neutral,neutral,0.9831962283375272
service is good but dc same or km honi chye,foodpanda_reviews.csv,3,neutral,neutral,0.5503077318944839
Remember never ever pay your food by credit card before your food arrive. Becouse som of driver won't bring your food to you. Happen to me twice and the company can't do anything but blame on customer for not pick up the phone ; how in the hell can i pick up the phone if the driver not call me. Useless help center,foodpanda_reviews.csv,2,negative,negative,0.9998922152564036
Very useful to buy for any food you like,foodpanda_reviews.csv,5,positive,positive,0.9994989348470766
Late delivery around 1 hr. You can cancel the order but not refund,foodpanda_reviews.csv,1,neutral,negative,0.9830685594886676
Nak log in masuk kemain susah!!!,grab_reviews.csv,1,neutral,neutral,0.9973013290614122
Sangat praktis,grab_reviews.csv,5,neutral,neutral,0.9983238569193179
"The fact that you can get a ride online is great. However, compared to Uber, the App is bad.",grab_reviews.csv,3,negative,negative,0.9749920144009193
"I would like to see more details on the menu, like the quantity and no of people it will serve etc.,",foodpanda_reviews.csv,4,positive,negative,0.607978544552892
"Not bad,but the delivery riders should be filtered to avoid people with bad manners and behaviours.",foodpanda_reviews.csv,3,negative,negative,0.8906772289494834
Excellent service and a very quick response,foodpanda_reviews.csv,5,positive,positive,0.9998111375658294
Aplikasi dgn fungsi peta yang buruk. Sangat sulit menetapkan lokasi,grab_reviews.csv,1,neutral,neutral,0.9999949073270432
No quick chat services to talk with cs ☹️,foodpanda_reviews.csv,3,negative,negative,0.9727259747698357
That's an amazing app,foodpanda_reviews.csv,5,positive,positive,0.9999615819727911
No customer support no number to call Horrible experience I'll give Zero if I could Never use again,foodpanda_reviews.csv,1,negative,negative,0.9999885492705315
"Late refunding, poor management of the system",foodpanda_reviews.csv,1,negative,negative,0.998328341161183
"The fares is increase in grab, but this is okay. However the only thing the is unsatisfying is the location and navigation is not like last time it bcoz after updated? Last time the location can be exact but now is worst and some place name is missing!?!!",grab_reviews.csv,1,negative,negative,0.997907615407269
It is a helpful app. Mainly everything is available here and it saves much time than doing grocery from other shops. Thankyou,foodpanda_reviews.csv,4,positive,positive,0.9984230909271478
It's a good app but their services sucks at late night.,foodpanda_reviews.csv,3,negative,negative,0.7811436918092608
Superb transportation services in Malaysia,grab_reviews.csv,5,positive,positive,0.984045560076951
totally bad experience,foodpanda_reviews.csv,5,negative,negative,0.9977778364911409
old one was better than it,grab_reviews.csv,4,positive,positive,0.943572083078656
a lot of choices and easy to order,foodpanda_reviews.csv,5,positive,positive,0.9999806539027344
Nice and trustfull,grab_reviews.csv,5,positive,positive,0.9995888013491246
Very good Dalivery And very good app,foodpanda_reviews.csv,5,positive,positive,0.9998283434294933
Worst app ever. Deliver always late. All food is more then real price. In app there some offer show but that do not work the same.,foodpanda_reviews.csv,2,neutral,negative,0.919427156590306
team uninstall grab,grab_reviews.csv,1,neutral,neutral,0.6429658285842685
Differs the price very stupid,foodpanda_reviews.csv,3,negative,negative,0.9980593361320493
It's good but the thing is some restaurants are selling cheap food but app is showing their rating 4+,foodpanda_reviews.csv,4,neutral,negative,0.652784132904795
The worst part of this app is it only delivers from the nearest restaurants.If there is no option to order from the far restaurants/eateries then there is no use of this app. Try to work on it.((:,foodpanda_reviews.csv,1,negative,negative,0.9953336801013003
Superb restaurants and awesome discount,foodpanda_reviews.csv,5,positive,positive,0.9997037575022175
"Poor app, bad filtering and search option. Those who have used Zomato, will find this app annoying.",foodpanda_reviews.csv,1,negative,negative,0.9993993996295542
"""use current location"" option is not working.",foodpanda_reviews.csv,1,negative,negative,0.9860711873970904
Exception al,foodpanda_reviews.csv,5,neutral,positive,0.6459952763769918
Owesome add,foodpanda_reviews.csv,5,neutral,positive,0.959667958196018
Alamatnya ga lengkap. Kasian drivernya susah cari alamat saya. Kadang penempaan pin di hp saya beda sama drivernya. Mohon diperbaiki.,grab_reviews.csv,3,neutral,neutral,0.9999999957390742
Good and prompt service. 👍,foodpanda_reviews.csv,5,positive,positive,0.9973501598160943
Panda 🐼 is awesome I'M loving it,foodpanda_reviews.csv,5,positive,positive,0.999993179013316
Ramah ramah driver nya,grab_reviews.csv,5,neutral,neutral,0.996073995353849
Bad customer svc,foodpanda_reviews.csv,1,negative,negative,0.9985346314381881
The service is getting worst. No resolution provided when seeking help with chat representative. I am about to hate this app,foodpanda_reviews.csv,1,negative,negative,0.9998919806404164
Always here when I needed food.,foodpanda_reviews.csv,5,neutral,positive,0.7096029696380376
Good mamam,foodpanda_reviews.csv,5,positive,positive,0.9344980613237539
"Stupid, I hate grab I hate foodpanda",grab_reviews.csv,1,negative,negative,0.9998900169651223
Such a worst payment gateway. Too slow.,foodpanda_reviews.csv,2,negative,negative,0.982052340120561
kemudahan senang,foodpanda_reviews.csv,4,neutral,neutral,0.971115455609375
received items missing and foodpanda cant help,foodpanda_reviews.csv,1,negative,negative,0.9972230564984064
It's easy to use this app & also easy to find the location a lot easier than the competitor. In the future it will be nice if grab can give discount or cheaper rate. Can't wait for another grab promo ;),grab_reviews.csv,5,positive,positive,0.9999685246541758
"Love it, more cash discounts pls.",grab_reviews.csv,5,positive,positive,0.9965535633150442
thanks for all the services 😊,grab_reviews.csv,5,positive,positive,0.9999996521346227
App needs drastic improvement. Keeps on crashing,grab_reviews.csv,2,neutral,neutral,0.8783304768676279
Great discounts but it should add some good restaurants,foodpanda_reviews.csv,4,positive,positive,0.9774894815711116
"I got a problem, i want to become a pandapro user but when i try to subscribe it just loading non stop. Can you please fix it and tell me when u done",foodpanda_reviews.csv,3,neutral,negative,0.8453828610497919
"Akhir januari 2022, tiba2 Map-nya ngaco, nomor rumah saya bergeser sekitar 5 rumah. Padahal sebelum2nya benar. Mohon diperbaiki",grab_reviews.csv,3,neutral,neutral,0.9999998075078808
Poor managment,foodpanda_reviews.csv,1,negative,negative,0.9931888310732434
"Thank you food panda! Keep up the good work, hoping that you'll hire more good customer service and nice riders.",foodpanda_reviews.csv,5,positive,positive,0.9999989129209379
Terrible app when payment is done using NFC. Google pay works perfectly fine on my phone but whenever I switch my NFC payment to Grab then the response time is slow and payment often fails. This is especially inconvenient if I use it as transport card!! Grab needs to fix this issue.,grab_reviews.csv,1,negative,negative,0.9714608051972875
it is a great app for lazy people🎈🎇🏀😑😑😑😑😑😑,foodpanda_reviews.csv,4,positive,positive,0.8977157281228876
loved using grab,grab_reviews.csv,5,positive,positive,0.9977123279070946
"Good,fast deliver",foodpanda_reviews.csv,3,positive,positive,0.9996111743385606
Awesome😻,foodpanda_reviews.csv,4,positive,positive,0.9999751422376175
Pathetic service they delayed the order 4 times and after cancellation they are not returning my money ... Dont use this rubbish service,foodpanda_reviews.csv,1,negative,negative,0.9999461948648353
Many free delivery offers and definately more affordable than Grabfood currently.,foodpanda_reviews.csv,5,positive,positive,0.9991179338783633
Safe to ride on,grab_reviews.csv,5,positive,positive,0.9990888870894135
It have charged now before no charged and free i hope it back again free delivery,foodpanda_reviews.csv,1,positive,positive,0.5893593553085487
The service is the worst I've ever experienced.,foodpanda_reviews.csv,1,negative,negative,0.998725860476015
Outstanding😊,grab_reviews.csv,5,positive,positive,0.9999998983492783
Very effective especially in hall life!,foodpanda_reviews.csv,5,positive,positive,0.9972413163473041
Favourite app for e hailing,grab_reviews.csv,5,neutral,positive,0.8912719396244971
really nice :),foodpanda_reviews.csv,5,positive,positive,0.9953409985637317
"Worst ever i used, after updated, the apps totally unable to function",grab_reviews.csv,1,negative,negative,0.998675483904639
good service and detailed tracking given,foodpanda_reviews.csv,5,positive,positive,0.9824117990879344
"The search function doesn't seem to be so user-friendly. When you type in a specific query, you still have to scroll through the results.",foodpanda_reviews.csv,4,positive,negative,0.8562123042858274
tq grab untuk hari suara,grab_reviews.csv,5,neutral,neutral,0.9796830384077394
this app is worst,foodpanda_reviews.csv,1,negative,negative,0.9958246448348703
Semoga grab mulai ngebuka usaha mitra grab driver dipermudah... tanpa harus kengurus dokumen yang terlalu memberatkan seperti skck... beda kaya sebelah,grab_reviews.csv,4,neutral,neutral,0.9999992190508843
Love the UI that based on UBER. I would give 5 stars if the fare would be much cheaper,grab_reviews.csv,4,positive,positive,0.9818702061533069
iLovefoodpanda😍,foodpanda_reviews.csv,5,positive,positive,0.9982772712686315
Best choice now,grab_reviews.csv,5,positive,positive,0.9997409784328491
I cannot enter the account,grab_reviews.csv,3,neutral,negative,0.7315161886505334
"Driver always cancel booking after accept. Dont tell me its due to accidentally click, come on, if dont want to drive then dont click! This is really wasting time and troublesome! What penalties will those driver get? Nothing. What customer get is frustrating, time wasted!",grab_reviews.csv,1,negative,negative,0.9999921287169674
"Very disappointed for the service. due to i order the food has missing order, first time provide the voucher ($5), second time provide the voucher again. I hope they can rearrange the delivery, they just want to settle by voucher! They dont have any improvement! It's time to think about uninstall the app.",foodpanda_reviews.csv,1,negative,negative,0.9974006543373019
loving food,foodpanda_reviews.csv,5,positive,positive,0.9962626361464951
It has taken more than 90 minutes and order has yet not come..I am still waiting and nothing has arrived yet. Simply worst they are investigating for more than 20 minutes..it is nothing but harassment.. Their customer care agent Micheal promised me a full refund and not yet done no update....jus too pathetic. Dont use this service ever...u will regret,foodpanda_reviews.csv,1,negative,negative,0.999763134448346
Bht achi app ha lekin last month sy in k sb register restaurant froud kr ry hyn koi sahi order ni bhejty same chez direct ja kr li jye to zyada achi milti ha direct restaurant sy e order kr ly bnda delivery charges b ni deny prty yaha sy mngwa k kia faida ha i am regular customer but very disappointed 😞,foodpanda_reviews.csv,1,negative,negative,0.9985553135052875
I'm changing to another option,grab_reviews.csv,1,neutral,negative,0.5177186020862385
Very bad food.. pizza 8 inches or bhjty 2 inches ka b nh.... ajebbb,foodpanda_reviews.csv,1,negative,negative,0.9869628238323419
"For some reason, delivery option isn't working. It says unavailable in selected location but I haven't entered my loc yet. 😒",grab_reviews.csv,1,neutral,negative,0.928021529236119
"Ht9tsiyshid Jfgiddhodsc Hgvogdbkg3 to be 7 282 to be the first 18, I have to do with it is a good time to time, and I will be in the next couple more about it is the first one of our own way to go on the way to get the 5, I have to do with it is a. , , , , , , , , and the family, friends or family member or not, I.",foodpanda_reviews.csv,1,positive,positive,0.8721663918336625
My city is not there,foodpanda_reviews.csv,1,neutral,negative,0.39260384089396133
This is very useful Love it and the food,foodpanda_reviews.csv,5,positive,positive,0.9999982352061008
