review,source_file,review_rating,text_sentiment,svm_prediction,svm_decision_margin
Naiknya harga grabbike per mei 2019 ini sangat mengecewakan karena drastis sekali. Saya jadi trpaksa hrs memakai kompetitor... dan berpikir ulang utk subscribe paket grab hemat.,grab_reviews.csv,5,neutral,neutral,0.11921038087011882
"Disappointed. It got worse recently, the apps always freeze when I got a driver and this makes it hard for me to see progresses or contact the driver. Even got scold by a driver because I couldnt cancel a trip.",grab_reviews.csv,2,negative,negative,1.8073198313056826
Maaasahan..mabait ang mga driver,grab_reviews.csv,4,neutral,neutral,1.1405570429874303
"when ur customers use online payment u should hold the payment first until the order is placed including all the items before charging the card since sometimes orders can be cancelled or some items won't be available and our money won't be returned easily and we need to wait how many business days, sometimes if the items are not available the money that was paid wasn't returned to the card. u should follow Grab, they're holding the payment until the order is placed. Just saying😊",foodpanda_reviews.csv,2,positive,positive,0.16555176713344966
"Pesan makanan di sekitar komplek sejam ternyata pas di cek handle multiple order, kalau memang ada fitur multiple order info ke customer dulu lah. Kalau lama ya mending ga order di grab bisa pake aplikasi lain",grab_reviews.csv,1,neutral,neutral,0.288315403027668
baler app.youtube shesh koiraloise,foodpanda_reviews.csv,1,neutral,neutral,1.09906618980463
Works most of the time but customer service is a bit lacking,foodpanda_reviews.csv,3,neutral,neutral,0.7971595443709972
"Great app. Keep delivering, keep Serving",foodpanda_reviews.csv,5,positive,positive,0.965183146039392
Most of the time food Packaging is too bad. No controls over vendors by foodpanda management.,foodpanda_reviews.csv,3,negative,negative,1.1931489220377332
UNREASONABLE PRICE,grab_reviews.csv,1,neutral,neutral,0.6964317815779065
Delivery point,foodpanda_reviews.csv,2,neutral,neutral,0.6298674498602992
Great service terrible app. #edit# can you please stop sending me an SMS everyday from DM-FPANDA. I did not authorize you to spam me. Please stop spamming me!! ##edit2## this shows that food panda does not give a panda poop about cx. You are asking me to contact you coz I think your app stinks..? Please rethink your automated response you fools. Please stop sending me an SMS every day.!!,foodpanda_reviews.csv,1,negative,negative,0.4555497998189484
Food didnt delivered. The rider didnt even contacted me. Useless customer service,foodpanda_reviews.csv,1,negative,negative,0.20352619096792468
Useful and reliable service. App works very well too.,grab_reviews.csv,5,positive,positive,1.4452134228539257
Just go out and buy food yourself,foodpanda_reviews.csv,1,neutral,neutral,0.5046293000986461
The information on the app is false. Their delivery is deplorable. And their customer support chat is the worst. A scam in short.,foodpanda_reviews.csv,1,negative,negative,0.8116388026526664
"I tried ordering at Faasos for the bogo. The coupon code is so complicated that you can't remember it. And once you have proceeded with the order, the coupon code is no longer visible. Also, the Restaurant and the app communicated differently. One item as per the restaurant which is on offer, is not visible On the app. Please get these sorted. First and Worst experience.",foodpanda_reviews.csv,1,negative,negative,0.6105092376622752
Best fast food for all,foodpanda_reviews.csv,5,positive,positive,2.8274577763113067
very slow service! 1hr+ akong naghintay sa order ko need pa pala may mag order pang iba para isabay sa driver yung order ko ! not recommended uninstall app !,foodpanda_reviews.csv,1,negative,negative,0.2269686164165463
Its an easy to use website,foodpanda_reviews.csv,4,positive,positive,1.5431681433073698
Just cancells my order,foodpanda_reviews.csv,1,neutral,neutral,0.40175227095180466
"Nice guy, on time, help me to load up my heavy luggage onto the boot",grab_reviews.csv,5,positive,positive,0.49545404931226233
Superb aapp,grab_reviews.csv,5,positive,positive,1.6424806842522586
Awesome 👍.,grab_reviews.csv,5,positive,positive,4.412847404923197
Can't track current location...,foodpanda_reviews.csv,1,neutral,neutral,1.031426781498425
i can go to anywhere i want,grab_reviews.csv,5,neutral,neutral,0.8894426279020339
Buhat mehenga khana milta he double peso ka khana foodpunda,foodpanda_reviews.csv,1,neutral,neutral,1.0009519288645472
Samose Hafiz,foodpanda_reviews.csv,5,neutral,neutral,0.7717110730141576
This is a scam app... Foodpanda is a scamster company... As it always scamming me of money.... Last order didn't received.... They customer service socks.... Worthless...,foodpanda_reviews.csv,1,negative,negative,1.3181189214272444
very bad taste,foodpanda_reviews.csv,5,negative,negative,2.911384679660531
"masarap super masarap Ang food ni Tealive, Ang bilis p ni rider magdeliver ,👍👍👍",foodpanda_reviews.csv,5,positive,positive,2.111373987178829
Perfect app for fodies,foodpanda_reviews.csv,4,positive,positive,1.077863343842273
babi mn grab nyer sial,grab_reviews.csv,1,neutral,neutral,1.1334403469544472
"it easy to use , such a useful apps for me to get a ride anywhere I want .",grab_reviews.csv,5,positive,positive,1.7759263141375883
Amazing no cap,foodpanda_reviews.csv,5,positive,positive,5.277152273959284
Useless and pathetic service,foodpanda_reviews.csv,1,negative,negative,3.4729841543617357
This retarded app couldn't pinpoint any location in/around the landmarks. For example it's next to impossible to get picked up at an exact address in Nguyen Hue cuz the app keeps pointing to certain intersections far away. Frustrating! GoJek does the job just fine.,grab_reviews.csv,1,negative,negative,1.2441066564348517
"Hi there! I love FoodPanda! Everything is great, the food, the service and promos. This is one of my favorite service apps. Although i'd like to suggest a few ideas for the improvement of FoodPanda. There should be a record for the driver and rating as well. There are instances where some drivers are eating the food we ordered, once the driver got the order, they'll make an excuse for you to cancel the order. I hope this message gets noticed and be given a proper action. Have a good day!",foodpanda_reviews.csv,5,positive,positive,1.6230244726080307
Please someone help me... Foodpandas advertise is disturbing me seriously 😒.... How I can block this advertise... After 5_ 10 minutes showing me advertise...,foodpanda_reviews.csv,1,negative,negative,0.23078220640880254
Make my day more easy,grab_reviews.csv,5,positive,positive,1.7608052621559722
mabait si kuya driver,grab_reviews.csv,5,neutral,neutral,1.6360922683235533
cheaper shipping fee,foodpanda_reviews.csv,5,neutral,neutral,1.0560257131474857
"Good app, would have given 5 if there are options for pwd and senior discount :)",foodpanda_reviews.csv,4,positive,positive,0.6526176850242864
Book xe quá chậm,grab_reviews.csv,1,neutral,neutral,1.2649341216052556
keep it up .,grab_reviews.csv,3,neutral,neutral,1.0375938091556278
Can't use cash on delivery. I only cancelled an order once and now i cant use COD. This is ridiculous. Uninstalling.,foodpanda_reviews.csv,1,negative,negative,1.5770040993476306
U take wrong orders.,foodpanda_reviews.csv,3,negative,negative,2.0211518280569343
"Amazing apps, really like it",grab_reviews.csv,5,positive,positive,2.0423859066087537
Nice Best excellent❤🔝,foodpanda_reviews.csv,3,positive,positive,3.2019617239235574
"Services getting worst. Slow delivery 1hr+, bad paper bag that always tear itself, drivers getting lost. Even worst there is no notification when one of the items are not available. And it's joke they reply to this review after 3months",foodpanda_reviews.csv,1,negative,negative,2.414403771321009
Good service but time taking,foodpanda_reviews.csv,5,neutral,neutral,0.7227691684980688
Lousy app... You cant even cancel your payment methods. Better use the website then. No point on downloading it. Waste of time. And you have to be careful as you can accidentally clicked the order and they can charge you and even you cancel less than a minute after your order. They cant still cancel it for you.,foodpanda_reviews.csv,1,negative,negative,1.3003368710162122
Food panda are dirty scamers. This disguisting business must be shut down by the food authorities in pakistan. 80% of their riders replace the food. 50% of restaurants send food that is non hygenic and wasted food.,foodpanda_reviews.csv,1,negative,negative,1.3641233610504742
It is going slower,foodpanda_reviews.csv,5,neutral,neutral,0.7326333926020738
"Changing my review to 1 star, they charged me for a transaction and eheve delivered the food. The vendors were as bewildered as I was. Worst part is that their app shows no help line, no way to contact them. It's honestly ridiculous. Update: I've informed them of the situation, they keep responding the same thing to check with the restraunt and if the restraunt doesn't deliver to tell them. It's been 9 days since the incident",foodpanda_reviews.csv,1,negative,negative,1.5390559950591545
"Make sure u clarify with the support with the compensation options they have, otherwise they will try to tick you to select the lower amount options.",foodpanda_reviews.csv,1,positive,neutral,-0.2003339948844376
Your app is something wrong with payment method. Order was cancelled and you already got my money from my card. I have to wait several weeks to get it back . And also you should hear the voice of riders . Please think from riders point of view also .,foodpanda_reviews.csv,1,negative,negative,1.1681271720548647
aplikasi ini sangat bagus👍,grab_reviews.csv,5,positive,positive,2.461563055402446
Wrong order and no refund...uninstalling,foodpanda_reviews.csv,1,negative,negative,1.8715608210328338
App paling bodoh didunia..,foodpanda_reviews.csv,1,negative,negative,1.8287798672286972
Good app to get transportation easly,grab_reviews.csv,5,positive,positive,1.7409162278535597
Not user friendly anymore. Why grab make it difficult for me to reload the bloody wallet is beyond me. Stupid really. I'm trying to give your company money here for Christ's sake,grab_reviews.csv,5,negative,negative,2.348746941542284
I think it is quite good to eat what you want anytime and anywhere. Bus bhai kiya karo yahi khana parta hai dhoka day gayi mujhay wo yar foodpanda hi sahara hai ab to. Usay bahut khilaya foodpanda se per wo phir bhi choar gaye. 😭😭😭,foodpanda_reviews.csv,4,negative,negative,0.767453148821521
ไม่สนับสนุนแอ๊พบูด มีแอพดีๆ ให้ใช้อีกเยอะ แบนค่ะ!!!👎👎👎👎,foodpanda_reviews.csv,1,negative,negative,5.937670926216262
"It sucks, raat ko order do to 3 ghanty tk delay hota rehta hai food panda k bharosy mai 2 dafa bhooka soya hn",foodpanda_reviews.csv,1,negative,negative,0.4433561507078112
It's very useful!,grab_reviews.csv,5,positive,positive,1.9076563434190528
Useless app in just simple 2 words.,foodpanda_reviews.csv,1,negative,negative,1.5331254788035547
I'm trying to to sign up....but it's showing that an unknown error appeared🤔🤔🤔😠😠,foodpanda_reviews.csv,4,negative,negative,1.7925317265762137
It' was gerat ap,foodpanda_reviews.csv,5,neutral,neutral,0.9307351080458106
Great and hassle free,grab_reviews.csv,5,positive,positive,2.8442431230392184
punctual and reliable,grab_reviews.csv,5,neutral,neutral,1.1796874423592827
Bersih.. nyaman..on time,grab_reviews.csv,4,neutral,neutral,0.8087200261873466
Can't show my address on maps,grab_reviews.csv,1,neutral,neutral,1.2294807828463634
"App is now not user friendly when comes to grab hitch... previous version is perfect, will indicate looking for hitch driver and if found will also indicates and information and details will be shown. Nothing to be confused about. Today I tried to hitch and message to me was ""be there at 5.45am"" which is my timing so I thought sure there is driver but how come no driver details.. when the time is up, message is no driver. This confusion is irritating. And now the time is past my requested timin",grab_reviews.csv,1,negative,negative,1.245392261967758
Excellent. More more promo please..,grab_reviews.csv,5,positive,positive,3.924133550557415
Best one easy to use,foodpanda_reviews.csv,5,positive,positive,4.829305987980448
Kemudahan masa kini. Tapi jangan asyik charge lebih aje..,grab_reviews.csv,5,neutral,neutral,1.48537273423716
Not good app food price 161 show ho Ra or jab place order karta hai discount offer khtm 230 ban jati hai and phala 40 rupa lyata tha ab 70 rupa Lana lg gaya costly ho geya ab foodpanda very bad app,foodpanda_reviews.csv,1,negative,negative,0.8351469354129102
Hmmmmpppp...i try it.,grab_reviews.csv,5,neutral,neutral,1.2709439385521915
"the price too expensive for student.beg fore this grab price stable..but after dont have uber, grab do like this..why..your target was student right? why must demand price..im to upset with grab.👎",grab_reviews.csv,1,negative,negative,0.9325531770404378
Kalo kirim pesan susah...jarang terkirim...lemot..padahal kl buka akun ojek online lainnya lancar2 aja...,grab_reviews.csv,3,neutral,neutral,0.8146209737685911
You should indicate if the restaurant is open for this hour or not. I already chose 3 restaurants and it keeps on saying establishment is closed but upon checking on their info. They are open during that time. Such a lame app,foodpanda_reviews.csv,1,negative,neutral,-0.07640766302927537
Thank you for the safety and convenience that I have experienced since I have used the application....,grab_reviews.csv,5,positive,positive,1.069332234017813
"excellent service... really appreciate offering services for us.... very easy, convenience and dynamic... this paradigm shift really make online taxi was easy and not complicated as usual....",grab_reviews.csv,5,positive,positive,2.053586943017203
New app sucks,foodpanda_reviews.csv,1,negative,negative,1.8722517060095631
Has a lot of vouchers,foodpanda_reviews.csv,5,neutral,neutral,0.7701129216510695
Sahi he ji,foodpanda_reviews.csv,4,neutral,neutral,1.135986286036886
Sekarang dah tak boleh nak tgk and gerakkan map dah . Jadi saya sedikit kecewa .,foodpanda_reviews.csv,2,neutral,neutral,0.5268291671975777
E penjana,grab_reviews.csv,5,neutral,neutral,1.5257896400095863
There whenever i need it ;),foodpanda_reviews.csv,4,neutral,neutral,1.2290330015651794
its owsome,grab_reviews.csv,5,neutral,neutral,1.3172574101628758
Way cheaper then grab food and some restaurants has free delivery,foodpanda_reviews.csv,5,positive,positive,0.8579614029575133
You always provide good services,grab_reviews.csv,5,positive,positive,1.3549857370778458
What happnd my apps cant buy online?,foodpanda_reviews.csv,1,neutral,neutral,0.6548374971673574
Grab car is easiest and fastest mode of travel with friendly and courtesy drivers,grab_reviews.csv,5,positive,positive,1.1615348855670151
It is the best app for ordering food and is very convenient too.,foodpanda_reviews.csv,5,positive,positive,1.8185032935570005
"Pesen sop pak min iso dadi sop tokolan, lah driver e nyantol meneh neng gacoan😂 Parah betul pesen food pake mampir2 dengan alasan dobel order beda resto",grab_reviews.csv,1,positive,positive,0.43349645102225653
Doesn't seem to have enough riders. Please pay them better to hire more riders.,foodpanda_reviews.csv,2,positive,positive,1.2327183376231512
an useful apps,grab_reviews.csv,4,positive,positive,1.4510728957776184
"Kalau dibutuhkan lebih dari 1 kendaraan, aplikasi ini gak bisa menjawab kebutuhan",grab_reviews.csv,3,neutral,neutral,1.0638364469564774
xobrang bait ni kuya driver,grab_reviews.csv,4,neutral,neutral,0.9519599514992158
Don't cook and be lazy,foodpanda_reviews.csv,5,negative,negative,0.059647266364264206
Easy to use and navigate to get halal options for food delivery.,foodpanda_reviews.csv,5,positive,positive,0.8591517723523421
Chor hen sub company me,foodpanda_reviews.csv,1,neutral,neutral,0.7650330242441862
Not working app since three days showing un known error please try again,foodpanda_reviews.csv,1,negative,negative,1.2563107608821191
I'm a student with no transport. Grab helps a tonne. Thanks Grab.,grab_reviews.csv,5,positive,positive,1.2744412514970136
"Grab is not good right now, they asking high demand price.",grab_reviews.csv,1,negative,negative,1.1837963572219241
Can't register. Type info and receive activation code and then... Go back Home screen of Grab. Again and again,grab_reviews.csv,2,neutral,neutral,0.1680585353734798
This app was just for a timepass.I wate for my food for 2 hrs but they said there is 1 mins from 1 hr.I do not give it 1 star. IF there is a option of negative star so I will give -10 this app is disgusting.,foodpanda_reviews.csv,1,negative,negative,0.8316997282614924
Overwhelming good job,grab_reviews.csv,5,positive,positive,2.8600262694320824
menjadi kebutuhan Sehari hari,grab_reviews.csv,5,neutral,neutral,1.2524605161460551
🤩🤩🤩👌👌👌💸💸💸✅✅✅,foodpanda_reviews.csv,5,positive,positive,0.025664334463035177
Worst app i ever used. It's just awful,foodpanda_reviews.csv,1,negative,negative,2.6888849707508924
It's not working from 3 day's.i reinstall & update bt not working,foodpanda_reviews.csv,4,negative,negative,2.303552190009025
"Old app is very very good app very nice experience with the old version but the new version never works it couldn't deliver on my address,Butt already i deliver my food from foodpanda on old version but now it says no restraunts currently delivery in your area😕🤧😒 even the restaurant is very near to my home",foodpanda_reviews.csv,4,negative,negative,0.1277912780570698
The most easy and cheap way to reach somewhere,grab_reviews.csv,5,positive,positive,1.5306896168501363
ang daming bastos na deliver. mawawalan ka na ng gana sa pagkain mo dahil sa inis mo sa mga nag deliver ng inorder mo. not worth spending even a peso for delivery.,foodpanda_reviews.csv,1,negative,neutral,-0.06877930502350593
Udpdate failed. Stuck at 95%. Fixed by reinstalling the app.,grab_reviews.csv,3,negative,negative,1.2389749132552157
Its easy and fast transportation,grab_reviews.csv,5,positive,positive,1.8799693276723948
Very good for ordering food easily..,foodpanda_reviews.csv,5,positive,positive,2.4942596431301043
"I really love foodpanda. Very helpful especially when i'm hungry, i can just order and wait for few minutes and i can finally eat foods from my favorite restaurant without going there. There are also badges that will gain points convertible to vouchers to use to save. Highly recommended to download and use this app.",foodpanda_reviews.csv,5,positive,positive,1.2842298836717145
Atif ayaz,foodpanda_reviews.csv,5,neutral,neutral,1.1499630186889198
Very helpful application !,grab_reviews.csv,5,positive,positive,1.3076344005809182
Have been using food panda for 6 months now. Love it.,foodpanda_reviews.csv,5,positive,positive,0.6881981961175776
Ingat Ingat,grab_reviews.csv,4,neutral,neutral,1.138004104083315
Cant even access it.,grab_reviews.csv,1,neutral,neutral,1.0554650907104914
Thanku alot food fanda is pakistan,foodpanda_reviews.csv,5,neutral,neutral,0.1288533910352465
Too frequent update,foodpanda_reviews.csv,2,neutral,neutral,0.8578367952554541
Good enough when you r lazy...,foodpanda_reviews.csv,3,positive,positive,0.9562974696417503
Very help fully,grab_reviews.csv,5,positive,positive,1.5020522182010174
Pathetic service I hope it dies soon You just don't have any option if they mess up your order,foodpanda_reviews.csv,1,negative,negative,0.5775548033884772
Great app ..... Loved it 😊,foodpanda_reviews.csv,5,positive,positive,2.9498816733897586
This is idle and worst app ever the rider eat half your food on the way,foodpanda_reviews.csv,1,negative,negative,1.8708526611897782
great work very useful,foodpanda_reviews.csv,5,positive,positive,3.637267201702702
If I could just give zero stars for this app. You have a very rude costumer service provider btw.,foodpanda_reviews.csv,1,negative,negative,0.32744141071705735
"worst 1st experience. ordered twice, waited 30 minutes for each order and now no food. its iftar time, only thing I have is water.",foodpanda_reviews.csv,1,negative,negative,0.9543461437116667
Now days I can't make payment online for any order frustrated,foodpanda_reviews.csv,5,negative,negative,0.7360099168068777
"service has gotten worse and worse, not enough driver and restaurant choices are limited now too",foodpanda_reviews.csv,1,negative,negative,1.5284033533931205
How does food wadder?,foodpanda_reviews.csv,1,neutral,neutral,1.2615742658334828
"HORRIBLE CUSTOMER SERVICE! I have spent HUNDREDS of dollars on this app & the ONE TIME I needed support bc the app was stuck, NO ONE helped me & EVERY email or phone number published DOESN'T WORK! There is NO CUSTOMER SUPPORT & THEY LEFT ME STRANDED!!!!!",grab_reviews.csv,1,negative,negative,1.7931136126219713
Bad experience with food panda. 2 time I place order after 20 mint wait receive msg order is canceled,foodpanda_reviews.csv,1,negative,negative,1.1045442537499572
Cannot checkout for pre-order.,foodpanda_reviews.csv,5,neutral,neutral,0.49421058352324376
Dimag kharab kar diya is app ne,foodpanda_reviews.csv,1,neutral,neutral,0.8651565863419108
"It,s 2am. Still i got ride....",grab_reviews.csv,4,neutral,neutral,0.9974635165729655
"Just bad, I placed an order for two burgers and received one, then later on I asked for a refund or to deliver to me later and they refused to do so, lost my money.",foodpanda_reviews.csv,1,negative,negative,1.4131237937825998
"Sometimes this app hang. After reinstalling, it works. Need improvement",foodpanda_reviews.csv,1,neutral,neutral,0.5608676381641843
It's not bad 😀🤗,foodpanda_reviews.csv,4,positive,positive,2.231852125230083
Kenapa saya tkbole nak login lepas update,foodpanda_reviews.csv,3,neutral,neutral,0.6264161079592127
Now dah okey,foodpanda_reviews.csv,5,neutral,neutral,0.8954786254109443
Always take too long to load.Getting worst.,grab_reviews.csv,2,negative,negative,1.4477064846818513
"It's really bad, I stoped booking with grab due to riders' rudeness, and when I have decided to give it a shot again, It says my account is suspended due to unusual activity and I have to make an appeal to have it reactivated. I'll just go with kther couriers then. If I could just give it zero stars...",grab_reviews.csv,1,negative,negative,1.2705609081242053
Food panda does not work in the area of uet lahore,foodpanda_reviews.csv,1,negative,negative,1.7099286566488328
My online food partner!,grab_reviews.csv,5,neutral,neutral,1.4901124990006722
All IS WELL KEEP ROCKING PREMJI🥰💞💋💖🔶️,foodpanda_reviews.csv,5,positive,positive,0.8186361912554074
Easy to use and more offers,grab_reviews.csv,5,positive,positive,2.756459993483091
good for lonewolf people hahah,foodpanda_reviews.csv,5,positive,positive,2.514178037244471
Have been using this app since it started. Better compared to the old versions.,grab_reviews.csv,5,positive,positive,0.3923811045873622
Saya tidak bisa update,grab_reviews.csv,1,neutral,neutral,1.2931916634296345
"Poor service, ordered but items were incomplete and I didn't even get a refund.",foodpanda_reviews.csv,1,neutral,neutral,0.5196367606953566
Bad experience of delivery fee,foodpanda_reviews.csv,1,negative,negative,2.020485713676902
"Very bad app, few days after always ask to update 😠😠😠",grab_reviews.csv,1,negative,negative,3.8402145817686564
Am from kenya a tourist in malaysia this app is good booked a cab an in 5mins was there and the rates are affordable introduce it in kenya,grab_reviews.csv,5,positive,positive,0.14744221175065086
"I try to connect with my card bank and they said i put info wrong. Like wth i already try almost 5 times. I hate it. And when i want to top up my money, they said i already log in my bank islam. I never open it. Nah i dont want to use grab anymore",grab_reviews.csv,1,negative,negative,0.9524264739407431
Poor service...,grab_reviews.csv,1,negative,negative,3.2208221285788343
Poor app and poor service,foodpanda_reviews.csv,1,negative,negative,3.083712313084497
"Such a useless app. U shud stop spending on ads and invest it in improvising this app. There r hardly 5 restaurants showing up any time of the day. And its always subway and bakers. Who eats sub's and cakes all the time. And places order on calls works faster than this. Delivery time is pathetic, takes muuuccchhh longer than placing orders on call.",foodpanda_reviews.csv,1,negative,negative,0.8774100730045626
mantap terbantu bgt buat kaum rebahan,grab_reviews.csv,5,positive,positive,0.906356720419762
Just see,grab_reviews.csv,4,neutral,neutral,1.023690159466685
fast delivery and the app is easy to use,foodpanda_reviews.csv,5,positive,positive,2.072342628099741
Nice to have apps to order some food. But it would be nice to i can change address to deliver more easily. Thanks,foodpanda_reviews.csv,4,positive,positive,2.799677155897088
its irritating . I'm sick of its advertisement,foodpanda_reviews.csv,1,negative,negative,0.9310215664532349
two time ive ordered! and ordered got cancelled. waiting almost 2 hours! and until now i didnt get my refund!! how pathetic was that? and no customer service can be call?,foodpanda_reviews.csv,1,negative,negative,1.188615070381141
Really hated this apps to be installed coz it took longer time then to wait for a cab,grab_reviews.csv,1,negative,negative,-0.12847152956144803
Worst app after update Very disappointed,foodpanda_reviews.csv,1,negative,negative,3.8955790010276936
"Good n great, sekedar saran aplikasinya terasa sedikit lemot coba buat lebih responsif",grab_reviews.csv,5,positive,positive,1.3063320162540328
nice but bryani is not good,foodpanda_reviews.csv,5,negative,negative,2.3592952315375797
If detailed description for the items was there it would be better,foodpanda_reviews.csv,4,positive,positive,0.8813009905476326
Very poor service for localfood delivery..,foodpanda_reviews.csv,1,negative,negative,1.7999680580836204
So far good naman,foodpanda_reviews.csv,5,positive,positive,2.3040808871165144
All the shops in my area are unavailable.,foodpanda_reviews.csv,3,neutral,neutral,0.30659727231359724
Terrible experience. I received wrong order and the Help Center did not seem to be that helpful. I felt so bad to get the wrong one I did not expect. I did not receive any help from this application at all. Not suggest for any reason. Use another app!,foodpanda_reviews.csv,1,negative,negative,2.2586479557870747
Pathetic Customer Service.... Just pathetic,foodpanda_reviews.csv,1,negative,negative,1.8824180619797426
The drink didnt seal properly when it arive pool out at the platic bag,foodpanda_reviews.csv,1,neutral,neutral,0.3346632019854012
Worst ever. Cancelling order without reading messages. Not understanding messages.,foodpanda_reviews.csv,5,negative,negative,0.9660280577145479
Rubbish!! Unable to reguster due server error. No online support for unregistered users.,grab_reviews.csv,1,negative,negative,1.6299939546387265
Worse app and shipping ever. Late na nga dumating wala man lang pasabi kung tuloy pa ba o hindi yung order mo. Nakakainis di pa matawagan yung costumer service nila,foodpanda_reviews.csv,1,negative,negative,1.0425493132632488
"Firstly cancel the order where I placed, then called n place the order with other restaurant n at last they didn't deliver the food. Worst app",foodpanda_reviews.csv,1,negative,negative,1.314757424188162
Grab now is cool! 👍,grab_reviews.csv,5,positive,positive,2.2613010645530016
Keren sekali keren sekali,grab_reviews.csv,5,neutral,neutral,1.1451192308650042
why cannot delivery at upnm?. I'm so sad & hungry.,foodpanda_reviews.csv,1,negative,negative,1.0197200728287026
Nakailang beses na ko mag try i-install ng app wala pa rin yung code 😑,grab_reviews.csv,1,neutral,neutral,0.31086453871619013
Until today my orders received with no issue for address. Grab food located my address accurately.,grab_reviews.csv,4,positive,positive,0.3952506229905721
I am so disappointed with grabcar as a platinium user. At this middle of 3 am usually customers are drunk to get a ride home. No cash allowed. I spent 25mins to get card payment done to get a ride. Location also not directly pinpoint after given the name. Since grab did not listen to the complaints to the driver and customer. I guess is better get other apps. Grab company i want u to know you are not one man show and you loose drivers and customer this way. May god bless you.,grab_reviews.csv,1,negative,negative,0.8966459955394197
Sangat selamat,grab_reviews.csv,5,neutral,neutral,1.0646417238236987
I didn't order and rider cl me mam we have your order ready what is this with out ordering order is ready,foodpanda_reviews.csv,1,positive,positive,0.017729469829561584
"Stopped using this app and moved to grab. Logged me out, keeps on giving a wrong address which does not allow me to edit or correct it. Even deleting the app and my account to create a new one does not work. It keeps informing me my phone number is already in use.",foodpanda_reviews.csv,1,negative,negative,1.92052575410928
Can't detect my email address/account via the app after I've updated it.,foodpanda_reviews.csv,1,neutral,neutral,0.4561528639315371
Foodpanda used to be a good app but their service is pathetic with regards to missing items in your order. Flat out say they can't reimburse you and also don't train riders to ensure food items are complete. Highly unprofessional,foodpanda_reviews.csv,1,negative,negative,0.9935544820864131
"I received a notification on the apps, i went to the app and see the notification. After that i kept pressing back button to get out from the app. Somehow the app ordered a grabcar",grab_reviews.csv,1,neutral,neutral,0.42400193738546976
Akun crab di bekukan(terblokir),grab_reviews.csv,5,neutral,neutral,1.2136163938995188
Apakah? Sibuk ja memanjang.,grab_reviews.csv,1,neutral,neutral,1.5188803805545283
"used the service while on holiday in Vietnam, very good service .",grab_reviews.csv,5,positive,positive,1.332437973435902
Huh...bila memerlukan mng takde 😏pagi hari org nak p keja nak book pun takde car.. apelah betol2 nolak rezeki. Verry poor service.,grab_reviews.csv,1,negative,neutral,0.063345221201355
In n O .k B in m.m,foodpanda_reviews.csv,4,neutral,neutral,1.2736013299380842
"Makin lama apk nya makin berat :""",grab_reviews.csv,4,neutral,neutral,1.0703218488125539
It's not good app 🤬🤬🤬🤬,foodpanda_reviews.csv,1,negative,negative,5.064702046117279
can't access my card on mt profile,grab_reviews.csv,1,neutral,neutral,0.6065988562841845
I hate this thing when i want to order...it just don't work!,foodpanda_reviews.csv,1,negative,negative,0.5229820683384396
"Works so well, makes getting around easy and cheap.",grab_reviews.csv,5,positive,positive,1.5654591199945183
Asal update xda utk booking kereta.. Bodoh punya grab.. Perlu sangatkh booking hotel dgn prepaid tu? Nk tempah kereta pun susah. Mmg bodoh org yg buat apps nie.. Kepala bapak dia bodoh.. 😠😠,grab_reviews.csv,1,negative,negative,2.43823751918023
"Regarding Grab Food: It's terrible. I keep getting punished for ""frequently cancelling my order"" due to THEIR RIDERS themselves asking to cancel. Reason being that ""they're too far"", 90% of the time. It's ridiculously stupid that I have to get timed out for a day for something that's not even my fault, and there's no way around it. Please fix this.",grab_reviews.csv,2,negative,negative,2.5467908166453856
Very good very fast and easy,foodpanda_reviews.csv,5,positive,positive,4.427037570709178
Worst complain center,foodpanda_reviews.csv,2,negative,negative,2.695534710258222
The system of this app sucks! The customer service are mostly stupid!! I will not recommend this app. NEVER! BETTER USE GRAB OR OTHER FOOD DELIVERY APP. THE RESTAURANTS ARE ALSO LIMITED. WORSE APP EVER!!,foodpanda_reviews.csv,1,negative,negative,2.432625584026302
Good app for those people who live a busy life.,foodpanda_reviews.csv,5,positive,positive,1.3279964373638335
"I had a voucher and i ordered from a restruant but the APP glitched out and changed my paymemt method so i immedeatly cancelled that order however i lost my voucher code as it can only be used once , i have been contacting customer helplines to give me another voucher code as it was the APPS fault it was used on a cancelled order however this simple problem that could be resolved in 2 minutes has been stretched into 2 WHOLE DAYS , and now i have been resticted from ordering by cash😡shittyapp🤮",foodpanda_reviews.csv,1,negative,negative,1.5531570510215098
good in ryk,foodpanda_reviews.csv,5,positive,positive,2.8180598399118395
I'd give it a 5 star if the restaurants were ordered alphabetically,foodpanda_reviews.csv,4,neutral,neutral,0.21273922591545635
"In Cambodia doesn't work!!! The worst service in all Asia!!! And nobody answers in the assistance service! To provide a bad service, it is better that you close the operations here in Cambodia! And they also use drivers who are IDIOTS!",grab_reviews.csv,1,negative,negative,1.648939043243904
"hi , masalahnya duit didalam bank telah berkurang tetapi duit tidak masuk ke dalam acc grab saya , jadi bagaimana cara utk saya dapatkan duit saya balik ?",grab_reviews.csv,1,neutral,neutral,1.2766309946591954
ก่อนสั่งขึ้นว่าให้รอ 40 นาที พอสั่งขึ้นให้รอ 77 นาที แจ้งแชทไปก็ได้แค่บอกว่าเป็นความผิดพลาดของแอฟ ก็ถูกต้องไงครับเป็นความผิดของแอฟ ก่อนหน้าออเดอร์วันนี้ เวลาขึ้นว่าอีก 1 นาทีอาหารถึงบ้าน สรุปรอไปอีก 20 นาที,foodpanda_reviews.csv,1,neutral,neutral,1.9158495765205878
"VEry grEat App,",foodpanda_reviews.csv,5,positive,positive,3.312308454107731
... 5 stars when txt/voice service is integrated.,grab_reviews.csv,4,neutral,neutral,0.4250756790669188
Great experience and hope more Innovation in the future,foodpanda_reviews.csv,5,positive,positive,2.3104088057042924
"Everytime i ordered food, there's something wrong abt the order. Example: i got wrong order, my order not completed, they suddenly cancelled my order, delivered the next day and NEVER REFUND. Im sorry, but foodpanda's services is the worst service ever.",foodpanda_reviews.csv,1,negative,negative,2.347500704371414
"very nice lady, drive safely & steady.",grab_reviews.csv,5,positive,positive,2.3290562215460335
Please never use their services..they are running a fraud business and cheating customers every time. If there was negative rating would have done that..,foodpanda_reviews.csv,1,negative,negative,0.8582444099316282
I love this app so much because it is handy and fast.,foodpanda_reviews.csv,5,positive,positive,2.3680115246127835
Thank pandas to keep me still alive!!,foodpanda_reviews.csv,5,positive,neutral,0.23878974835378086
Syarikat cuci duit dan tindas Vendor,foodpanda_reviews.csv,1,neutral,neutral,0.6596726063273743
Very convenient and grab kuya's are friendly 😊,grab_reviews.csv,5,positive,positive,1.6595867629535699
"Very good service. Got cancelled by drivers many times, but still, the facts that there's still many drivers that's warm and friendly is still nice.",grab_reviews.csv,5,positive,positive,1.838826821982624
What a miss management!!!!! Today i ordered food because guests was coming to my house. After 40 mins foodpanda office called and said there’s some mixed up and they need another 40 mins to bring foods or i have to cancel my order. I said cancel my order because i have guest and i cannot wait for another 40 mins. After Canceling raider came with food. I paid him. After he leaving foodpanda showing the order is cancelled in app and they sent me an email saying sorry.,foodpanda_reviews.csv,1,negative,negative,0.9024785695709698
"Fitur driver bisa ambil 2 order grab food dihapus saja, masa 2 order yg ga searah dan jauh bisa bareng. Jadi nunggu kelamaan.",grab_reviews.csv,1,neutral,neutral,0.7056821438038592
very service i am very happy and Rider very nice for customer i will used Grab again next my order Thank you,grab_reviews.csv,5,positive,positive,2.1428277922373278
Bad apps! Scammers!,foodpanda_reviews.csv,1,negative,negative,2.2432783840854897
U good one,grab_reviews.csv,5,positive,positive,2.708531433165019
"Poor service, di maka book",grab_reviews.csv,1,negative,negative,1.8828077351891688
Very use full in Lockdown time thanks food panda,foodpanda_reviews.csv,5,positive,positive,1.270736958669857
bai kamna ordar Div.,foodpanda_reviews.csv,5,neutral,neutral,1.2108111907404222
its saving our times,foodpanda_reviews.csv,4,neutral,neutral,0.4390323793760862
I was suspended and i dont know why. Your app sucks.,grab_reviews.csv,1,negative,negative,1.2513872562538522
"Laging nag popop up, (android) dinownload ko nalang para mahinto na sya.. annoying ang pota.. 😑",foodpanda_reviews.csv,1,negative,negative,0.9906913541511635
Easy and cheaper... Love it...,grab_reviews.csv,5,positive,positive,3.3516588967267893
Add option for upload the place photo woukd be nice i think,foodpanda_reviews.csv,5,positive,positive,0.5647064233361472
ichha rai loveyou,grab_reviews.csv,5,neutral,neutral,0.6813979861966295
All goods amazing app easy to navigate,grab_reviews.csv,5,positive,positive,2.3381046037490814
Super app cant launch when driver app is open.pls fix!!,grab_reviews.csv,1,positive,positive,0.07475227511079074
Bad service and oppression on it's riders,foodpanda_reviews.csv,1,negative,negative,1.7957231348699159
"It is ok. It gives you info about your delivery, however the group order is bugged. :-/",foodpanda_reviews.csv,4,neutral,neutral,0.8584181628564455
Memudahkan dan Membantu banyak org saat pandemi,grab_reviews.csv,5,neutral,neutral,1.014080603026404
Worst wrong billing,foodpanda_reviews.csv,1,negative,negative,4.800319620810811
Why can't schedule a ride?,grab_reviews.csv,4,neutral,neutral,0.8831113997695873
Their service sucks.,foodpanda_reviews.csv,1,negative,negative,1.4618335950500954
Its pretty nice and convenient to select and order foods while at home or office.,foodpanda_reviews.csv,5,positive,positive,1.2577221534216034
Not a friendly app to book a grab car.,grab_reviews.csv,3,negative,negative,0.3027465795209219
"I booked a taxi to go to justice hall to testify. The private car was 300m away. After 12mn the driver was still taking the wrong way and never listen to our instruction, we had to cancel or I would be late to court. I got overcharged by grab for canceling whole it's entirely the drivers fault. Read the messages exchange with that driver. Why don't you take it from him With grab, the client is alwzys the looser. Give us an option to ban those driver and disappointing restaurants. So we d never o",grab_reviews.csv,1,negative,negative,1.8426620540910439
"Good app,but some people are bad customer service & rude.",grab_reviews.csv,5,negative,negative,2.1413480158819707
Inefficient,foodpanda_reviews.csv,1,neutral,neutral,0.910699609863266
Thu guys to get a,grab_reviews.csv,3,neutral,neutral,0.987894905928945
Very poor when it comes to options of restaurants. There are hardly any deals available to reduce the exorbitant delivery fee.,foodpanda_reviews.csv,3,negative,negative,0.17186535300067707
"Bagus dalam kesopanan,ramah tamah,dan canggih banget semogah sukses",grab_reviews.csv,5,positive,positive,0.47203342371122337
"So far, great app!",foodpanda_reviews.csv,5,positive,positive,2.7841735751630656
The best delivery you can get,foodpanda_reviews.csv,5,positive,positive,1.7433944474998555
cannot used app since yesterday,foodpanda_reviews.csv,1,neutral,neutral,0.7556055855262704
"Not working in my phone. Pops ""unknown error""",foodpanda_reviews.csv,1,negative,negative,2.577559627889633
Your map always shows the wrong direction towards my location. Grab food now only shows limited areas. Before we can see stores around Eastwood to Marcos Hi-way that covers long distance deliveries. Fix your system please.,grab_reviews.csv,1,negative,negative,0.711532238593175
"Trải nghiệm quá tệ, hoàn toàn không thân thiện với người dùng",grab_reviews.csv,1,neutral,neutral,1.265682834809787
It's very nice application,grab_reviews.csv,5,positive,positive,1.4827084712343537
My panda,foodpanda_reviews.csv,5,neutral,neutral,0.8969664626158345
better than ober and save,grab_reviews.csv,5,positive,positive,2.181059871520336
Chit htoo,grab_reviews.csv,1,neutral,neutral,1.0081887542667567
So sad. Wait too long,grab_reviews.csv,1,negative,negative,1.5659663437826516
I can't log in..huhuhu I follow nman but why I can't log in.,grab_reviews.csv,1,neutral,neutral,1.7939953899276373
"Trash app and bad app experience if can give a negativebor zero stars I would do it in a heartbeat , can't even log in using Gmail and whenever I use my mobile it say to log in which I can't do since I'm using Gmail can't use Facebook to since that phone number is linked to may Facebook account, pls fix",foodpanda_reviews.csv,1,negative,negative,1.0776189444196693
"Its a good app but there's always room for improvement. First of all, it would be nice if the customer have their own ""Order Received"" Button in the app. The problem is, there are riders who press their ""Order Sent"" button even though the customer is yet to recieve the said order. This makes it very difficult for us (customers) because the app closes the map/rider location and we have no idea where or when the rider will arrive. I know some riders will take advantage of this flaw.",foodpanda_reviews.csv,3,negative,negative,0.7472470306252696
COMILES Resto pki.include,foodpanda_reviews.csv,4,neutral,neutral,0.835929657857923
"Whenever i install this app to buy food online, and put the location in it. It always says ""your country's not supported"" by this app i guess. Its kinda disappointing. 0 stars for me.",foodpanda_reviews.csv,1,negative,negative,0.5124534293565113
Thanks for nothing I wish i could give 0 stars Stupid people on Optp abbotabad I guess you dont know english I hate youuuu Money wasteeeee,foodpanda_reviews.csv,1,negative,negative,0.9082633810468934
Amang gopud. Pokoknya kalo ada orderan atas nama Qurani Rizky Faradhiba Asyari /Dhiba Qurani ... Gausa di ambil. Jalur perumnya di tutup semua . Emang kao ada heli? Gausa di ambil makanya... Tak slebew kao mau?! Haah?,grab_reviews.csv,1,neutral,neutral,0.5501637874625057
cacad x gak bisa pesan grabfood pake ovo.. sebelah aku bisa gadak mslh,grab_reviews.csv,1,neutral,neutral,0.8669292581582059
setelah update malah ga bisa dibuka. gimana nih?,grab_reviews.csv,4,neutral,neutral,1.2307041396704927
Putki mara kasem vai,foodpanda_reviews.csv,5,neutral,neutral,1.2403075145421216
good luck grab,grab_reviews.csv,5,positive,positive,2.2461462689426197
Jarak xsmpai 1km dri vendor.. tpi xblh order..,foodpanda_reviews.csv,1,neutral,neutral,0.9051897198004162
"Lousy App. Make me wait for more than an hour, just to auto cancel telling me no driver to deliver my food. Will asked customer service why. Only tell me compensate 3 dollars. I dun need your 3 bucks. I need my food. This is not the first time I got cancelled after waiting an hour. There are also several times whereby food items are missing. Please grab get your business priorities correct. Your service is getting from bad to worse.",grab_reviews.csv,1,negative,negative,2.1967481730372422
Good amazing.,foodpanda_reviews.csv,4,positive,positive,5.80376545883746
After the update i cant see the driver location before him/her take the food from the restaurant -__-,grab_reviews.csv,5,neutral,neutral,0.5209165394029801
Grab Food had improved a lot since the last time I used it. Great job!,grab_reviews.csv,5,positive,positive,1.5200212536856788
Moderchodera togo jalay kono appse duktari na.... Leurar advarase koron chodao public er goa mara,foodpanda_reviews.csv,1,neutral,neutral,0.40299414456217164
Not up date the shop name when type,foodpanda_reviews.csv,1,neutral,neutral,1.3663658954849462
Good and easy for us,grab_reviews.csv,5,positive,positive,4.157584541282235
lagging and sometimes bad gps. drivers are not selected carefully,grab_reviews.csv,3,negative,negative,1.4378040216264614
DO NOT USE THIS APP. THEY WILL NEVER REFUND YOU. I USED GCASH FOR UNSUCCESSFUL TRANSACTION BECAUSE OF SYSTEM ERROR BUT THEY SAID: THEY CAN'T PROCESS THE REFUND.,foodpanda_reviews.csv,1,neutral,neutral,0.7080694770833202
Ukkinnana paylang nagmayat atoy nga apps ..,foodpanda_reviews.csv,5,neutral,neutral,0.9512580647964649
"I pin my location and the driver they able to deliver me correctly but! Sometimes the pin that I always choose, appear in the driver different place far from my real location. And thay blame me for the wrong pin point! The worst is I'm not local people there. To describe where am I, which street makes me so stressed.",grab_reviews.csv,1,negative,negative,1.7403676404920558
Amazing work,foodpanda_reviews.csv,5,positive,positive,1.4031462935671006
TOUSEEF SULAIMAN,foodpanda_reviews.csv,5,neutral,neutral,0.9580783781825744
i order food but they cancel but i did not received my payment back!! already 1 week where is my money?!!!,foodpanda_reviews.csv,1,neutral,neutral,1.3272595699754544
Good app 👍👌👍,foodpanda_reviews.csv,5,positive,positive,4.778878156553058
"Tolong diedukasi lagi masalah top up OVO/GrabPay via driver. saya baru saja selesai top up tapi malah di omeli karena mengakibatkan dompet tunai driver berkurang. saya bisa saja isi ulang lewat atm, tetapi di kondisi terdesak saya harus top up lewat driver. Tidak jarang juga ketika saya ingin top up banyak driver2 yg menolak dengan alasan tidak tahu caranya, tidak ingin dompet tunai berkurang, dll. Mohon solusinya semoga masalah ini bisa teratasi.",grab_reviews.csv,4,positive,neutral,0.31294163528023766
"Sangat membantu sekali. Terimakasih untuk Grab, semoga makin sukses makin banyak promo diskonan juga wkwk",grab_reviews.csv,5,neutral,neutral,0.7629469220939568
"I use Grab mainly for Grabfood but looks like I'm going to stop use it. I already subscribed to the food plan, but whenever I order something either the restaurant didn't confirm or there was no driver who's going to take the order. I don't know whether it is the app error or whatever but it is too disappointing.",grab_reviews.csv,1,negative,negative,1.5149458953995882
When i open its auto closed. Dont know why.. Other apps are working great.,grab_reviews.csv,1,positive,positive,0.7785789559503733
"Best APP with out any problems, best service should be awarded",foodpanda_reviews.csv,5,positive,positive,1.3519435744927522
Had trouble with photo verification,grab_reviews.csv,2,negative,negative,0.49844190784902254
Map unreliable.,foodpanda_reviews.csv,1,neutral,neutral,1.2483074158373277
why I dont get voucher option?,foodpanda_reviews.csv,3,neutral,neutral,1.0466900735074487
Very good and would use grab service more frequently,grab_reviews.csv,5,positive,positive,2.5285981198931626
Delivery service good.,foodpanda_reviews.csv,5,positive,positive,2.1917039451742584
I can' log in,grab_reviews.csv,1,neutral,neutral,1.1484440987900428
"Can you improve your customer support? I already called grab for cancelling my order. My restaurant choice is closed. The drived yelled at me, mad at me, wth is that? I already called and nothing happens when i choose numer 1 2 and 3 and i still get an angry from the driver? I have already used this app for more than 2 years and i must to get this experience? Im disspointed. Can you improve that?",grab_reviews.csv,3,negative,negative,0.003901064370575691
I can't order food cause the code doesn't work,foodpanda_reviews.csv,1,negative,negative,1.249001106062297
What's up with GrabCar lately? Why it is getting expensive and twice the original amount? I used to go to class only for RM11-15 but today I need to lay RM30.20???,grab_reviews.csv,1,neutral,neutral,-0.0064560791475691826
I have no issue with this app but their customer care representative are worst they are not bothered to deal with their customer in a good way after so many complains they still ignore me therefore I m not going to download this app again and I will recommend others to order directly they even charge extra delivery charges when there are no charges so you can look for restaurants through this app but order directly from that place if you really want,foodpanda_reviews.csv,1,neutral,negative,0.5481153638810057
Easy to use...Good job guys,foodpanda_reviews.csv,4,positive,positive,3.3224309860774124
Take love,foodpanda_reviews.csv,5,positive,positive,2.700486359439421
"Nice app , bht kuch h is me bs dhundny me bht time lgta h",foodpanda_reviews.csv,4,positive,positive,0.45033938192109724
Happy eating,foodpanda_reviews.csv,5,positive,positive,1.1306343447652296
"terrible app, no cars, no drivers, and terrible customer service",grab_reviews.csv,1,negative,negative,2.5710002411459185
Dis apps sucks as time goes by.. Overacting in suspending my account!!!!!! Its been a week now and my moneybwas left der because i cant access my online!!!!!,grab_reviews.csv,1,negative,negative,0.6655649156321766
Uddin Mohammadnasir,grab_reviews.csv,5,neutral,neutral,1.0723319515149696
The fastest food delivery in town.,foodpanda_reviews.csv,4,neutral,neutral,0.26536365532401796
You dont know what youll get.,grab_reviews.csv,3,neutral,neutral,1.260175654612196
"Number 1 Stupid apps, important time Upgrade, Verified, Selfie, add Credit card. More problems... Faul apps.. Oh, credit card takda ""tabole pakai ini apps..? 😂 😂 stupid",grab_reviews.csv,1,positive,positive,0.6874495530104603
very helpfully support my work,grab_reviews.csv,5,positive,positive,0.9585536517238011
Many thanks for this facility...,grab_reviews.csv,5,positive,positive,1.340956982245516
Fatastic,grab_reviews.csv,5,neutral,neutral,0.8984182625410015
Food on the go!,foodpanda_reviews.csv,5,neutral,neutral,0.7896426076062034
Ditertibin lagi tuh driver2nya hampir semua engga beres !!,grab_reviews.csv,1,neutral,neutral,0.7055149926924575
"Terrible.order lain, dapat lain. Dah email pon xreply. Not recommended",grab_reviews.csv,1,negative,negative,1.1186705898266447
I am a pandapro subscriber for a year and everytime i order the voucher they offer is not applicable to my account. Happened to me almost all of the voucher codes they offer. Also it is very difficult to talk to an agent.,foodpanda_reviews.csv,1,negative,negative,0.8306147157699542
"It is too hard to book a Grab car. Drivers keep on canceling. Pls fix this. I hope you won't allow drivers to cancel or at least don't send accepted bookings if it isn't final. For example, yung binobook ko now is for an elderly di makalakad balik balik siya dun sa stop kasi cancel nang cancel yung mga riders. Napaka hassle. Please solve this issue.",grab_reviews.csv,1,negative,negative,0.905613724843751
Awesome for beat the hunger,foodpanda_reviews.csv,5,positive,positive,1.373781473447267
"So far, So Good 🙂",foodpanda_reviews.csv,5,positive,positive,2.4151378453312287
"Kesel si gbisa kebuka masa app nya cma bacaan grab doang ,TOLONG BGT DIJAWAB YA",grab_reviews.csv,5,neutral,neutral,1.136768628550482
Save friendly and fast,grab_reviews.csv,5,positive,positive,2.6417488258057906
Super love kona si food panda for more freebies,foodpanda_reviews.csv,5,positive,positive,3.4155945282068263
I dont know hm,foodpanda_reviews.csv,5,neutral,neutral,1.3122934295354667
"Unlimited delays, due to driver hold more than one order. Order may take up to 50min just for delivery. Unlimited cause bad user experience, & make the customer struggle without any solution from CS",foodpanda_reviews.csv,1,negative,negative,0.3914595760476933
More free deliveries and less delivery time.,foodpanda_reviews.csv,5,positive,positive,1.1850232007395853
"The service is very reliable, what Im not satisfied sometimes is the restaurants offer.. But FOODPANDA is impressive when it comes to customers service...",foodpanda_reviews.csv,5,positive,positive,-0.10580481378703821
Simple yet consumer friendly,foodpanda_reviews.csv,4,positive,positive,0.68070086446731
mabilis dumating ang mga rider at hindi mahirap ka usap agad agad nan dyan na,grab_reviews.csv,5,neutral,neutral,0.819620940938322
Worst app.They don't take even any action if any problem .I left cos they did not solve my Cash on delivery issue,foodpanda_reviews.csv,1,negative,negative,1.0419032372503554
Thank you for this wonderful app,foodpanda_reviews.csv,5,positive,positive,1.52479506579707
House kari india,foodpanda_reviews.csv,5,neutral,neutral,1.3103899482690975
maayos naman the best lahat,foodpanda_reviews.csv,5,positive,positive,1.4794146724258839
Potato corner only have 1 flavor and CUSTOMER SERVICES is bad 1 week my case still active no update or reply i recieve,foodpanda_reviews.csv,1,negative,negative,1.2495379029787679
Can't download app ANGKAS,grab_reviews.csv,1,neutral,neutral,1.1487608055544634
always happy with the services,grab_reviews.csv,5,positive,positive,1.0419879412652324
"Ko saya buka app grab pengguna slalu minta update padahal sudah saya update, selalu seperti itu trus, mohon info nya...",grab_reviews.csv,3,neutral,neutral,0.8771813033228424
Used to have better deals. Still serve its purpose of providing options for food delivery when there is not enough time to cook at home.,foodpanda_reviews.csv,4,positive,positive,0.6052428727777546
Sampah. Login dengan akun lama harus dengan pada waktu awal Login dengan sosmed.,grab_reviews.csv,1,neutral,neutral,0.8231342852931881
Solusi utk permasalahan saya tdk jelas,grab_reviews.csv,1,neutral,neutral,1.1264578238415386
"Aik number ka ghatiya aur bakwas app hai aik star ke bhi kabil nahi baas feedback dene ke liye star dena para, Itna time wait karwa kar order cancel ho jata hai, Aik time dene ke baad time mazeed barha dete hain, This is my personal opinion and experience, 😡.",foodpanda_reviews.csv,1,negative,negative,0.5886235032744351
"It's convenient, there's added vegan shops. I love it! 😃",foodpanda_reviews.csv,5,positive,positive,1.0956286019491468
🇧🇼🇨🇩7dl 🇨🇰🇨🇰🇨🇰 V fhg? 🗓📪 ⚾⚽🎣🏂🍟 jha😫😫😶😶😶😶🌁⛺⛺⬇🚯🖨📱🏫🕌🕍hrf stc. ICC cbn l,foodpanda_reviews.csv,5,negative,negative,1.0893474677191155
Nice app very useful for traveler,grab_reviews.csv,5,positive,positive,2.409660816580514
"For Delivery, please add a Share button where the recipient will also be able to track the rider on the Grab app. Thank you. This was added. Thank you, Grab.",grab_reviews.csv,5,positive,positive,0.7140509082303359
"Di pembaruan selanjutnya sertakan fitur verifikasi with fingerprint, untuk mempermudah seperti dompet virtual lainnya 👍🏻",grab_reviews.csv,5,positive,positive,0.33297886995667114
Untuk harga di grabfood tolong diupdate ya karena saya sering sekali memesan makanan dan harga nya selalu berbeda dari yang dicantumkan. Terimakasih,grab_reviews.csv,4,neutral,neutral,1.088974155423235
Good service salamat sa apps na to,grab_reviews.csv,5,positive,positive,0.7852573127855049
Graciass,grab_reviews.csv,4,neutral,neutral,1.1659378750334795
Hope it will be good for me. :-),foodpanda_reviews.csv,5,positive,positive,2.4792487878994036
Mẹ mày gửi Quảng cáo hoài z dm sợ ế ak,grab_reviews.csv,1,neutral,neutral,1.188882797019638
Overrated,grab_reviews.csv,2,neutral,neutral,0.898488209948902
WHAT A STUPID APP,grab_reviews.csv,1,negative,negative,2.5025900055867076
Great and quick app,foodpanda_reviews.csv,5,positive,positive,2.1891686018522085
Thumbs up to this app. Very user friendly.,grab_reviews.csv,5,positive,positive,3.1826551680066544
Expensive and always couldn't connect after update. Sucks.,grab_reviews.csv,1,negative,negative,1.158622853043458
can't found location,grab_reviews.csv,1,neutral,neutral,1.3685812205441388
I need to contact the driver for his tip...,grab_reviews.csv,5,neutral,neutral,0.7269201598569526
suka makanan download lah apps grab 😜,grab_reviews.csv,5,neutral,neutral,1.044510049850666
Where is my point going?,grab_reviews.csv,5,neutral,neutral,0.9823956606057129
the delivery app ever,grab_reviews.csv,5,neutral,neutral,0.3536475789799245
Not good. Charged my debit card twice and they didnt refund me the amount. They want me to do all the hassle coordinating with the bank while theu easily double charge me on my booking.,grab_reviews.csv,1,negative,negative,0.7488441359508138
"Service Bangang, Pasal sistem Bodoh korang, rider jadi mangsa. Officially Uninstall this Stupid service",foodpanda_reviews.csv,1,negative,negative,1.4779976379142905
This App could beat the grab food. It's amazing I wish more people order here.,foodpanda_reviews.csv,5,positive,positive,1.8506000716229531
Aplikasi bangsat login aja susah,grab_reviews.csv,1,neutral,neutral,1.0691881878197136
Cannot rate the restaurant. so i rate it here....,grab_reviews.csv,1,neutral,neutral,0.8047297972065226
"Selalu berikan layanan yang baik karna mulai saat ini para pengemudi grab baik/car pada males ngambil orderan ketika dapat orderan jarak jauh dan sering menilai dari harga argo mangkanya para pengemudi malas,tingkatkan layanan untk costumer",grab_reviews.csv,5,neutral,neutral,1.1720074043795519
"I love the fact that food panda are available in my area but..... I hate the fact that it need to be updated all the time plus, I was facing the problem once where I ordered something and it just canceled without refunding my money.",foodpanda_reviews.csv,2,negative,negative,0.1853871215664915
Some grab drivers are rude,grab_reviews.csv,4,negative,negative,1.2957579310672074
"Good app, I love it",foodpanda_reviews.csv,5,positive,positive,5.4688487453638555
Fazol itni fazol cheezen dite hain Allah maf,foodpanda_reviews.csv,1,neutral,neutral,1.0907238940006283
kurang promo,grab_reviews.csv,1,neutral,neutral,1.1933523103451642
Horrible customer service,foodpanda_reviews.csv,1,negative,negative,1.8110539846928582
"Add local Items and also Add ""Khareed Lao"" option what ever we Want.",foodpanda_reviews.csv,4,neutral,neutral,0.749292499110384
An excellent way to get around the city with some useful visitor tips.,grab_reviews.csv,5,positive,positive,1.8129711294257935
This app is not installing...,foodpanda_reviews.csv,1,neutral,neutral,0.9104584756491937
Absolutely useless.,grab_reviews.csv,1,negative,negative,1.6311136603373
"Nice application, banyakin promo lagi ya. Persentase nya tolong di naikkan. Cengkiu",grab_reviews.csv,5,positive,positive,0.020654493481698788
Plz delete fare high due demand this is not good and very costly than other taxi online,grab_reviews.csv,3,negative,negative,1.0866214059911066
"Terrible experience with the app. No restaurants are open at all aside from Boozy. And I live in Las Piñas, Metro Manila. Please fix the app!",foodpanda_reviews.csv,1,negative,negative,0.7761827930788567
Very bad experience over all.,foodpanda_reviews.csv,1,negative,negative,2.143356493884779
Your apps sucks doesnt show correct info,foodpanda_reviews.csv,1,negative,negative,0.1552442042008526
I like it a lot but sometimes I can't give any stars to restaurants-,foodpanda_reviews.csv,5,neutral,neutral,1.3186827733261655
"best ride, accessible anytime,anywhere in Manila.",grab_reviews.csv,5,positive,positive,1.3651680517979827
No contact number just the email. The system is not so smooth and the live chat is not functioning sometime when I have urgent questions to ask. Customer service is terrible.,foodpanda_reviews.csv,1,negative,negative,1.2809631884933586
I got a call from the driver said that i booked him but i don't. I even receive e-receipt even not me that used the service. I hope they can secure user information more.,grab_reviews.csv,1,positive,neutral,0.29928932451203516
Charged ridiculous high delivery fees for food and grab car fees has been horrible. Customer service is unhelpful.,grab_reviews.csv,1,negative,negative,2.2141501612160095
can you help me? i already topup in grabpay but i cant use it... i dont know the problems... ive already updates.,grab_reviews.csv,5,neutral,neutral,0.9841440510670776
"Nice promos, good for shopping too. App still has some glitches and quirks, but overall a positive experience.",foodpanda_reviews.csv,4,positive,positive,1.1631824061565001
Good and reliable online service,grab_reviews.csv,5,positive,positive,1.4487939922123447
Costumer service is useless. And riders always delay the delivery,foodpanda_reviews.csv,1,negative,negative,1.4617263089569383
"Exclusive, great and exciting",foodpanda_reviews.csv,5,positive,positive,1.9754065558145728
"sudah bagus, tinggal harganya saja diturunkan, agar bisa bersaing dengan angkot baru sempurna 👍",grab_reviews.csv,4,positive,positive,1.2942062510412538
Suddenly an aweful experience online payments not working,foodpanda_reviews.csv,1,negative,negative,1.442003622882213
I would prefer to order from here even if i am in the shop itself,foodpanda_reviews.csv,5,neutral,neutral,0.3975557423992795
Love it. App is userfriendly n easy to order all,foodpanda_reviews.csv,5,positive,positive,3.5538715721893457
So bad no vocher work 3rd class service,foodpanda_reviews.csv,1,negative,negative,1.3928901761600607
The app is realy good,foodpanda_reviews.csv,5,positive,positive,1.81363481985647
This app helped me a lot,grab_reviews.csv,5,neutral,neutral,0.8113854592484998
"Grabpay ga bisa dipake. Telpon cs bilangnya otomatis terpakai jika ada saldo. Nyatanya ditagih driver dan saldo tidak berkurang. Untung bawa cash. Sudah 3 hari tidak ada jawaban jelas dari email supportnya. Nelpon udah males, soalnya terbukti salah. Nyesel topup grab.",grab_reviews.csv,1,neutral,neutral,0.6623912937452451
Great service and thank you.,grab_reviews.csv,5,positive,positive,2.858247043235745
Working man,foodpanda_reviews.csv,5,neutral,neutral,0.7583699778580142
Bookings are auto-accepted but the drivers will ask you to cancel insisting they can't deliver from cebu city to talisay city. Such a waste of time.,grab_reviews.csv,1,negative,negative,0.6417731774515048
I can order everything just by sitting,foodpanda_reviews.csv,5,neutral,neutral,0.38983587280910803
I have ordered food from karachi red rock johar town but they refused to deliver order and I contact with chat room against this issue and Mrs.areesha khan chat with me but she has not proper respond to deliver order and left the chat without any response or reason it's really bad experience to order from food panda,foodpanda_reviews.csv,1,negative,negative,0.5260943391066635
I installed thrice but it won't proceed,foodpanda_reviews.csv,1,neutral,neutral,1.9303180347992295
this food service is really too bad and customer services also very poor. it is not convenient for ordering. too bad 👎👎👎👎,foodpanda_reviews.csv,1,negative,negative,4.026723235663738
Good if you need food fast,foodpanda_reviews.csv,5,positive,positive,1.7832982637410948
banyak promonya nih pake grab,grab_reviews.csv,5,neutral,neutral,1.142525230941397
Getting worse. always cannot connect to server.,grab_reviews.csv,1,negative,negative,0.49692718395356117
"Wrong restaurant listings, wrong amount totaling, misleading offers and pathetic service. This is the last time I used this in my life!",foodpanda_reviews.csv,1,negative,negative,2.550315418151522
Bad system. Waiting for an hour for food from restaurant that not even 1km from my place. Very stupid apps. Out of blue cancelling my order. Pfftt.,foodpanda_reviews.csv,1,negative,negative,2.336736903079343
Can't login to my accoun,grab_reviews.csv,1,neutral,neutral,0.7609319521757139
Hút máu đối tác,grab_reviews.csv,1,neutral,neutral,1.3892909774414433
It's not working in my phone,grab_reviews.csv,1,negative,negative,1.9108269123564021
"GrabFood is sucks. They couldn't even find delivery guy so they just cancelled my order (after been waiting for 30 minutes). Sometimes they couldn't even delivered because of the distance (which is nonsense because it's not even more then 3km). Try Grab Ride also worst. I have to wait like more then an hour to get a driver every single time. Much worst, the price are ridiculously expensive (not at peak hour).",grab_reviews.csv,1,negative,negative,2.3926050382515194
"Easy to use and better than Uber... Got problem, can call them. More personalise and relational.",grab_reviews.csv,5,positive,positive,2.325279179291628
This app is salim.,foodpanda_reviews.csv,1,neutral,neutral,1.0165385469290786
Thorbaekkkk,foodpanda_reviews.csv,5,neutral,neutral,1.4821721697802757
"i can't update it, what's wrong, i've been trying forever but still it doesn't work out, imma give you 2 stars, i'm sorry, but you gotta fix this ASAP",grab_reviews.csv,2,neutral,neutral,0.14775009849065146
GPS for ETA is brutal.,grab_reviews.csv,3,negative,neutral,0.8022954641258433
"Your apps stated Rm4, drive r asked for Rm6 with the reason that the app was wrong",grab_reviews.csv,1,negative,negative,1.362161185648942
Worst app ever used,foodpanda_reviews.csv,1,negative,negative,2.840562534849266
"Cepet, mudah, murah, mantap",grab_reviews.csv,5,positive,positive,1.6241891105781796
"This app is terrible, I ordered from merchant and my payment was on hold, however the system itself cancelled the order because there were no rider nearby,however the payment was already charged to my account and the giftcode used isn't available anymore, this platform is worst. Can't even contact customer server because they only available at 9am to 6pm which is worst because anytime could go something wrong.",grab_reviews.csv,1,negative,negative,2.117317612780691
Ok. Easy to use,grab_reviews.csv,4,positive,positive,3.6146810065787687
Don't show any resturants on search engine.,foodpanda_reviews.csv,1,neutral,neutral,0.42725191617365543
Banyak promo. Gampang dipakai.,grab_reviews.csv,5,neutral,neutral,1.1015038563422306
Poor. My account was suspended for no reason at all!,grab_reviews.csv,1,negative,negative,1.0909273798868804
Worst customer service. Not received order for 1 hour and we had to personally go and pick up the order,foodpanda_reviews.csv,1,negative,negative,1.0304222368159786
"Food panda is better and will show u the restaurants that are available and will show u as well the one that is not available,not like the other food app which is Lala will let u click the restaurants and food but after it it will shows up ordered expired or anything error and can't even use the vouchers,,Food Panda is Amazing and the Best",foodpanda_reviews.csv,5,positive,positive,1.1910547891037846
This is amazing app💏,foodpanda_reviews.csv,5,positive,positive,1.4313908154513009
Bakwase sar wase in Pakistan,foodpanda_reviews.csv,1,neutral,neutral,0.17062387990841965
More promos and keep us safe all the time.,grab_reviews.csv,5,positive,positive,1.3223047994225114
bad application .. i cannot even place my order .. wasted my time only ..,foodpanda_reviews.csv,1,negative,negative,2.105833115366435
Not working in Muzaffargarh Punjab,foodpanda_reviews.csv,1,negative,negative,1.784252826548856
Lebih ditingkatkan lagi,grab_reviews.csv,5,neutral,neutral,1.126730965768524
lalalalalala,foodpanda_reviews.csv,5,neutral,neutral,1.4636890054241898
Tutorial pesan dua kali dong mna,grab_reviews.csv,4,neutral,neutral,0.6800127286952511
useless useless waste Application. After giving the order it takes a lot of time to clear it.While waiting our guests go back to their homes.,foodpanda_reviews.csv,1,negative,negative,1.3845169446974355
palagi nyo cinacancel order ko!!!! 😠😠😠😠😠,grab_reviews.csv,1,negative,negative,2.573089486604203
There's always free delivery unlike foodpanda😅,grab_reviews.csv,5,positive,positive,1.255031386732959
My number was blocked for a very long time but then they solved my issues Much appreciated!,foodpanda_reviews.csv,5,positive,positive,0.4864195507105433
I can't use my voucher very bad experience,foodpanda_reviews.csv,2,negative,negative,1.785229997542305
Good app..excellent,grab_reviews.csv,5,positive,positive,4.424255179129903
"It is going worst day by day! My question is that if there are maximum numbers of bad reviews on a particular restaurant, why you can't simply removr them from food panda!",foodpanda_reviews.csv,1,negative,negative,1.6370663680958648
MATAAS ANG PAMASAHE,grab_reviews.csv,2,neutral,neutral,1.3141872417140037
So far so good. I can even use FoodPanda to send food/drinks/items to my family members in different districts.,foodpanda_reviews.csv,5,positive,positive,0.5128610735059391
BS I never installed.,grab_reviews.csv,1,neutral,neutral,1.2015961465010567
The delivery fee is terrible 🤮🤮. The fact that the company takes more money from the stores is awful. This app is not friendly for small business owners 🤮🤮 they take more money from them. Then the delivery fee is more pricey 👎🏻👎🏻🤢. They worship money🤮👎🏻,foodpanda_reviews.csv,1,negative,negative,3.873160049744818
"I had to wait for 1 hour and 48 minutes after the rider picked up my order because of your stupid process called ""double run"". Why do they have to wait for the order of others before delivering my order?",foodpanda_reviews.csv,1,negative,negative,0.9769174086818513
grabfood awesome!,grab_reviews.csv,5,positive,positive,1.4345201326391555
"Wajib instal ini! Kapan aja butuh taxi, gampang bgt kl pake grab",grab_reviews.csv,5,neutral,neutral,1.1533801994426058
D ako maka pag update sa grab,grab_reviews.csv,5,neutral,neutral,0.9913953343235468
Error di android marshmallow 😭😭,grab_reviews.csv,1,negative,negative,2.752152131269734
Nice application to order food groceries but there is no chicken in the meat area but it is rated to be 5,foodpanda_reviews.csv,5,neutral,neutral,0.12487080179972576
Hari ini dua kali saya menggunakan grab dan dua kali salah rute. Titik yang ditunjukkan aplikasi tidak tepat. Rugi waktu yang sangat berharga. Perbaiki,grab_reviews.csv,1,neutral,neutral,0.6091877617401545
"Harga ongkir naik , terimakasih",grab_reviews.csv,1,neutral,neutral,1.0244422410743506
Very good helpful app,foodpanda_reviews.csv,5,positive,positive,3.652921043333029
so bad👎👎👎👎👎👎👎👎👎👎,foodpanda_reviews.csv,1,negative,negative,5.640406759421923
"Worst food and high price, don't odrer foods and don't dowload this app.",foodpanda_reviews.csv,1,negative,negative,0.8431728661215163
Adorable Experienced Thanking &Regards,foodpanda_reviews.csv,4,positive,positive,0.1713346318008484
Grab is the perfect ride for us,grab_reviews.csv,5,positive,positive,1.3397685941157713
Pinamahal na nang husto ang pamasahe tapos bagal pa nang apps,grab_reviews.csv,1,neutral,neutral,0.6617473797696775
Very disappointing today's in optp order,foodpanda_reviews.csv,1,negative,negative,1.3053711274695377
"horrible and inefficient matchmaking, have been trying to find a driver for 1 whole hour??? Come on you should be better than this I am very disappointed",grab_reviews.csv,1,negative,negative,1.3336514301738958
"It really ""Works""! Great job!",grab_reviews.csv,4,positive,positive,1.5823877632543886
Very good and makes it easy to order food from home.,foodpanda_reviews.csv,5,positive,positive,2.8065794414139305
Poor delivery Pora order plastic ma gar Gaye ta...,foodpanda_reviews.csv,3,negative,negative,0.625312385487137
App is so laggy! So selfish sa vouchers unlike foodpanda,grab_reviews.csv,1,negative,neutral,0.11596084801987327
Always reliable and affordable.,grab_reviews.csv,5,neutral,neutral,0.96330299919709
"Worst delivery app ever, I can't verified using my phone number, so I contacted the support team 8 times, still they cant solve my problem! Such a joke. Ask me to restart my phone reinstall the apps.. I done all still unable to verified. Worst app !!!",foodpanda_reviews.csv,1,negative,negative,1.9034813390832772
khabar e kono test nai... picture e dekhte valo but order er por baje khabar dey 🤢,foodpanda_reviews.csv,1,negative,negative,0.5631595417294957
Awfull app. Worst service,foodpanda_reviews.csv,1,negative,negative,2.6602312965764283
Amazing update thank you! foodpanda,foodpanda_reviews.csv,5,positive,positive,1.7153626366594164
Very quick and easy to order..,foodpanda_reviews.csv,1,positive,positive,2.029337129889784
Cheap and also helpful for transportation,grab_reviews.csv,5,positive,positive,0.539011716574672
"Duit dalam bank dah dipotong, order tak masok!",foodpanda_reviews.csv,1,neutral,neutral,0.6489165400050922
Senang app,foodpanda_reviews.csv,5,neutral,neutral,0.9826603816593601
"foodpanda is very generous when it comes to its food vouchers and deals. in addition, the delivery guys are kind and on time.",foodpanda_reviews.csv,5,positive,positive,0.9229887048528538
yaaokelah,grab_reviews.csv,5,neutral,neutral,1.3792592542618698
"Gwa gak tau kalo di region lain, tapi GrabID BRENGSEK!!! GrabCar no problem.. Motor jg normal.. GrabFood? 😠😠😠😠😠👎👎👎👎👎🖕🖕🖕🖕🖕 Driver PEMALAS, Cancel banyak alasan dan minta customer yg cancel <== ujungnya Gwa yg disuspend..padahal jelas ulah Driver, plus ditambah sistem suspend td yg gak jelas..lengkap sudah BOBROK!!! (bukti capture lengkap di Gwa) #UninstallGrab 🖕😠👎",grab_reviews.csv,1,negative,negative,1.6805691649624492
The time dispalyed in the app si not showing the real time you have to wait for your food. Very disappointed. Not recommend at all.,foodpanda_reviews.csv,1,negative,negative,1.634296684626043
"Don't download this app, you can try Uber Eats!!! It is better.",foodpanda_reviews.csv,1,positive,positive,0.11377874588916459
Pangit Ang update. Anyare???? Uninstalled done,grab_reviews.csv,1,neutral,neutral,0.6805372192093915
Pathetic app. Gets constantly stuck and loads continuously,foodpanda_reviews.csv,2,negative,negative,0.522102907214151
Very good apps for food delivery at a quick time,foodpanda_reviews.csv,4,positive,positive,1.457088831298204
Terrible service from food panda. Placed an order which got delayed 3 times (that is 1.5 hour). Even the customer service agents were of no help. Later after 1.5 hour the agent said that the order would be complimentary as they had delayed and 30 min later (making it 2 hours) they cancel the order themselves. Terrible service will never be ordering again,foodpanda_reviews.csv,1,negative,negative,1.8660648537911584
The delivery is very affordable price..i love ittt❤❤❤❤😍😍😍,foodpanda_reviews.csv,5,positive,positive,2.7180489354906436
the offers is not friendly to small orders,grab_reviews.csv,3,negative,negative,1.0781974551698346
Fast delivery near resto availability is awesome,foodpanda_reviews.csv,5,positive,positive,1.7695273901531274
Its utter rubbish!! Most useless waste of space I've ever encountered on my mobile!!! Don't bother with it. Not user friendly. No easy access to hotline. No helpline. Everything is closed in the middle of he day. 20 mins of my life I'll never get back wasted on a stupid app and I'm still hungry!!!😠,foodpanda_reviews.csv,1,negative,negative,2.918918001083607
Been great woth d app,grab_reviews.csv,5,positive,positive,1.9154474264743866
"Stupid Service that let's you pay Max surge because of MONOPOLY here in Manila. Also if you choose the cheaper amount in Grab Share, 1 hour into looking for a ride, still none. You guys might as well remove that option.",grab_reviews.csv,1,negative,negative,0.6261838844681482
"Worst app, useless delivery riders",foodpanda_reviews.csv,1,negative,negative,4.243191734101391
Namwah shud b added,foodpanda_reviews.csv,5,neutral,neutral,1.2310146902416443
Im so happy with this application,grab_reviews.csv,5,positive,positive,0.8918572116338039
I have been asked to input a verification code before placing order. Even i input it right the app says wrong.,foodpanda_reviews.csv,1,negative,negative,-0.06308097314651162
Fake app is very bad app,foodpanda_reviews.csv,1,negative,negative,4.248341748453647
Helpful and great service,grab_reviews.csv,5,positive,positive,2.63298671999012
I've order the food from myeongdong topokki from oneutama and my location clearly show I'm at Kepong but the driver went to Petaling Jaya uptown and said my location wrong selected and it's not just about refund how are you gonna pay back my lunch time!!! I'm still have to work with my hungry feel,grab_reviews.csv,2,negative,negative,0.1722856839656608
This stupid app is canceling all my orders,foodpanda_reviews.csv,1,negative,negative,2.070126867644439
Food deluvery,foodpanda_reviews.csv,5,neutral,neutral,1.053136287323274
This apps is easy to use. No problem so far. I hope that Grab come out with other better feutured. Keep it up..!!,grab_reviews.csv,5,positive,positive,3.3009137721476884
"I received bad cake from grab food. When I try to complain, the app crashes when I try to upload the photos. Can't submit the complain without the photos. So basically no way to complain or get my money back",grab_reviews.csv,1,negative,negative,0.77365753250966
"Nice app, services overall everything good.",foodpanda_reviews.csv,5,positive,positive,3.4311704370653446
Best app for food lover like me,foodpanda_reviews.csv,5,positive,positive,3.2212128769151933
ফালতু Company. কোন কারন ছাড়াই ভেন্ডর এর সাথে চুক্তি ভংগ করে। ব্রাহ্মণবাড়িয়াই আমি সর্ব প্রথম চাইনিজ ফাষ্টফুড রেষ্টুরেন্ট ভেন্ডর হিসেবে আমার রেষ্টুরেন্ট চালু করি। অন্য রেষ্টুরেন্ট গুলু ফুডপান্ডা কে পাত্তাই দেই নাই। কিন্তু পরে কিছু রেষ্টুরেন্ট চালু হওয়ায় আমার রেষ্টুরেন্ট বাদ দিয়ে দেই তারা। ফালতু একদম ফালতু।,foodpanda_reviews.csv,1,neutral,neutral,0.8099129908419007
Ghatia zalil app hy ye 😡😡,foodpanda_reviews.csv,1,negative,negative,1.7860301900452091
Pelayanan Grabfood khususnya Kota Manado Sangat-Sangat Mengecewakan. Dengan Pembatasan Area. Hampir semua Restoran/Rumah Makan di batasi area. Padahal masih dalam kota Manado.,grab_reviews.csv,1,neutral,neutral,0.8963337098537649
terabaik,grab_reviews.csv,5,neutral,neutral,1.221458009533626
the app itself is good but the help center sucks. no help at all. they can't even resolve my complaints.,foodpanda_reviews.csv,1,negative,negative,0.7060132725270405
udah pake high accuracy tapi gak bisa login pfttsssss,grab_reviews.csv,1,neutral,neutral,1.1028963316114269
got my delivery on time ✔,foodpanda_reviews.csv,5,neutral,neutral,0.44007575166456636
❤️ good for food,foodpanda_reviews.csv,5,positive,positive,4.533463014754147
It's hard to view the realtime road that the grab food's driver take in the new updated version. I can not find where they are. Very bad.,grab_reviews.csv,2,negative,negative,1.351008933189802
Best wishes and thanks for the first time,foodpanda_reviews.csv,5,positive,positive,3.230565025822944
LEMOT....!!!!?,grab_reviews.csv,1,neutral,neutral,1.2912498460209232
It such a great apps,foodpanda_reviews.csv,4,positive,positive,1.8434745390535958
Aku fans beratmu grabcar. Pelayanannya selalu super ramah. Sukak 😘😘 maju terus grab,grab_reviews.csv,5,positive,positive,0.5731531116526571
Majority of the driver were polite and friendly.,grab_reviews.csv,5,positive,positive,0.7549794536199472
I like the food and it is very fast,foodpanda_reviews.csv,5,positive,positive,1.6267815411551723
Nice app its work,grab_reviews.csv,5,positive,positive,1.3057860076601424
After update why cannot make payment by cash,grab_reviews.csv,1,neutral,neutral,1.1158623720281344
Terrible employer towards their employee.,grab_reviews.csv,1,negative,negative,0.742374107159355
Good for consumers,grab_reviews.csv,5,positive,positive,1.4883348440549187
It's a really great app but sometimes it doesn't show any restaurants in my location but when it works it's really satisfying,foodpanda_reviews.csv,4,positive,positive,0.052623174423743535
Banyak promo mantapppp,grab_reviews.csv,5,positive,positive,1.8479786538045995
Price is too much. Better use Pathao.,foodpanda_reviews.csv,1,positive,positive,0.40637554340677395
Keep on jumping location 👎👎,grab_reviews.csv,1,negative,negative,3.0916996895866933
"Good app, but food menus are not translated to English from thai. So cannot use grab food.",grab_reviews.csv,3,neutral,neutral,0.3630820239841257
App keeps asking me to subscribe.,grab_reviews.csv,1,neutral,neutral,1.079373125563527
so stupid that i had to make verification in order to transfer my money on the same bank that i topup with. menyusahkan lorh,grab_reviews.csv,1,negative,negative,0.6188640449790452
Good ho gya,foodpanda_reviews.csv,5,positive,positive,1.9123785918101202
Fast response good service..,grab_reviews.csv,5,positive,positive,3.0740702242657454
"Cannot auto set the right location！ I use grab to set my location at mourt erskine grove ,but apps lead the drivers go to taman kristal！actually is taman teguh ！！！！",grab_reviews.csv,3,neutral,neutral,0.6952918934448596
Really we are happy. Because Grab alwyas give good service,grab_reviews.csv,5,positive,positive,2.5868929148981357
Anyone facing similar issue of not being able to login to app? Started last week can't seem to log into app itself. Tried uninstalling and reinstalling yet same issue...,foodpanda_reviews.csv,1,neutral,neutral,0.148144429514528
The worst service ever. Irresponsible service,foodpanda_reviews.csv,1,negative,negative,1.7094107525568991
Poor service and mindset,foodpanda_reviews.csv,1,negative,negative,2.1613372071631924
KFC say order magwaya wo bhi NAHi aya,foodpanda_reviews.csv,1,neutral,neutral,0.9032184302965225
Bad apps...hate it,grab_reviews.csv,1,negative,negative,5.786551670553582
Excillent experience,foodpanda_reviews.csv,5,neutral,neutral,0.4899118808896825
"This a terrible app they dont notify you if your order has been picked up and the estimated time delivery keeps changing from 5 mins to 40mins again, youll have to wait for 1 hour to received your order.",foodpanda_reviews.csv,1,negative,negative,1.1990617328186928
No one makes delivery in my area. Gotta love living in the middle of nowhere I guess,foodpanda_reviews.csv,1,positive,neutral,-0.2754679615324709
ইউটিউবে যাইতে পারি না তোদের জ্বালায় 😡,foodpanda_reviews.csv,1,negative,negative,4.045513544891698
Not yet experience any bad issue with grab. Keep up the good work and please reward all your awesome drivers,grab_reviews.csv,5,positive,positive,1.3434488744022042
I can't update this application,grab_reviews.csv,1,neutral,neutral,1.135630530886341
I am happy using Grab for my daily commute.,grab_reviews.csv,5,positive,positive,0.45649524823668686
promo code not working after updating app,grab_reviews.csv,1,negative,negative,1.3568047495604771
Goop aplication,grab_reviews.csv,5,neutral,neutral,0.8545786770083801
Please rate foodpanda very bad.,foodpanda_reviews.csv,1,negative,negative,1.731522400947942
gak bisa mesen kadang kadang padahal lagi perlu 👿,grab_reviews.csv,4,negative,neutral,-0.08213067978575861
"Best service in city,no one can achieve the level easley.",foodpanda_reviews.csv,5,positive,positive,0.9056170975919635
My first time with this app but its good thanks,foodpanda_reviews.csv,4,positive,positive,2.837593919459885
"drivers who are very no brainer, carry cars at high speed and what you not see im with my baby. very very stupid. I pay and not free!!!! !",grab_reviews.csv,1,negative,negative,1.2857751405629507
Kasih bintang sapa tau dapet promo grabbike,grab_reviews.csv,5,neutral,neutral,1.1828778248704246
routingnya suka ngaco kadang suka kasian sama driver grab car yang di kasih routing motor,grab_reviews.csv,3,neutral,neutral,0.9365095585212272
Worse app ever,foodpanda_reviews.csv,1,negative,negative,2.179694042080925
This app is so stupid because neither the driver or myself can't cancel my order because the resuatrant is closed. I have to wait a long time to reach the stupid customer service that slowly responded and manually cancel order from the customer service itself. Seriously why remove the cancel order especially with condition like this?!,grab_reviews.csv,1,negative,negative,2.168037282410199
"Các tài xế đi nhanh, ẩu, chen lấn, lạng lách, vượt đèn đỏ nhiều. Ngoài ra ứng dụng cũng rất chậm, hay lỗi kết nối, bản đồ sơ sài và công cụ tìm kiếm kém thông minh.",grab_reviews.csv,2,neutral,neutral,0.7438207106544308
they deliver,foodpanda_reviews.csv,5,neutral,neutral,1.3401909728329784
I think so,grab_reviews.csv,5,neutral,neutral,0.20380981355572025
"I tried this application as suggested by my sister. I tried to book a driver from Alabang Town Center to NZ Embassy in Makati but after spending half an hour; nothing happened. It says it can't find me a driver. Now, I tried to book again from Alphaland to Molino but I got the same error message. Useless.",grab_reviews.csv,1,negative,negative,1.0153225222465179
My hungry app,foodpanda_reviews.csv,5,neutral,neutral,1.1017832179742233
Good app. really help me. thx,grab_reviews.csv,5,positive,positive,2.8107417525824374
App is useless. Only in thai language. Deserves a 0 rating. Disgusting,grab_reviews.csv,1,negative,negative,2.1491855678971072
"Intuitive, reliable, and most importantly it is useful.",grab_reviews.csv,5,positive,positive,0.7807438574061429
Excellent app best services,foodpanda_reviews.csv,5,positive,positive,1.8234262171387663
discounts and a lot of options,foodpanda_reviews.csv,5,neutral,neutral,0.34173417717372745
"Great apps, helped a lot.",grab_reviews.csv,5,positive,positive,1.8542671045921806
Easy to use and good deals,foodpanda_reviews.csv,5,positive,positive,3.5516243008398014
Powerful HAHAHAHAHAHA,foodpanda_reviews.csv,5,positive,positive,0.3284936407552326
Orders are incomplete and the address system is so complicated because of the limited locations available. Had a very bad experience won't use this app again.,foodpanda_reviews.csv,1,negative,negative,1.5058705882504362
Can't open the apps in my oneplus one phone. What's wrong?,grab_reviews.csv,5,negative,negative,-0.03845683516154552
ramah dan nyaman terimakasih,grab_reviews.csv,5,neutral,neutral,1.2192602465788984
"The location is very bad, impossible to locate my house, always deliver to other adress",grab_reviews.csv,1,negative,negative,1.3567367760151163
Stupid food panda.,foodpanda_reviews.csv,1,negative,negative,2.336947112189707
It makes our lives easier to roam around with our four month old baby girl. 😀😊 friendly and very professional driver to top it off. Kudos!,grab_reviews.csv,5,positive,positive,2.398352163335657
There is lot of bug when it comes to payment mode and it slow down and hell lot of time it take s. Before payment mode it works fine. Sorry to say you need to revisit your IT team who developed the code for app.,foodpanda_reviews.csv,1,negative,negative,0.4509514797173808
"Reason why 3stars. Because one rider cannot find my location. In my last orders the riders find my location easy because the pin is correct but the one rider,, 😡 say that i have a wrong pin. How he say that im in a wrong pin. If it is in a wrong pin, the other past riders didn't find my location. But they find it correctly through the map. I WISH THAT I CAN RATE A RIDER. 😧 I DIDN'T FORGOT HIS NAME.",foodpanda_reviews.csv,3,neutral,negative,0.20272013670037214
"Suka banget sama grab,gatau kenapa apa apa jadi praktis kek energen aja praktis",grab_reviews.csv,5,neutral,neutral,1.1000864256572862
Sometimes it hangs up and then you get stucked then you cannot book anymore until you wait for another day!,grab_reviews.csv,1,neutral,neutral,-0.061486973181347215
"Why is my money ""PUT ON HOLD"" when booking a cab? Why must I pay before I even get in the car? Its just ridiculously dumb. What if I need cancel and you can't give me back? How? Should take away this thing. Only deduct the money AFTER passenger arrive at destination",grab_reviews.csv,3,negative,negative,0.7230101061416456
Worst Taxibike app ever :(,grab_reviews.csv,1,negative,negative,2.388536357810949
"very easy & affordable price, good quality service",grab_reviews.csv,5,positive,positive,2.3000460349363845
Magnanakaw ang mga putang ina,foodpanda_reviews.csv,1,neutral,neutral,1.333133427788973
"Very bad experience using it as it will change the fare unexpectedly , you are unable to grab a ride until the fare increase, then immediately you will get a driver, this is very unacceptable",grab_reviews.csv,1,negative,negative,0.987590451956958
"Grab makin mahal, ingat semua org banyak duit ke naik grab harga melampau2, lepas tu driver suka cancel, ad pulak yg xnak ambik tp xnak cancel dia diamkan diri sampai 10 minit, kurang ajar buat org tunggu lama 😡",grab_reviews.csv,1,negative,negative,1.1790338989105673
Easy for daily weekend rides.,grab_reviews.csv,3,positive,positive,0.4239439535292855
"Thansk for services ,............",foodpanda_reviews.csv,5,neutral,neutral,0.4003363983407202
"I'm really disappointed to this app, especially their service quality for customer is totally suck.",foodpanda_reviews.csv,1,negative,negative,1.2176653578269296
usefull. i love it ❤,grab_reviews.csv,5,positive,positive,2.815560101627412
为什么grab update了之后需要selfie face才能call grab??! selfie就算了，还要求动来动去。动来动去又scan不到,grab_reviews.csv,4,neutral,neutral,0.5281306729753474
Really bad experience! The restaurant just cancel my order without any notification. Waste more than an hour to wait! So disappointed!,foodpanda_reviews.csv,1,negative,negative,2.6663686709176333
"I CANT BUY THE SUBSCRIPTION, IT SAYS THAT IM NOT ELIGIBLE. IM USING OVO AS A PAYMENT METHOD",grab_reviews.csv,1,neutral,neutral,0.6051703646303319
The app is great.. and so easy to order.. on time delivery thanks foodpanda 👍👍😊😊,foodpanda_reviews.csv,5,positive,positive,4.267200061272072
Have to wait minimum 10 to 15 min to order because of poor performance of the app.. don't know why the app is still busy after placing the order.. technical people has to look into this..,foodpanda_reviews.csv,3,negative,negative,0.3832624616476821
tidak bisa mendeteksi gps padahal sudah dihidupkan,grab_reviews.csv,1,neutral,neutral,1.2144514108162527
Designated area too short,foodpanda_reviews.csv,4,neutral,neutral,0.8162848242479914
Satyhomesatysave This app mind blowing 👌,foodpanda_reviews.csv,5,positive,positive,0.9471098592883356
hopefully good service :),foodpanda_reviews.csv,4,positive,positive,2.7802102449409416
Worst experience ever cancel orders when its time to deliver food on several occasions dont waste your time,foodpanda_reviews.csv,1,negative,negative,1.405630079207215
Saya akhir2 gak bisa pakai grab soalnya aplikasinya yang kebuka hanya untuk delivery. Homenya gak bisa kebuka. Gak bisa pilih transportasi 😐,grab_reviews.csv,3,neutral,neutral,0.925100796426837
Best ....i like voucher the most,foodpanda_reviews.csv,5,positive,positive,3.077202836820759
There are nearby units on my location but not one is responding!,grab_reviews.csv,1,neutral,neutral,1.5744442104737324
Very bad customer service. Emailed them like 5 times. No proper response and never got the issue resolved.,foodpanda_reviews.csv,1,negative,negative,1.136655220677803
App is working great.,foodpanda_reviews.csv,5,positive,positive,1.8438089435138194
Getting worse day by day even the restaurant collection is very bad and I don't get any deal in the selective restaurant like I used to get before,foodpanda_reviews.csv,1,negative,negative,1.243847579029011
"Ordered the food from my area, got confirmation saying food will be delivered in 1 hour. Almost 3 hours later, still no food. Slow response customer service. Delivery rider couldn't be contacted. This is the worst. Will not recommend this app to anyone.",foodpanda_reviews.csv,1,negative,negative,1.7172968422818498
Rider send my order wrong house. I didn't receive my order and foodpanda dont want refund my money. 😡,foodpanda_reviews.csv,1,negative,negative,1.4568512597230812
drivers complaining about how far the delivery area is.. rude drivers.. never installing again,foodpanda_reviews.csv,1,negative,negative,0.971300915025223
"Kalau ada multiple order harusnya 1 arah bukan bedah arah ini driver sama customer dirugikan, driver capek, makanan keburu dingin, gara gara udah ngalamin ini 3 kali mutuskan untuk uninstall",grab_reviews.csv,2,neutral,neutral,0.3310665601090499
Onk joss app,foodpanda_reviews.csv,5,neutral,neutral,1.7317228350417506
"caj delivery mahal sangat smpi 5 ringgit padahal dkt je dgn rumah , dulu selalu guna sbb murah tapi skrg hmm hampeh tapi x pe lah skrg susah cari duit kan",foodpanda_reviews.csv,3,neutral,neutral,0.24615507176744966
"Do something about drivers that accept fares but don't come!! You are penalized for cancelling a fare but EVERY driver I order either doesn't move for 10mins or they go the wrong direction, presumably because they want to pick up some groceries before they come.",grab_reviews.csv,1,negative,negative,0.7888834058145635
"Real color of food panda comes out when things get delayed. No customer contact. I make std call to their so called customer service, no response. These guys suck, order at your own risk, if things go wrong just sit like duck. Pathetic....",foodpanda_reviews.csv,1,negative,negative,1.6463323751894854
useless app 😠 many of their restaurant is always closed. waste of time,foodpanda_reviews.csv,1,negative,negative,2.7384924094367107
Veryyy bad experience waiting for my order since 2 hours and have to cancel my order..,foodpanda_reviews.csv,1,negative,negative,2.159100842740923
Comfortable and resonable price,grab_reviews.csv,4,positive,positive,1.0170180281102181
Easy life with food panda,foodpanda_reviews.csv,5,positive,positive,1.0109454538325167
Good.....but riders don't have change all time.and sometime they take money and not come back please see this issue seriously.,foodpanda_reviews.csv,5,negative,neutral,0.07230745993308263
Best for ever,foodpanda_reviews.csv,5,positive,positive,2.3730357496661147
Good but some times i'm very disappointed from your service,foodpanda_reviews.csv,3,negative,negative,0.7711252286942609
Lahvee 💜,foodpanda_reviews.csv,5,neutral,neutral,0.9951595117121521
senang utk order makanan jika mls nak keluar rumah,foodpanda_reviews.csv,4,neutral,neutral,1.2623682555340539
Amar 300 taka maira dise foodpanda.. Biriyani order korsi oita dei nai,foodpanda_reviews.csv,1,neutral,neutral,0.8562215112075042
Doesnt deliver at my location..,foodpanda_reviews.csv,1,neutral,neutral,0.38754337453278875
Best app n very useful,grab_reviews.csv,5,positive,positive,3.9366874777701817
on-time delivery 👍👍👍,foodpanda_reviews.csv,5,positive,positive,3.3611867354346563
Price shown quite pricey,foodpanda_reviews.csv,4,neutral,neutral,0.6134178540115397
Yung delivery address na nilagay ko nag.iba after ko magbayad so ayun di daw sakop nang delivery ang area namin. ay the best thanks for the service. hanggang sa uulitin? never na po,foodpanda_reviews.csv,1,positive,positive,0.8601413560567737
this is literally my go to food delivery app,foodpanda_reviews.csv,5,neutral,neutral,0.4839077666886562
Ghatya service jab b dekho toh koi restaurant hamrae area mein delivery e nahi karta upar sy youtube py jo ghandh machaya huwa hai in logon ne download food panda ye woh i m disappointed so i m done with one star review,foodpanda_reviews.csv,1,negative,negative,0.4282946427908638
"Gahaman sa benta tong negosyong to. Kawawa ang lahat. Merchant, rider at customer",foodpanda_reviews.csv,1,neutral,neutral,0.7595332114240525
can not multy order on grab food,grab_reviews.csv,4,neutral,neutral,0.8760869877442068
"App is broken. Verify Email is not working. No recovery options. I'm softlocked, my phone number is not recognized and look like it's used by another account. Make no sense, no support. Literally the app is telling, no thank we don't need you as customer. Damnnnn I'm hungry guys",foodpanda_reviews.csv,1,negative,negative,2.6398461190197327
"They only accept your book if you have huge tip, try it.",grab_reviews.csv,1,positive,neutral,0.057077821158436404
Worst app ever delet THIS yuck 👎👎👎👎👎👎👎👎👎👎👎👎,foodpanda_reviews.csv,1,negative,negative,6.449123469771173
Keep sending spam msges on my dnd number. Not sure how many times I need to tell them not to send msges.. Forget about the food they deliver! Always cold and everything spilt. Don't install not order from these mindless morons,foodpanda_reviews.csv,1,negative,negative,0.35603381838620707
Crashing on my oneplus 3,grab_reviews.csv,1,neutral,neutral,1.0515083985461724
sales nya buruk untuk pengurusan grabfood merchant,grab_reviews.csv,1,neutral,neutral,1.2012969610064848
"Selalu gagal ketika mau melakukan pembayaran di grab food, dan grab mart. Terkadang juga grab bike dan grab car ketika pakai voucher. Saya sudah komplain dari Januari 2022, sampai detik ini masalah belum juga terselesaikan oleh pihak Grab. Rasanya perlu saya angkat di media konsumen. Tidak ada komitmen dari kalian untuk penyelesaian masalah customernya. Grab sucks!",grab_reviews.csv,1,negative,neutral,0.233820676998729
To class delivery,foodpanda_reviews.csv,5,neutral,neutral,1.0555837781583086
Kuch samj he nahie ati,foodpanda_reviews.csv,5,neutral,neutral,1.2217863911491387
Today covid 19 i oder food panda,foodpanda_reviews.csv,5,neutral,neutral,0.6063161267105013
It's awesome now I don't have to go to the place to take my order,foodpanda_reviews.csv,5,positive,positive,0.015793935121559466
I can't download grab food app,grab_reviews.csv,1,neutral,neutral,0.9781225397928005
Good apo,grab_reviews.csv,5,positive,positive,6.547149210954446
This app is legit so dumb it won't even lete us my Piso delivery,grab_reviews.csv,1,negative,negative,0.39217499735097694
Thanks for your help travel makes easy for us,grab_reviews.csv,5,positive,positive,2.8525923740952255
It's so difficult (nearly impossible) to find a driver between 1200 to 1400 in Singapore. This is not the case for Malaysia and Indonesia.,grab_reviews.csv,3,negative,negative,1.2131679221799572
Kailangan nlng part pars mka communicate sa seller,foodpanda_reviews.csv,5,neutral,neutral,0.42100372455717205
uber penyelamat dikala macet melanda.. sering2 adain promo dong.. jangan buat pelanggan baru aja.. tapi buat pelanggan lama juga adain promo,grab_reviews.csv,5,neutral,neutral,1.5072468858528885
lebih praktis punya gojek untuk belanja,grab_reviews.csv,3,neutral,neutral,1.0829391949442981
Keluhan dari pelanggan grab ditindaklanjuti.,grab_reviews.csv,5,neutral,neutral,1.4987167249126798
banyak diskon banyak promo.,grab_reviews.csv,5,neutral,neutral,0.7911132014036505
95% Good service.,grab_reviews.csv,5,positive,positive,1.8585092785722288
Something's wrong with the UI. For some reason the promo code I enter would disappear and there would be times when I have to reboot the app just to manage the UI again.,grab_reviews.csv,3,negative,negative,0.8407881663315164
Dep*tang bonchon bilis mag sarado,grab_reviews.csv,2,neutral,neutral,1.0801527366542663
Saya Top up OVO via Grab tgl 29 aug 2019 dana terdebet saldo ovo tidak bertambah karena sudah over limit top up dana saya akan direfund tgl 29 sept 2019 sebagai konsumen jelas saya merasa dirugikan.,grab_reviews.csv,1,positive,neutral,-0.024166335513943427
Very bad items and also masala items plz don't pick up the order plzzzzzzzz,foodpanda_reviews.csv,5,negative,negative,0.6110221593850143
Actually I'm lovin it KFC,foodpanda_reviews.csv,5,neutral,neutral,0.6424955407046586
affordable lang df,foodpanda_reviews.csv,5,neutral,neutral,0.8389187030233226
Too expensive for a usually cancelled booking and delayed email correspondece of customer service. Cant wait for the competitors to come in the picture.,grab_reviews.csv,1,negative,negative,0.8987008752542418
"Was 5 stars previously for good service. Downgraded to 1 star after a recent experience. When I contacted FP help after I was delivered wrong order, the agent refused refund readily; when I requested for delivery of right order, agent refused to do so.. agent robotically noted my complaint, failed to explain FP refund policy and extend any real help. FP is stealing money if people ain't getting what they paid for.",foodpanda_reviews.csv,1,positive,negative,1.2011502061443364
How can I get vouchers with this app?,foodpanda_reviews.csv,4,neutral,neutral,1.0779512378663911
Uninstalled. Useless apps. Keep canceling my order.,foodpanda_reviews.csv,1,negative,negative,1.2474896418558403
Safe and sound!,grab_reviews.csv,5,positive,positive,1.3665280459628868
"""connecting you with drivers"" finding a driver takes forever..- edited as of may 22, 2022 - same issue.. finding a driver takes forever",grab_reviews.csv,1,neutral,neutral,0.5438029377047017
Cant even log in..waste my data,grab_reviews.csv,1,negative,negative,0.7009788022494008
the app that you can always depend on.,grab_reviews.csv,5,neutral,neutral,0.9749712487250988
"A*****E.. If you care about humanity, please do not use this service.. Rott in hell",grab_reviews.csv,1,neutral,negative,-0.3550847275250364
"Terrible Costumer Service!!! I ordered burger from shake shack on 6 Dec 2021 worth 23.48sgd but it was cancelled by the merchant, the problem is still deducted from my bank acccnt, i raise the problem food panda customer care, but until now i haven't received my refund amount.",foodpanda_reviews.csv,1,neutral,negative,0.5224621295374721
Extend this promo. Excellent service! Drivers are polite.,grab_reviews.csv,5,positive,positive,1.049871396670208
Overall service is Very Good but App is not working properly. We're facing location issues always. Attock area is missing in location.,foodpanda_reviews.csv,3,negative,negative,1.2133232932467704
"I hate it, stupid one.. Irritating with stupid messages!",foodpanda_reviews.csv,1,negative,negative,5.521415184263297
The worst . It was great but now it's getting horrible . Hope you fix the damn app,foodpanda_reviews.csv,1,negative,negative,1.352252315723915
i didn't get my food but it says that it was delivered already,foodpanda_reviews.csv,1,neutral,neutral,1.131733225435617
Astig kaso malaki patong hehe,foodpanda_reviews.csv,4,neutral,neutral,1.0032913615100156
I really enjoyed this app in the past and ordered food very frequently but recently i have deleted this app because or ridiculous price hike in name of platform fees and taxes a simple order of 600 becomes of 1100 during checkout,foodpanda_reviews.csv,2,negative,negative,0.6583574567008594
its very bad.. 👿👿👿,foodpanda_reviews.csv,1,negative,negative,2.076675789328767
Abu Bakar,foodpanda_reviews.csv,5,neutral,neutral,1.2706202608533912
Food Panda is a very good platform to order food. Lot of different types of food in your access with great discounts. Thanks Foodpanda.,foodpanda_reviews.csv,5,positive,positive,2.051431649935851
helpful n easy to use,grab_reviews.csv,5,positive,positive,2.946346518705381
This app is good but not the driver,grab_reviews.csv,4,neutral,neutral,1.3042750869046489
Sangat membantu dan selalu mendapatkan pelayanan terbaik dibanding ojek² lainnya. Thankyou! Selalu memuaskan!,grab_reviews.csv,5,neutral,neutral,1.0064795015568428
Easy and less delivery fee than Grab ✌,foodpanda_reviews.csv,5,positive,positive,0.7390810459040547
Cheetay & airlift are so better then this stung bee.....will never ever use it again worst app...Placed order 1 and half hour ago they said we are sorry and gave me the voucher of 140pkr..and then chat ended worst bomb blast ap,foodpanda_reviews.csv,1,negative,negative,1.5884374604776825
L + ratio + you fell off,foodpanda_reviews.csv,1,neutral,neutral,0.7798980049923544
bao rami raja g,foodpanda_reviews.csv,5,neutral,neutral,1.4781469071361693
it's nice and affordable but the addition was too overprice,foodpanda_reviews.csv,4,neutral,neutral,0.34227602361603937
good services and lvl discount,foodpanda_reviews.csv,5,positive,positive,1.5514222066859855
Nice sirves,foodpanda_reviews.csv,5,positive,positive,2.973706707234438
Promo nya lebih sering ya :) overall good application,grab_reviews.csv,4,positive,positive,1.059757466324757
"Friendly Service, I Like it",foodpanda_reviews.csv,5,positive,positive,2.015161398703504
muhd syafiq,foodpanda_reviews.csv,5,neutral,neutral,1.1227982915684054
I have waste my money on this app. My payment was done but no refunds. The order gets auto cancelled. Very poor service. Food panda team has the customer care email which is not managed anf i geg auto reply that it is not managed. The toll free number is also changed. Poor team and execution,foodpanda_reviews.csv,1,negative,negative,1.21347501457534
Too good to be true !!! :D,foodpanda_reviews.csv,5,positive,positive,2.3463724095193337
The company is ripping off customers.,grab_reviews.csv,4,neutral,neutral,0.40096723266179035
"ayaw gumana ng apps . sayang data ,sayang oras.",grab_reviews.csv,1,neutral,neutral,0.925925774349622
Good app and company. That help provide work for our youth.,foodpanda_reviews.csv,5,positive,positive,1.606221787312139
Ride grab car,grab_reviews.csv,5,neutral,neutral,0.9544787335821594
"Aplikasi gajelas, promo makanan gabisa dipake semua, tiap input promo pesanan reset lagi, harus pesan lagi satu persatu.",grab_reviews.csv,1,neutral,neutral,0.9715052873351391
เรียก grab taxi ที่สยาม ไม่มีใครรับเลยค่ะ รออยู่เป็นชั่วโมง สุดท้ายกลับ BTS,grab_reviews.csv,3,neutral,neutral,1.6215372029073254
"Would rate 0 stars if possible.... they never deliver your order.. Worst food delivery app in Singapore... used to be good but recent times they are worse, and had worst experiences using this app. they think that by giving ""sorry vouchers"" everything can be fixed.. Permanently uninstalling the app..",foodpanda_reviews.csv,1,negative,negative,0.7073587449003358
আপনাদের রাইডার রা পচা খাবার দিয়ে যায়।। 😡 আমার টাকা লস খাবার অডার দিয়ে খাইতে না পারলে লাভ কি। 🤢🤮🤮🤮,foodpanda_reviews.csv,1,negative,negative,2.7892279454909183
Food panda.,foodpanda_reviews.csv,4,neutral,neutral,1.1101949607851083
"Fast delivery. Excellent delivery service. Hopefully, they wouldn't compromise on their quality service. But coupons are a drama",foodpanda_reviews.csv,3,neutral,positive,0.4431945450221868
I am not able to update this app and I couldn't use this app even I hv money in it. I hv tried to uninstall and reinstall but nothing works,grab_reviews.csv,1,neutral,neutral,0.8239281224188213
Fantistic,grab_reviews.csv,5,neutral,neutral,0.22996848145693405
Make my day more easier.,foodpanda_reviews.csv,5,positive,positive,0.7300856017639192
Why i cannot ddddowload,grab_reviews.csv,1,neutral,neutral,1.1390823097125078
Convenience! ü,grab_reviews.csv,5,neutral,neutral,1.3240218951240859
"I prefer the old version. The new update was kindda confusing me and the delivery timing was the worst. At first 30minutes then 26minutes suddenly it changed to 41minutes. Yesterday I ordered once, I wait for 1and a half hours. It's a bad update Zzz",foodpanda_reviews.csv,5,negative,negative,1.9819769556762048
I made 3 orders after successful payment they cancelled all the orders. Saying they cannot deliver. And there refund policy is also pathetic. Wanted to give negative ratings. UNINSTALLING the app .,foodpanda_reviews.csv,1,negative,negative,1.2732250572976471
Its really disappointing especially lately. The whole app is lagging and thats not all. Either a sudden cancel of my order after a long wait or my order will not reach at all. Dude seriously? Wheres my refund by the way. Whats the point giving RM 4 compensation after the long wait when i almost got a gastric?,foodpanda_reviews.csv,1,negative,negative,1.7735022904782554
Banyakin promo baik GrabRide or Grabcar juga GrabFood yak...,grab_reviews.csv,5,neutral,neutral,0.6053421884584109
"the respon of grabcar driver is slow when we use promotion code. not all driver is friendly. WE ARE CUSTOMER, please be more friendly, WE PAY for your service !!!!",grab_reviews.csv,1,positive,positive,0.936866567528335
Wrong way my order two time I don't happy and order anymore 👎👎👎👎😞😞,foodpanda_reviews.csv,1,negative,negative,5.619633708209861
Overall is good but droping off another order along the way is not good inovation for me. Took loooooonger time until the delivery was arrived.,grab_reviews.csv,3,negative,negative,0.2529076687141125
เดี๋ยวนี้แย่มาก เรียกวิน แล้ววินติดต่อไม่ได้ พอจะแคนเซิลก็คิดเงินเพิ่ม เลยนั่งรอต่ออีก 10 นาที สุดท้ายวินแคนเซิลเอง เสียเวลา,grab_reviews.csv,1,neutral,neutral,1.9345954299064232
Food panda is not on commitment ..They said 60 mins but order arrived almost after one hour 45 mins. And they did not do anything about it,foodpanda_reviews.csv,2,neutral,neutral,1.0435831068460506
salna a nai keno bal,foodpanda_reviews.csv,1,neutral,neutral,0.8447635611010029
Very Bad Experience....I ordered 2 large pizzas from King Pizza Gujranwala.....They did not give me free 1.5 colddrink with it......They later told me that If i order from Foodpanda then no free cold drink with it....If i call for home delivery without this useless app then i get free cold drinks with pizza.....Lanat Beshumar,foodpanda_reviews.csv,5,negative,negative,1.3458638490067303
Bad company for food..,foodpanda_reviews.csv,1,negative,negative,2.108678806182848
Keep update always,grab_reviews.csv,5,neutral,neutral,1.0347403286715378
Recent update made the app more user friendly especially on putting location,foodpanda_reviews.csv,5,positive,positive,0.786488522631297
Unreliable location detector.,grab_reviews.csv,1,neutral,neutral,1.034342601038616
Photos not loading,grab_reviews.csv,2,neutral,neutral,1.3874665628623142
Time pai jo hotel chahiya wo milta nhi,foodpanda_reviews.csv,3,neutral,neutral,0.8702733561206385
Easy. Thank you panda...i love panda.,foodpanda_reviews.csv,5,positive,positive,3.628523199195455
kok buka nya lama ya?. ga hemat waktu:)).,grab_reviews.csv,2,neutral,neutral,1.3399571605707925
bolehlh..,foodpanda_reviews.csv,4,neutral,neutral,1.294761945277496
There should be payment option with bkash.It would be very helpful,foodpanda_reviews.csv,4,positive,positive,0.6621945459767249
Kabhi kabhi taste acha nhi huta delivery time pr huti,foodpanda_reviews.csv,3,neutral,neutral,0.8183148385150777
your ad is missing close button!!!,foodpanda_reviews.csv,1,negative,negative,0.531095368744886
grrat service,foodpanda_reviews.csv,5,neutral,neutral,0.9872436587983244
Delivery time need to be reduced,foodpanda_reviews.csv,4,neutral,neutral,0.5544141490797778
"terrible!wrong location detected all the time, when typed in it keeps overiding, or keep showing the wrong location even after refreshing. did advance booking, verified with my husband the timing and he sees me selecting the time, as soon as i confirm, it turns out to be immediate booking. after landing in different country it didnt get better. i just downloaded this version few days ago. no star",grab_reviews.csv,1,negative,negative,0.9621417876760723
Nice food app nice foooooooooood,foodpanda_reviews.csv,5,positive,positive,2.0085957636122798
Cannot use promo code,grab_reviews.csv,1,neutral,neutral,0.8897543457633763
"aplikasinya oke sangat helpful dalam kehidupan sehari-hari. keep up the good work, team.",grab_reviews.csv,5,positive,positive,0.49356042412963763
But my orders nt taking place I use to oder like instant but nw is nt working fix it,foodpanda_reviews.csv,2,negative,negative,1.1356818473413322
💕💕💕💕💕 best app,foodpanda_reviews.csv,5,positive,positive,0.3792620849628039
"Before i had no problem with this app. I started using this app just this year, January, when my boyfriend and I started LDR. Works perfectly fine up until April. Soon after ordering online and food deliveries became a ""new normal"", every time I open the app it just keeps on loading, like a video that keeps on buffering. I tried to click other buttons on the screen (i.e. changing the address, pick up/delivery, more options) nothing is working. I tried to uninstall and install, nada.",foodpanda_reviews.csv,1,positive,positive,1.0853552713281795
Terrible customer support. Embarrassing.,foodpanda_reviews.csv,1,negative,negative,1.0037008209071483
Too much percent for shop and worst customer service ever.,foodpanda_reviews.csv,1,negative,negative,0.19342536796479903
app sử dụng tốt. đặt hàng nhanh.,grab_reviews.csv,5,neutral,neutral,0.7974195461026852
"Review for food after pick up didnt show up! Waited for the review to rate the restaurant, where is it? And the restaurant didnt even give me spagetti that it is in their menu! Very bad app! Unlike grab!",foodpanda_reviews.csv,1,negative,negative,-0.10432591409060565
Better driving and driver,grab_reviews.csv,5,positive,positive,1.634294814601742
"It's very good, highly recommended.. But it should deliver at 2 or 3 am too. Btw it's super duper",foodpanda_reviews.csv,5,positive,positive,0.8825825561831648
Good apps for online transportation . Many promos than other competitors.,grab_reviews.csv,5,positive,positive,1.3880750845615324
User friendly.. easy to order my food.,foodpanda_reviews.csv,5,positive,positive,2.5375012259091996
"Terrible glitches and would not accept any of my payment cards. I'm having to keep redownloading it for the order to go through and when it doesn't, it forces me to get a verification code. When I do enter the verification code, it still doesn't work! I'm going in circles with this app. Incredibly frustrating.",foodpanda_reviews.csv,1,negative,negative,1.9439074743627867
"very poor, and aobrang tagal... minsan mali pa ang location nyu",foodpanda_reviews.csv,1,negative,negative,0.7279804690074458
easy use..thanks to grab,grab_reviews.csv,5,positive,positive,3.2693546551392156
What happen to grab app suddenly only have hotel and insurance service in my grab app no other service 😡,grab_reviews.csv,1,negative,negative,0.5249811485806746
"Order grabfood,pas dateng ternyata ada yang kurang. Pas komplen cuma dikasih ganti ruginya promo senilai Rp.20 RIBU. ITU BAHKAN NGGAK ADA SETENGAH DARI HARGA MAKANANNYA.",grab_reviews.csv,1,neutral,neutral,0.2928320424017665
Panda is very good but not better. Customer delivery is very bad.,foodpanda_reviews.csv,5,negative,negative,0.2751787289471861
If they want my photo i will quit this app,grab_reviews.csv,1,neutral,neutral,0.8952423572043512
"Unfair po ang Grab sa mga kapwa niya Riders, yung mga pa raffle nila may duga, yung commission nila lagpas ng 20% sa laki ng bayad ng customer hindi kumikita ang Riders kung walang riders wala din ang Grab tapos ganon kame i trato ng management. Kung di daw kame sang ayon lumipat daw tama ba yon?",grab_reviews.csv,1,negative,negative,0.6425744328586473
U have a lot of annoying ads,grab_reviews.csv,1,negative,negative,1.6278658402160144
Such a good app. hassle free😍,grab_reviews.csv,5,positive,positive,4.606436695648634
grabe yung delivery rate nyo,grab_reviews.csv,1,neutral,neutral,0.9421167126939539
Dont ask me to keep updating. I have limit memory on my phone,grab_reviews.csv,3,neutral,neutral,0.42224519140178574
"This is my fourth time ordering food from Adam Lai, recomand for this at shah alam sek 15, love it so much, pork free so my family can eat well great! the system design really helpfull ,just click comfirm order place it make payment after just keep track the page will c driver when to when reach ! The great one is driver contact ,can try call & ask . For me is really really helpfull, not like last time the food xxx wait and food make me crazy wasted! Great ,thanks to Grab food !",grab_reviews.csv,5,positive,positive,2.012191792152799
"Today I used grab twice. Both the time today drivers were good and polite. Last time I was disappointed (13 feb 2021). I booked the grab taxi. But the driver didn't come to pick me up at the right place. So, I had to cancel. Though it was not my mistake, I paid 30 baht cancellation fee today in my first ride. Anyway, its not about money but I was disappointed.",grab_reviews.csv,4,negative,negative,0.9451978316099519
"Disappointed! worst customer service, settle one small issue take few weeks time. Stupid arrangement.",grab_reviews.csv,1,negative,negative,4.036165429110813
"Good app for Jakarta n Bogor. But i dont get the promo code for grabfood that I usually received eventhough i routinely use grab. I feel left out, so sad.",grab_reviews.csv,4,negative,negative,0.0402944302569872
Bad Experience. Not recommend for other user. I wish I could give 0 star to this app,foodpanda_reviews.csv,1,negative,negative,1.0126277715926446
Awesome app...I really like it...,foodpanda_reviews.csv,5,positive,positive,2.370858362885893
4 star lang di naman nalabas address namin kahit asa loob kami ng subdivision 😡😡😡😡,foodpanda_reviews.csv,4,negative,negative,1.380988342914617
Sampah nk varify bagai,grab_reviews.csv,1,neutral,neutral,1.132271839299435
Life is happy with you,foodpanda_reviews.csv,5,positive,positive,0.621276947789676
very accommodating support team,foodpanda_reviews.csv,5,positive,positive,0.07023591402995377
"The customer service reps seem too lazy to actually reach out for additional details re certain issues. The COD option was recently disabled for me, and unfairly so, just because a restaurant cancelled an order without reaching out first. I understand wanting to protect their restaurant partners too, but to automatically penalize the customer without investigating further is utterly ridiculous.",foodpanda_reviews.csv,2,negative,negative,0.9928987744950266
Convenient and efficient.,grab_reviews.csv,5,neutral,neutral,0.9137595694871578
Very very bad experience....it's like my worst experience of using this app....I recommend you not to download ever,foodpanda_reviews.csv,1,negative,negative,2.3575465347304267
Has always worked for me,grab_reviews.csv,5,neutral,neutral,0.15592669484228816
Don't have options,foodpanda_reviews.csv,1,neutral,neutral,1.1005679527971983
Sone time its gone mad. Bad thing is if order is stuck(any reason) we cant cnotact any one..no customer attendent from app or resturent.,foodpanda_reviews.csv,4,negative,negative,1.6267286241246874
Poor customer service. Deploying riders and seller with defective phones. Rude support agents. Will not recommend this app anymore.,foodpanda_reviews.csv,1,negative,negative,2.5293283087398057
This is the best transportation or app that i not used this is the best,grab_reviews.csv,2,positive,positive,1.655374615297814
My hone adress not show in this mao,foodpanda_reviews.csv,3,neutral,neutral,1.0173191536044421
Best app,grab_reviews.csv,5,positive,positive,3.0706952225155915
Very easy to navigate and excellent app,foodpanda_reviews.csv,4,positive,positive,3.001580587219043
Easy to use ride sharing app for the digital natives. Makes commuting so much easier. A must have for the first time visitor to Bali.,grab_reviews.csv,4,positive,positive,1.414339168967578
it doesn't show driver track on map. very bad update.,grab_reviews.csv,2,negative,negative,0.36054461494050516
Sangat bagus saya suka,foodpanda_reviews.csv,5,positive,positive,1.020189338706434
"GRAB HELP CENTER IS USELESS! THE CUSTOMER SERVICE WAS LITERALLY THE WORST, THEY DIDN'T EVEN BOTHER TO CHECK EVERYTHING I SENT THEM.",grab_reviews.csv,1,negative,negative,1.8334436194015256
Easy set up n ordering,foodpanda_reviews.csv,4,positive,positive,0.9461710706826583
"Mantab lah, tingkatkan lagi sangat2 membantu 👍",grab_reviews.csv,5,positive,positive,0.7085830911355904
Namimili mga drivers myo,grab_reviews.csv,1,neutral,neutral,1.4368623883321532
All riders i encounter with are all polite and friendly,grab_reviews.csv,5,positive,positive,0.8134754142169316
customer service zero,foodpanda_reviews.csv,1,neutral,neutral,0.6555211780097361
Pathetic experience. Poor communication and lack of responsibility. I and my husband hate them alot. I and my dear husband like Cheetay and Eat Mubarak.,foodpanda_reviews.csv,1,negative,negative,1.3241945597341038
The pro feature is hella dope,foodpanda_reviews.csv,5,neutral,neutral,0.02133049684393984
Secara umumnya ia masih lagi penyedia perkhidmatan e-hailing yang terbaik di Malaysia. Cuma terasa sangat ketara kesan kenaikan harga tambang.,grab_reviews.csv,4,neutral,neutral,0.4523346913926072
"The price is too expensive. It only takes 10 to 15 minutes to drive and it is already rm20! And at this stage the car is hard enough to call, and there are fewer cars or even no cars? Spend more time. The application has been slow enough, it is still expensive, it is difficult to call the car, and it takes longer.",grab_reviews.csv,1,negative,negative,1.7242994783718455
Grab service is way different from before. There drivers choose their customers. One driver mentioned that they usually dont accept passneger u puts in a promo...useless. Unisntall for me.,grab_reviews.csv,1,negative,negative,0.9692031698400574
"10.10 challenge sampai tgl 22 oktober, tapi hari ini tgl 15 oktober tanda piala nya sudah hilang",grab_reviews.csv,3,neutral,neutral,1.021091391021554
"banyakin promo dong, terus jangan fully used terus",grab_reviews.csv,4,neutral,neutral,0.33583945317851893
Easy going to do activities,grab_reviews.csv,5,positive,positive,0.6473968402611798
Good but cously deal,foodpanda_reviews.csv,3,neutral,neutral,-0.2193998730546849
"After update, can't search all of the promo or voucher, so bad!!",grab_reviews.csv,1,negative,negative,0.964942741921575
Raining and no quality raincoat for rider. Poor rider. You should learn from Domino's Pizza instead on how they treat their rider properly 👎🏿 Also my order stuck 1 hour at the foodstore.,foodpanda_reviews.csv,2,negative,negative,1.5298847862750953
Your pin does not match the entered pick up or drop off location causing some altercation at times with drivers resulting to negative experience.,grab_reviews.csv,2,negative,negative,0.5359456224354542
Rekomended,grab_reviews.csv,5,neutral,neutral,1.0176765064030238
The worst app I ever seen. Please don't install,foodpanda_reviews.csv,1,negative,negative,1.3762978015624694
Good approach,grab_reviews.csv,4,positive,positive,1.6026924926777728
perkhidmatan yang terbaik..terima grab,grab_reviews.csv,5,neutral,neutral,1.2216839255235048
useless customer support. prices mark on item and your bill is different. refund depend on customer service mood. i have given up on such service. 10 orders 5 failed,foodpanda_reviews.csv,1,negative,negative,1.5845492276307862
Oh marvelous we have here at Pampanga is it true?,grab_reviews.csv,5,positive,positive,-0.19770112576660948
"App is working as intended. I just hate the fact that ever since they monopolized here in the PH, they can care less how they do their pricing. Compared when Uber was still here pricing was very reasonable and competitive. Now their fare computation is just plain ridiculous. It's just sad.",grab_reviews.csv,1,negative,negative,1.4115324277507804
Excellent but coverage area onek chuto😐,foodpanda_reviews.csv,4,neutral,neutral,0.7305034306942715
"Great app, easy to use and access contents quickly.",foodpanda_reviews.csv,5,positive,positive,2.7094571627881603
The app does not work!,grab_reviews.csv,1,negative,negative,2.952657104744669
"It gets me food, sooo.. yeh",foodpanda_reviews.csv,5,neutral,neutral,0.9877893749083498
ovo tidak bisa aktivasi,grab_reviews.csv,1,neutral,neutral,1.1587863368440827
"The promotion had already started one day earlier, you sent me the notice the next day :)",grab_reviews.csv,2,neutral,neutral,0.6180141549633242
"What are benefits for your employees (your riders), who make you able to run this application. Today I paid a bill of 2304 of my childhood friend who is your employee he was unable to earn just because of a negative bill till 10 days. Why Foodpanda can not help their employees? Is Foodpanda a poor application? I think this case is shameful act for the branch manager supervisor who refuse to help their riders .",foodpanda_reviews.csv,1,negative,negative,0.9404937842495649
very helpful and I like it,grab_reviews.csv,5,positive,positive,2.327008878021646
Timing is good but taste is almost good,foodpanda_reviews.csv,4,positive,positive,1.009029466482778
I think worst QA you hired. I am selecting pickup and it is showing me result of delivery as well as in pick up mode we have delivery fee also aded in total bill. worst billing I ever faced,foodpanda_reviews.csv,1,negative,negative,1.53215143592384
Nice best app,grab_reviews.csv,5,positive,positive,4.435751981239405
The WORST. Everytime I order food from this app. It's either there's a missing order or there's incorrect order. The worst part is whenever I request a refund it takes ages to complete.,grab_reviews.csv,1,negative,negative,1.6022606544067286
U can cook and eat food faster than ordering in food panda,foodpanda_reviews.csv,2,neutral,neutral,0.331733121723653
"very fast, easy to find driver",grab_reviews.csv,5,positive,positive,2.122611622868626
Great app with a very nice features easy to. Use and secure,foodpanda_reviews.csv,5,positive,positive,3.7259662301581624
Order 4-5 times a month. Sometimes issues do occur at the restaurant end but customer service does a food job every time.,foodpanda_reviews.csv,5,neutral,neutral,0.6024030590572735
Delivery service is poor. Many riders don't deliver to your door. Many complain and request to have the buyer himself/herself come to the rider because the rider either has someplace to go or just lazy. I have experienced this personally. My classroom is on the third floor and many riders won't go up. I would always have to come down or have a learner get my order for me. I am paying a delivery fee and yet they don't deliver properly.,foodpanda_reviews.csv,1,neutral,negative,0.6384462211584121
Super happy with the referral vouchers! Super savings. Dami namin na order na food and drinks!!!! Satisfaction indeed!,foodpanda_reviews.csv,5,positive,positive,1.4043031698955126
promo function not working properly. unable to key in promo codes. pls look into it.,grab_reviews.csv,4,negative,negative,1.1580788533376767
รายการอาหารใน Grab Food มีไม่ครบทุกเมนู เช่น ร้านไก่ย่างนิตยาไม่มีเมนูไก่ย่างให้เลือก,grab_reviews.csv,4,neutral,neutral,1.1720778706027353
excessive marketing is annoying to us,foodpanda_reviews.csv,1,negative,negative,0.9052260135096635
Not gud ..m ' not happy,foodpanda_reviews.csv,2,negative,negative,4.616595966678458
Food panda is the best 💕...thank you !,foodpanda_reviews.csv,5,positive,positive,2.3640863691259195
Just grab waiting time is almost 15mins. Why system is giving me such long waiting time driver?! Just because I use my points to book this? My points was accumulated by what I pay for my service! Ridiculous services... Getting worse,grab_reviews.csv,1,negative,negative,1.4946769199876098
Good but sometimes it hangs,foodpanda_reviews.csv,3,neutral,neutral,1.0765900761085003
Super fast delivery :),foodpanda_reviews.csv,5,positive,positive,1.9119835009646058
"aplikasi ini sangat membantu saya di saat butuh transportasi, maupun pesan makanan di saat ga ada makanan di rumah",grab_reviews.csv,5,neutral,neutral,0.8442539696813406
"I can't use my grabcredit. My money just stuck. I need a refund. Contact the admin, slow response without solution.",grab_reviews.csv,1,negative,negative,0.32284652955142956
Very nice this grab and very cool,grab_reviews.csv,5,positive,positive,2.2924345967611686
"5 stars, but i suggest to provide more promos please 😆",grab_reviews.csv,5,positive,positive,0.9871209295137298
Had the worst experience lately. Once sent the wrong order and didn't take it back even after 2 hours of continuous complaint. Another time cancelled the order and didn't refund. Promised something and delivered something else!,foodpanda_reviews.csv,5,negative,negative,1.46170250078469
"I kept on sending messages on food panda customer support but did not got any response, is this what a regular customer expect?",foodpanda_reviews.csv,1,neutral,neutral,1.348949990133518
"nice,fast and good service",grab_reviews.csv,5,positive,positive,4.430504881381675
Tẩy chay grab ủng hộ cổ vũ bọn đồng tính tởm lợm hạ cấp. Fu ck that support for dirty LGBT,grab_reviews.csv,1,negative,neutral,-0.02477380180375577
Extremely bad search results,foodpanda_reviews.csv,3,negative,negative,1.2662416230148068
abba kida,foodpanda_reviews.csv,5,neutral,neutral,1.253051106306639
Great app and easy to use.,grab_reviews.csv,5,positive,positive,4.377657169861079
Worst worst worst app ever...tried 10 times uninstall it as well but couldnt get the food code didnt send the code a single time. Useless,foodpanda_reviews.csv,1,negative,negative,1.801683690897383
Time and money saver ...overall good. but now a days we cant book the cab that easy it consumes lots of time,grab_reviews.csv,4,positive,positive,-0.027873607578546622
Best em best,foodpanda_reviews.csv,5,positive,positive,4.191998094208151
Cool! I can pay using Gcash!,foodpanda_reviews.csv,5,positive,positive,0.4118010453567442
"Terrible service, the food ordered was disgusting, it was raw and uncooked, I would have given rating in negative if there was an option. Will never buy from Food panda, recommend the same.",foodpanda_reviews.csv,1,negative,negative,2.1204033335269528
"DON'T EVER USE THIS APP. Promo codes are useless, if you even try to use them, the restaurants will cancel your orders even if your bill is still above the minimum order. It also locates restos near me but when you order it will say ""Your location is out of delivery area"".",foodpanda_reviews.csv,1,neutral,negative,0.11176507465567997
I don't like it in Indonesia where I can't use credit cards anymore but forced to use OVO!!!,grab_reviews.csv,3,negative,negative,0.3835367391348947
"Saya merasa aman dalam perjalanan bersama GRAB. Apalagi saya sering pulang malam... bagi seorang wanita meski sudah ibu-ibu..pulang malam sendirian tentunya harus waspada.. harus mencari transportasi yang aman, yang memberi perlindungan penuh buat penumpangnya dan tentu saja sudah dipercaya oleh banyak pelanggan. Itu menunjukkan dan membuktikan bahwa GRAP bisa dipercaya dan sudah terpercaya. Saya sangat senang dab puas dengan pelayanan GRAB.. Jangan berubah ya.. Semakin baik & TERBAIK.",grab_reviews.csv,5,neutral,neutral,0.8699988315931122
Haven't refunded my money for out of stock items.,foodpanda_reviews.csv,1,neutral,neutral,0.7140760759289838
Fix your adress/mapping system.,foodpanda_reviews.csv,2,neutral,neutral,0.14268110312600557
Bodoh nak kata tak update dah update. Report pon tak guna. Bebal.,grab_reviews.csv,1,negative,negative,0.451568621933212
Require update every time want to use,grab_reviews.csv,1,neutral,neutral,1.138050293989659
Dependable and always on time..,grab_reviews.csv,5,neutral,neutral,0.7940755137128591
Great to get food from the places you love. Very easy to use and I can track where my food is!,foodpanda_reviews.csv,5,positive,positive,3.2202210901856523
Cheap and great service 👍👍👍,grab_reviews.csv,5,positive,positive,4.8476422944232755
Tak konsisten,foodpanda_reviews.csv,1,neutral,neutral,1.640302915374958
Utk memberikan rate kpd driver cpt sekali hilang.,grab_reviews.csv,4,neutral,neutral,1.3577240633276642
Great deals especially if you subscribe to Panda Pro. Love it,foodpanda_reviews.csv,5,positive,positive,1.8257713291109432
"I ordered and waited for 2 hours using this app, sent messages multiple time while waiting for the delivery, someone replied at the end only to inform me that they have not got any order from me. Terrible app, there are bugs with ordering process and also with GPS",foodpanda_reviews.csv,5,negative,negative,0.7987218262290985
late delivery longer than 2 hours and cancel my order still late refund. so awful service with expensive services charge,foodpanda_reviews.csv,1,negative,negative,2.1744927509286267
Grabbike Helpfull,grab_reviews.csv,5,neutral,neutral,1.264359823506736
Can't order any car nor bike,grab_reviews.csv,1,neutral,neutral,1.1927745148001292
Best app of its kind for use here in sg,grab_reviews.csv,5,positive,positive,2.1991567707905784
Best app ever tried....every time delivéry is on time ...keep it up foodpanda team....,foodpanda_reviews.csv,5,positive,positive,0.5682518443897548
SOBRANG SAMA NIYO SA RIDERS NYO! #FOODPANDACANCELLED #OUSTFOODPANDA,foodpanda_reviews.csv,1,neutral,neutral,0.5776264499683926
gampang dipakai.. banyak promo juga,grab_reviews.csv,5,neutral,neutral,1.059735689767874
cant find my location. wrong address,foodpanda_reviews.csv,1,negative,negative,1.1311596328951916
This app is pakistan's uber eats it has all types traditional foods fast food and healthy food like subway,foodpanda_reviews.csv,5,positive,positive,1.1415674279987564
"Easy,simple,good app",foodpanda_reviews.csv,5,positive,positive,4.751868608871868
KO BH hu lo lo h Mk Mk,grab_reviews.csv,4,neutral,neutral,1.2350823577921548
Buu sampah,foodpanda_reviews.csv,1,neutral,neutral,1.2558260435166868
What's the update on my concern? (65894085),grab_reviews.csv,1,neutral,neutral,1.395607577234459
great follow up,grab_reviews.csv,5,positive,positive,1.412834707096067
item bhi kam hain,foodpanda_reviews.csv,3,neutral,neutral,1.480844077365899
The app is crashing n pay now tab is also not working in debit card option,foodpanda_reviews.csv,2,negative,negative,1.4862873006028456
its ridiculous it says drivers are busy 🙄and suddenly when i book again fare increased into 100 more wowww magic and still nobody answer,grab_reviews.csv,1,positive,negative,0.26467521286319307
Its amazing !,foodpanda_reviews.csv,5,positive,positive,1.528041789099954
Good service for availability everywhere,foodpanda_reviews.csv,5,positive,positive,1.4718708312957303
Happy for being on time of my delivery and most often abhead of time.. 👏👏👏,foodpanda_reviews.csv,5,positive,positive,0.2040815208403921
Good service provider overall,grab_reviews.csv,5,positive,positive,1.72916235909071
the customer service agents blame us for receiving the wrong order. They didn't even help and they still blamed us. what the hell?,foodpanda_reviews.csv,1,negative,negative,1.6407651442494218
I think it's a best food delivery service in Bangladesh,foodpanda_reviews.csv,5,positive,positive,1.2273169648511122
Fast delivery and correct items delivered. Thanks,grab_reviews.csv,5,positive,positive,1.1364723814742252
Very good app.but paytm transaction fails sometime,foodpanda_reviews.csv,4,negative,negative,-0.30708322236687535
Great 💖 The service is really nice and accurate...would suggest it 💖,foodpanda_reviews.csv,4,positive,positive,1.9518111735780133
I have orders 2 times food and receive on time but when I got my order of pizza the cheez was almost melted... So my pizza didn't not contain it's cheesiness...,foodpanda_reviews.csv,1,neutral,neutral,0.1901320012060841
Never download it. Becoz this is fake app..,foodpanda_reviews.csv,1,negative,negative,0.616022248199759
Bad customer service. Uninstalling.,foodpanda_reviews.csv,1,negative,negative,2.166083500082598
nice app 😍,grab_reviews.csv,5,positive,positive,4.3136165738945005
"Hey dzolim kau, aku bayar grab bike 83rb, driver cuma dapat 65rb. Banyak Kali potongan mu. Nggak berkah perusahaan kau ni",grab_reviews.csv,2,neutral,neutral,0.8773928054144555
Tak boleh pakai app ni susah nak cri location bodoh buang masa seja guna app ni,grab_reviews.csv,1,negative,negative,0.8077890621787973
"I'm ordering grabcar when the car is arrived why conventional taxi picking me up? I wanted private car to pickup me. I really don't want conventional taxi pickup me, because at the early order i choose grabcar not grabtaxi -_-",grab_reviews.csv,2,neutral,neutral,-0.2883517136391971
Sangat membantu konsumen,grab_reviews.csv,5,neutral,neutral,1.1498273467707896
Serious for this past 3 week.. Food Panda keeps rejecting my order.. Cant believe that starbuck or A&W out of stock in the middle of the day.. Try explain this.. Does your rider to lazy to accept order or what??,foodpanda_reviews.csv,2,negative,negative,0.645357892114161
"Sometimes it doesn't accept credit card, I hate that",grab_reviews.csv,1,negative,negative,0.9114026406113873
"what a life saver, coz there is many discount and subscription mode that I like it. I will use this for every one of my needs coz of that exist.",grab_reviews.csv,5,positive,positive,0.3804767831479643
banyak promo nya.. menyenangkan..,grab_reviews.csv,5,neutral,neutral,1.415707113164138
"what a lousy app which do not update immediately for promo code, wasting time to use app to order food",foodpanda_reviews.csv,1,negative,negative,0.5102432618272033
can't set my location,grab_reviews.csv,1,neutral,neutral,0.807382146040905
easy tonorder and so many discount,foodpanda_reviews.csv,5,positive,positive,1.3789663110252073
"semua praktis, tinggal pakai Grab",grab_reviews.csv,5,neutral,neutral,1.3502647786141697
"Grabfood for food services are bad, out of the blue you're cancelled my ordered 😠",grab_reviews.csv,1,negative,negative,2.1318877749560436
great. hotel wood 7296 terbaik di semarang,grab_reviews.csv,5,positive,positive,1.2800936305940482
Pathetic service 🤬🤬🤬 they have deliver melted ice cream twice in my order and we're reported on this matter in minutes after receiving then even though they didn't change the product or refunded my amount .. 😞😕I urge people to order from krave mart as they delivered ur order in icebox if cold and in a very civilized way .. don't order from them .,foodpanda_reviews.csv,1,negative,negative,2.5784534138893007
2x kena masalah di grabfood payah bgt. ga ngerti sama sekali deh.,grab_reviews.csv,1,neutral,neutral,0.89379757801673
Gabisa bayar pake ovo point,grab_reviews.csv,1,neutral,neutral,1.0422184363374223
knows shortcuts for me to get faster to my destination,grab_reviews.csv,5,neutral,neutral,0.8626925135857351
Worst service. Multiple orders taken by the driver resulting to cold food and lapse meal.,foodpanda_reviews.csv,1,negative,negative,1.752411050453385
app ny knp trouble di versi baru ya.. gak bisa update ke last version Samsung J7 prime,grab_reviews.csv,1,negative,negative,-0.08086882659816697
Very 👌 app.......but very few restaurants...😠,foodpanda_reviews.csv,5,negative,negative,0.9999070996401707
idiiot kl ngasi harga mikir dikit la,grab_reviews.csv,1,neutral,neutral,0.4902543252908491
Berangkat ke kantor gak terlambat lagi karena bisa nyelip di sela kemacetan. Bisa lewat jalan yg gak di lalaui angkutan umum atau busway.,grab_reviews.csv,5,neutral,neutral,0.8150221074589156
Best app ever.!,foodpanda_reviews.csv,5,positive,positive,2.087665729781482
food app it is an examole to get foodin discount,foodpanda_reviews.csv,5,neutral,neutral,0.6079869769895676
Tabahi app hai bs koi voucher kara doo food panda plzz,foodpanda_reviews.csv,5,neutral,neutral,0.9806359856197264
Best app for ordering foods! And the riders are the best when it comes in delivering your orders! Two thumbs up guys! Keep it up👍,foodpanda_reviews.csv,5,positive,positive,2.7780915078812303
😇😇😇❤️❤️❤️,foodpanda_reviews.csv,5,positive,positive,1.811729287818465
"Hard to navigate. Worst of all, the updates took up too much space and without the updates I wasn't even allowed to use the app.",grab_reviews.csv,1,negative,negative,1.3496300124881104
The apps is good. And the price to used this service is the cheapest one ^^,grab_reviews.csv,5,positive,positive,0.7521777351269889
Membantu banget,grab_reviews.csv,5,neutral,neutral,0.8121487192995968
"its very good app,",grab_reviews.csv,5,positive,positive,3.0406120726615793
can't use advance booking 😤,grab_reviews.csv,1,neutral,neutral,0.7772719390395886
good app..very helpful but sometimes doesn't work😣😣,foodpanda_reviews.csv,5,negative,negative,0.3246331218108416
i love in grab travelling,grab_reviews.csv,5,positive,positive,1.6263638165217096
"Great app for ordering, very easy and simple to understand",foodpanda_reviews.csv,5,positive,positive,2.735487109720925
I hated This,grab_reviews.csv,1,negative,negative,0.32529907267674973
Excilent apps for meal,foodpanda_reviews.csv,5,neutral,neutral,0.10554587183136488
Hotel did not confirm the order and foodpanda did not refund money also,foodpanda_reviews.csv,1,neutral,neutral,0.49184005948217835
"Tambahkan peraturan untuk driver wajib membawa uang receh, biar gampang buat kembalian",grab_reviews.csv,4,neutral,neutral,1.0937071683216089
I updated this app but its not show the Grocery Category,foodpanda_reviews.csv,3,neutral,neutral,1.9897356813814566
"After top up money gone. Transection even capture in garb app but the amount still remain the same. Please use with caution, grab no longer as good as it used to be. Force you to subscribe to get the promo which was free last time and limit the city. If you travel alot, you are scwred.",grab_reviews.csv,1,positive,positive,0.27719734516427197
They do fraud. Rider took the cash for change and didn't come to return money back. Food panda representative are doing farud with customers. They are useless. Fraudulent. Be aware don't give them money.,foodpanda_reviews.csv,1,negative,negative,0.7520334939790749
GPS is not very good,grab_reviews.csv,4,negative,negative,0.9651616565132608
Very bad grab..no good using dis app,grab_reviews.csv,1,negative,negative,2.4883060692588
The restaurants are very selective on taste angry quality,foodpanda_reviews.csv,5,negative,negative,1.149560359096868
"App was working fine but keeps crashing today. Of all days, when I wanted to redeem my points for F&B",grab_reviews.csv,1,neutral,neutral,0.5888331571166957
The worst apps ever,foodpanda_reviews.csv,1,negative,negative,2.918058532645967
Your are the Worst ever in food delivery app. Your driver could not find my location because your pin drops always in the wrong place! Your customer service is also BIG LIAR. I answered your call but reported me as did not answer!! My order was not deliver & your customer service said it is my issue. Cannot be refund. Banning you forever!!!,foodpanda_reviews.csv,1,neutral,negative,0.7811733701960715
I couldn't sign in!!,grab_reviews.csv,1,neutral,neutral,1.1352592246141378
"Best app, hassle free service! Keep up!",grab_reviews.csv,5,positive,positive,2.6549901134397
Không tôn trọng chủ quyền biển đảo của Việt Nam! Đề nghị Grab cuốn gói ra khỏi Việt Nam! Không tiễn!,grab_reviews.csv,1,neutral,neutral,1.3329178690428292
great and easy user,foodpanda_reviews.csv,5,positive,positive,4.051610482982417
Cannot book anything on this app. Very slow and takes an hour to load. Heavy memory mobile games run faster than grab. Everything is too expensive for a crappy app.,grab_reviews.csv,1,negative,negative,0.8314745440089144
This app is great! No issues so far.,grab_reviews.csv,5,positive,positive,0.9412349638778854
Bad experience... Estimated delivery time is just a fraud... It keeps updating and nothing happens within the time... At last you will get cold and bad food... No check and balance from Foodpanda authority.,foodpanda_reviews.csv,1,negative,negative,2.190957046792679
Very useless app i want to add my location and it doesn't add and doesn't open why?????,foodpanda_reviews.csv,1,negative,negative,0.7624360064672553
Excellent food service,foodpanda_reviews.csv,5,positive,positive,1.9065782513437262
Very difficult now to book grab car rides,grab_reviews.csv,1,negative,negative,1.3716551652505533
Why did you remove 7-11 for cash in option? Now it's sucks,grab_reviews.csv,3,negative,negative,0.23810325242657937
Please dont opt for it..my sincere request esp if u r hungry. Because it will never get delivered and u may die hungry .even wen u call cu care dey will never care u n put u on hold for long time and its not a toll free number,foodpanda_reviews.csv,1,positive,negative,-0.1101049401657479
"After the last update my app doesn't find me any restaurants, it works only if i reinstall the app, and then after a few days again the same bug, another reinstall. Except that, all good. Update: works fine now. Tyvm!",foodpanda_reviews.csv,5,positive,negative,-0.136713239291943
Got promo code,foodpanda_reviews.csv,5,neutral,neutral,1.178697530903512
Services are getting from bad to worse. Waiting time for food delivery is horrible. Grab fares are also increasing.,grab_reviews.csv,1,negative,negative,2.393449597768029
Pleaseeee....low the fee thats need to pay because sometimes its was very expensive,grab_reviews.csv,3,negative,negative,0.8548659850952061
Maglagay na kayo grab food sa Meycauayan,grab_reviews.csv,4,neutral,neutral,1.3896677531806045
I book a standard taxi driver gave me recipt ar $17 but charge me $20,grab_reviews.csv,1,neutral,neutral,1.6609191313046694
"After upgrade the App sucks. Unable to process payment cards, unable to manage card glitches at every stage of order",foodpanda_reviews.csv,1,negative,negative,1.1387240112926915
always on-time or reach faster. Way better than deliver eat !!,foodpanda_reviews.csv,5,positive,positive,0.8848848709175712
Cheaper compared to Grab,foodpanda_reviews.csv,5,neutral,neutral,0.67487066194117
Nice app😋😋😋👍,foodpanda_reviews.csv,5,positive,positive,0.6880539692865166
Your riders are people.,foodpanda_reviews.csv,1,neutral,neutral,0.46279384175034033
Bad update can't opening at all taking too much time,foodpanda_reviews.csv,1,negative,negative,1.0203804056546475
Costumer service sucks! Refund for wrong items are non existent.. so disapointed,foodpanda_reviews.csv,1,negative,negative,2.4404709970576577
Masih bs diandalkan,grab_reviews.csv,5,neutral,neutral,1.5128982381265914
LAV U 3000 GRAB,grab_reviews.csv,5,neutral,neutral,1.5458006062259702
Best one app,foodpanda_reviews.csv,3,positive,positive,2.5026454708907178
"Pandamart order selalu tak cukup, lepastu boleh pula adjust harga ikut yang ditolak dr kad(harga jadi mahal sebelumnya)takda notification pun bgtau item tu out stock & akan refund👎",foodpanda_reviews.csv,1,negative,negative,0.39666490724136594
It's so beautiful,foodpanda_reviews.csv,5,positive,positive,0.5676247103515042
Kurang banyak promo,grab_reviews.csv,4,neutral,neutral,1.0601440527193322
"best,simple",foodpanda_reviews.csv,5,positive,positive,2.8981268985338744
I like this app because i can go anywhere with the car and the price is good too.,grab_reviews.csv,5,positive,positive,1.1639565961031229
Thank you foodpanda😊👍,foodpanda_reviews.csv,5,positive,positive,2.521289830575707
"I think it is great , very useful when you need to rush home. Good luck.",grab_reviews.csv,4,positive,positive,3.448410505770682
Bad apps.Can't get refund and waste my time for waiting the order.Poor.,foodpanda_reviews.csv,1,negative,negative,2.8799050647801763
"Gua bayar pake kode jatimirit. Mustinya bayarnya 9k, eh malah di app driver kena 13k. Terus, saldo ovo saya kena sedot lagi. UNINSTALLLLLLLL !!!!!!!!!",grab_reviews.csv,1,neutral,neutral,0.8155066208283013
Its fast and easy,foodpanda_reviews.csv,5,positive,positive,2.631247899352613
"SERVICE FOODPANDA TERUK TERUK TERUK TERUK TERUK. kedai buka, bila sudah order & buat payment, boleh pula kedai tutup. nak bayar duit customer punyalah payah, kena tunggu 14 hari. service foodpanda teruk, harga makanan mahal nak mampus.",foodpanda_reviews.csv,1,negative,negative,1.8283917607273685
"What a terrible app!!! When I clicked place order, a message popped up telling me to review my order as there's a change in my total. Ok so after reviewing my order I went on to click place order. But the SAME message popped up again telling me to review my order!!! I can't even place my order at all!!! What a stupid app!!!",foodpanda_reviews.csv,1,negative,negative,1.2475042847365918
Dekhai ek dei r ek,foodpanda_reviews.csv,2,neutral,neutral,1.470172668510631
veery good sarves,grab_reviews.csv,5,positive,positive,1.5570211645165053
Worst app. Everything i touch says not available in your area wth?,foodpanda_reviews.csv,1,negative,negative,1.0539088025594556
Good app and great discounts,foodpanda_reviews.csv,5,positive,positive,3.22102963720884
deserves,foodpanda_reviews.csv,4,neutral,neutral,1.6007194038802937
Sadly. Not available at night,foodpanda_reviews.csv,4,negative,negative,0.24920461964142882
This new update about face scan is literally troubled me because I cant verify it using my phone....pls fix it,grab_reviews.csv,1,negative,negative,0.8602248599694815
Cancel order has been removed. My orders are always late. I lost my patience,foodpanda_reviews.csv,1,negative,negative,0.6830561101248889
excellant service..never encountered any problem...tq..,grab_reviews.csv,5,neutral,neutral,0.2524390873876572
Seringnya promo gak bisa dpake padahal kodenya sesuai,grab_reviews.csv,3,neutral,neutral,1.5010043339049277
"UPDATE: for some reason,they permanently disable my account to pay COD, though mostly I prefer online payment but this is still unfair If theres any problem with my order their customers support has always been very helpful. They will immediately refund or will give voucher and sometimes will give more. Great improvement as ive been using food panda for long now.",foodpanda_reviews.csv,1,positive,positive,0.6906537887945023
"Tanks food panda.,this app is nice 😍😍😍😊😊😊",foodpanda_reviews.csv,5,positive,positive,2.7306938863806547
Always having issue with card payments. Worst experience of card payments,foodpanda_reviews.csv,2,negative,negative,0.6360407820791765
Worst service provider for both users and vendors.. will never used it..,foodpanda_reviews.csv,1,negative,negative,1.0961108619437505
Why are you charging extra from original price as well as delivery fees. Why there is difference in quantity from ordering through foodpanda. 70% off is written but in reality 0% off.,foodpanda_reviews.csv,1,neutral,neutral,0.13003665753846994
Day by day getting worst,grab_reviews.csv,1,negative,negative,1.6141187839691051
"Grab gps not working well, i could no longer find any driver.... While uber app has no issues....",grab_reviews.csv,2,negative,negative,0.833278481634713
seriously? grabfood jarak 1km kena ongkir 8ribu? jarang 4km kena ongkir 6rb?? ini maksudnya apaan lagi sih??,grab_reviews.csv,1,negative,neutral,0.6258496975967228
Gooooood!!,foodpanda_reviews.csv,5,positive,positive,8.007246192106358
heng mulu tiap dibuka. restart2 terus balik ke awal kyk baru buka. jd nggak bisa pake. dulu jg perna gini tp begitu update uda aman. skrg update malah balik gitu lg,grab_reviews.csv,1,neutral,neutral,0.5005839376592294
Sudah berapa kali di update tapi masih aja gagal Dan akhirnya aku gk bisa pesan taksi sungguh meyedihkan😤😤😤😤,grab_reviews.csv,1,neutral,neutral,0.7314391277624901
"Grab foodnya pada males ambil order pada gamau nerima order ,sampah dasar",grab_reviews.csv,1,neutral,neutral,0.7223261082454474
Senang & prefer lagi food panda sebab boleh cash,foodpanda_reviews.csv,4,neutral,neutral,0.9191843821086165
The pin location is not good enough,foodpanda_reviews.csv,4,negative,negative,1.8222289915673424
Good working apps🥰The riders is Nice and very Humble,foodpanda_reviews.csv,5,positive,positive,2.3858401806424165
Its a good app but is sad 300 reshied,foodpanda_reviews.csv,3,negative,negative,0.1304524223650647
"Alot of food choices, but delivery time sometimes is way too long. i would give 5 if delivery time can get better.",foodpanda_reviews.csv,4,positive,positive,0.40353388973673354
Grab are punctual and cheaper.,grab_reviews.csv,5,neutral,neutral,0.9501637106306983
bad ux design,grab_reviews.csv,1,negative,negative,1.8393128692282676
Excellent fr a fat foodie like me :),foodpanda_reviews.csv,5,positive,positive,2.3154571297019713
"i can't do multiple grabfood orders with the new app!!! and everytime i order grabfood, i have to re-key my unit number again. The system will not autosave my unit number... Pls do something on app to make it user friendly.",grab_reviews.csv,1,positive,positive,0.027904102309108447
"Ordered food was not delivered to the right address, but was notified as Order Received.",foodpanda_reviews.csv,1,neutral,neutral,0.6226252950934532
Good Deal!,grab_reviews.csv,4,positive,positive,2.2244707429234927
I used once the Grab . Now I can't coz last time I book the grab while emergency and driver was late .I lifted coz of emergency now I can't install the grab and idint see any help from grab so I disappoint now I m not using it.,grab_reviews.csv,1,negative,negative,0.8877959151136587
Good service for this generation,grab_reviews.csv,5,positive,positive,1.7501356577702316
uh well it's good i guess,grab_reviews.csv,3,positive,positive,1.9062520022178215
GAK ADA PROMO LAGI UNTUK YG GA PAKAI OVO CKCK,grab_reviews.csv,1,neutral,neutral,1.2040798491041014
"keren, bantu banget, semoga tetep jaga kredibilitas",grab_reviews.csv,5,neutral,neutral,1.053004931763763
great apps..helpful...,foodpanda_reviews.csv,4,positive,positive,2.8669251430743783
It's good services,grab_reviews.csv,5,positive,positive,2.306281013054492
Payah dah grab. Jadi harus saya uninstall,grab_reviews.csv,1,neutral,neutral,0.7701915478112821
easy to use and accruate navigator,grab_reviews.csv,5,positive,positive,1.3391285181592714
When I use this apps ut really make me feel easy to go anywhere that I like at town,grab_reviews.csv,5,positive,positive,1.5187671551663302
"NO MORE ""No cancellation promise, Grab points +100"" from grab, and no where for enquiry and feedback",grab_reviews.csv,3,negative,negative,0.673757932495251
Very useful....it helps feed pwd and senior citizen who can not go out.,foodpanda_reviews.csv,4,positive,positive,0.47793255240250865
"App yg bagus dan banyak kegunaannya dari segi order makan ,shopping,and transport semua ade dalam1 app sahaja .mudah dan pantas",grab_reviews.csv,5,positive,positive,0.5780558184500186
Easy way to order from your favourite place.,foodpanda_reviews.csv,5,positive,positive,0.6210304503664879
very convenient to use and make my life easier.,grab_reviews.csv,5,positive,positive,0.2849085242923315
Suer app,foodpanda_reviews.csv,5,neutral,neutral,1.4505560754259943
"Horrible app. Could not locate my address in chennai ... All other apps work fine ... Domino's, just eat etc all identify my place ... For some reason, this does not ... On top of it the tie ups are even worse ... I ordered food via Wang's kitchen and made an online payment ... The restaurant refused to deliver the food after 1.5 hours of waiting and I never got any refund ... Disgusted by FoodPanda .....",foodpanda_reviews.csv,1,negative,negative,1.4264228759353066
"Does what it says on the tin, could do with more restaurants but that'll come with time I guess",foodpanda_reviews.csv,5,neutral,neutral,1.3109036634462798
Amar to foodpanda bhaloi lage,foodpanda_reviews.csv,4,neutral,neutral,0.8880033837580222
"Very bad at retrieving location, can't retrieve my location",foodpanda_reviews.csv,2,negative,negative,1.0263252570667025
This app is fantastic and fast delivery i enjoyed this app,foodpanda_reviews.csv,5,positive,positive,1.6065572221438809
Riders are thugs,foodpanda_reviews.csv,2,neutral,neutral,1.0549318813035902
Best food ordering app!,foodpanda_reviews.csv,5,positive,positive,1.8961271447252346
Everything is good except for the OVO top up can't be done by single click debited from BCA account like Gopay did.,grab_reviews.csv,5,positive,positive,1.2331198086501651
suddipjpo,grab_reviews.csv,4,neutral,neutral,1.0074636741581862
i like it. easy to use.seamless. sometimes it is cheaper than buy at counter.,foodpanda_reviews.csv,5,positive,positive,0.8523512415559782
Tcs for 3,foodpanda_reviews.csv,4,neutral,neutral,1.3549869672519685
Customer service is really bad.. they deliver me half products.. and then jb mene complain tou unho ne mjhe mre missing products k amount dyne ae inkar krdia.. bad experience.. Pandmart,foodpanda_reviews.csv,2,negative,negative,2.662438697205347
In one word 'awesome' 😎,foodpanda_reviews.csv,5,positive,positive,1.3854083850577015
Really easy to use....would prefer KFC to be added though....,foodpanda_reviews.csv,5,positive,positive,0.8065347694695506
I love this app even though I have not downloaded it right now. Reason I don't know. I feel emotional when I hear or watch this ad. Truth and faithfulness is observed. Seems like one of the top apps. I hope this should be a super hit app,foodpanda_reviews.csv,5,positive,positive,1.506762713937641
I think GRABCAR is awesome.,grab_reviews.csv,5,positive,positive,0.8377249890593206
Good as delivery,foodpanda_reviews.csv,5,positive,positive,2.3689067863279076
Food Panda ads are very annoying,foodpanda_reviews.csv,1,negative,negative,1.7585492331280408
"A really good app for various services like transportation, food, etc. Thanks!",grab_reviews.csv,5,positive,positive,3.0019254376755438
"ADD GCASH AS PAYING OPTION PLEASE Edit: okay, so gcash was added. Now, give me vouchers plz.",foodpanda_reviews.csv,3,positive,positive,0.21356652110461227
DISSAPPOINTING,foodpanda_reviews.csv,1,negative,negative,2.586542298940882
NAKAKAINIS yung mga driver nyo na walang modo ampanget ng services nyo di ako natutuwa😡😡😡,foodpanda_reviews.csv,1,negative,negative,1.317657835079487
I'm in learn about it,grab_reviews.csv,4,neutral,neutral,0.8541734879887782
ทำไมแอดมิน Twitter account ถึงใช้คำว่า ก่อการร้าย?,foodpanda_reviews.csv,1,neutral,neutral,0.8117475514945498
asik apk,grab_reviews.csv,5,neutral,neutral,1.3830029105800885
Enak bgt pake grab 😍😍,grab_reviews.csv,5,positive,positive,1.4153072192346816
Omg can't install Grab transport omg,grab_reviews.csv,1,neutral,neutral,0.8968443225650456
Haroon Bhai,foodpanda_reviews.csv,1,neutral,neutral,1.204902499657838
TERRIBLE CUSTOMER SERVICE TERRIBLE RIDERS TERRIBLE APP!!! Grabe ang foodpanda na 'to!! Wala naman dumating na order pero may siningil pa din ako!! Walang kwenta. Not recommending this!,foodpanda_reviews.csv,1,negative,negative,1.956749402495753
"Good apps. But the Estimate Arrival Time is not accurate, please improve on this.",grab_reviews.csv,5,negative,positive,0.1955958075968276
Grab pay not working. Disappointing!!!!!,grab_reviews.csv,2,negative,negative,4.055672578695521
"SAMA CUSTOMER MILIH2 KONTOL, MASA OVO POINT GUA GA BISA DI PAKE & KALAU ADA PROMO AKUN GUA GA BISA PAKE VOUCHER TSB. USELESS!!!",grab_reviews.csv,1,negative,negative,0.09169864935044059
Nice and good apps. Even though not so many promo like before ⭐⭐⭐⭐👍,grab_reviews.csv,4,positive,positive,2.004765382436907
Aplikasi sering lamban. G tau karna apa. Padahal jaringan sy stabil,grab_reviews.csv,4,neutral,neutral,0.9512715757095112
This is great! Thank You GRAB! i can now buy digital goods overseas using GrabPay Card! Yey! WoooHoooo Lets go! ⭐⭐⭐⭐⭐,grab_reviews.csv,5,positive,positive,0.5185865800002489
This app is very useless.,foodpanda_reviews.csv,1,negative,negative,1.6065746357119073
Fast and quick delivery 😊,foodpanda_reviews.csv,5,positive,positive,1.3537213097326404
I just hate the driver 😠,grab_reviews.csv,1,negative,negative,3.7327497195492776
Foodpanda food ordering very good..But customer service is the worst in the world.. cannot get my money back since 6 month ago.. 1 star,foodpanda_reviews.csv,1,negative,negative,0.41439879615364195
Brilliant Food,foodpanda_reviews.csv,5,neutral,neutral,0.712510939686337
They are a bunch of crooks and fraudsters they dont make a refund for missing items all they have is just apology..There agents are all fraudsters...Foodpanda Pakistan u guys are fraud.,foodpanda_reviews.csv,1,negative,negative,0.7634326583217965
Wth happen to this apps. How come some of the shop that i used to order cannot send to my address???? Did you guys make the circle even more small? Hard for me to lrder woth only some limited location. This sucks. This apps is getting worse.,foodpanda_reviews.csv,1,negative,negative,2.008173444371096
This is the first time I have ordered through your app. Appreciate quick delivery. Keep it up.,foodpanda_reviews.csv,4,positive,positive,-0.04467609608511869
Excellent and Effecient,foodpanda_reviews.csv,4,positive,positive,1.7564392620856764
Penyelamat,grab_reviews.csv,5,neutral,neutral,1.039921660866948
suxh a ridiculous app....which only bother u....😡😡😡😡😡💔💔💔,foodpanda_reviews.csv,1,negative,negative,4.6288072166830485
so enjoy recomend ko to hehe,foodpanda_reviews.csv,5,positive,positive,1.1152300771457122
Not good for delivery charges,foodpanda_reviews.csv,1,negative,negative,2.3686355741048755
"Shows 70% discount but inside it's no discount and also time is almost always delay, what ever the tine shows but when you place the order the delivery time is extended",foodpanda_reviews.csv,1,neutral,neutral,0.5202070071564106
Such nice,foodpanda_reviews.csv,5,positive,positive,2.1952178132803644
best interface,grab_reviews.csv,5,positive,positive,2.393897639582155
So bad i am tired of ads 500 ads come in a day 👎👎👎👎👎👎👎👎👎👎👎👎👎👎👎,foodpanda_reviews.csv,1,negative,negative,4.381903168998713
"Been third times that grab driver get the wrongly address which is my addresd and he go nearby in my place and keep rounding it and the worst thing he asked me a penalty of 4$ reason he keep waiting, but its your GPS tracking how could i able to give a wrong address of mine so i keep discussing to the grab that its not my fault its your GPS Fix it for better service Thank you",grab_reviews.csv,3,positive,negative,0.541046564077936
Hospott Make HABIS BABI 😞😞😳😩😭😭,foodpanda_reviews.csv,3,negative,negative,2.790184441325557
Got blocked for no reason. Very disappointed. Support does not react. Imagine you wait in the night outside but cannot order taxi.,grab_reviews.csv,1,neutral,negative,0.34545117256391555
This is best app for food delivery. Ti is best for us,foodpanda_reviews.csv,5,positive,positive,2.169584626958118
But it sucks when comes ordering foods,grab_reviews.csv,1,negative,negative,0.48400355361321856
I was in the middle of giving a bad review for the restaurant due to poor timeliness and suddenly the apps got problem and the review section are dissapear. Im angry with the restaurant and now im angry with this apps 🤬,foodpanda_reviews.csv,2,negative,negative,2.879332010440107
"Been trying to access the app since this morning but it always says ""cannot connect to server."" 👎",grab_reviews.csv,1,negative,negative,0.835724277548163
"Aplikasinya bagus, attitude drivernya jauh dibawah kalo dibanding saingannya. Driver gak bisa baca map, nyetir ndut2an, polisi tidur dihajar dll.",grab_reviews.csv,5,positive,positive,-0.12194628681666209
Great experience to use it ♥️,foodpanda_reviews.csv,5,positive,positive,1.3182330932452848
It's not working properly quite annoying,foodpanda_reviews.csv,1,negative,negative,3.242343625458649
Enakan gojek,grab_reviews.csv,1,neutral,neutral,1.2783058726742722
Imi da eroare si nu ma lasa sa comand,foodpanda_reviews.csv,5,neutral,neutral,1.1900716464553613
what is wrong with your app today?,grab_reviews.csv,1,negative,negative,1.635970802654262
"good app, good vouchers love this app",foodpanda_reviews.csv,5,positive,positive,4.243115957768281
Very easy to used this app,foodpanda_reviews.csv,5,positive,positive,1.7269770986804447
Best services and restaurants can now be availed at a touch of a button 😍,foodpanda_reviews.csv,5,positive,positive,2.173077955273029
Nice without any tension without go anywhere all food enjoy at your home 🏠,foodpanda_reviews.csv,5,positive,positive,1.0475137588176138
"Unreliable company. Happened more than once where they cancel my order after making me wait way past the initial promised time, and then say I'll get a refund without stating a definite date. When asked about it later, they'll just say it was refunded without any proof or details such as date as to when that happened. They collect money upfront with a 30% margin, this the best they can do?",foodpanda_reviews.csv,1,positive,negative,0.2989173047027751
I personally uninstall this app ... waste money ... dikhty kuch daite kuch bad experience,foodpanda_reviews.csv,1,negative,negative,1.6476241203286772
Very useful. All drivers are kind and patient.,grab_reviews.csv,5,positive,positive,1.392004589642873
"my last purchase was so bad, rider very rude, wouldn't recommend to my friends and family",foodpanda_reviews.csv,1,negative,negative,2.5791200154354237
Nice 👍 apps,foodpanda_reviews.csv,5,positive,positive,4.713396775927509
For Grab Indonesia : Aplikasinya bagus tetapi untuk layanan Grab Food masih harus diperbaiki. Banyak driver yang suka minta cancle karena alasan kurang jelas.,grab_reviews.csv,4,neutral,neutral,0.8555014088114941
Sana dagdagan pa ng mga merchant and photo ng mga binebentang food,foodpanda_reviews.csv,4,neutral,neutral,0.6893798354835078
App sucks! Agents sucks!,foodpanda_reviews.csv,1,negative,negative,2.3321903057414506
So far so good. Good job,grab_reviews.csv,5,positive,positive,3.6514078070052234
"Promonya buset ga abis abiiisss, bakar teruussss",grab_reviews.csv,5,neutral,neutral,1.3564114118634798
"Sometimes you would meet friendly people and sometimes it would have an awkward atmosphere but in the end when in jam, just use grab instead of uber",grab_reviews.csv,5,neutral,neutral,-0.03924241581375543
can't reach an agent for my concern,foodpanda_reviews.csv,1,neutral,neutral,0.8265850603773518
Maybe it would be nice if you can add a call the rider option so that we could speak to him.through phone call cause sometimes other riders tend to not get the instructions properly... And hopefully you can expand your shops choices thanks,foodpanda_reviews.csv,3,positive,positive,1.0505778810299857
"can dont ask again ""use this location"" ???",grab_reviews.csv,3,neutral,neutral,0.4886006140792134
i think this is not a good app. it is very difficult to find foods or item.,foodpanda_reviews.csv,2,negative,negative,1.624958725674995
Extremely bad service.,foodpanda_reviews.csv,1,negative,negative,2.3150102292448675
Update: warning do not patronized the force online payment Overprice and worst damage goods. Still forced to pay online payment only to get scammed typical im not going to install this i rather choose different app,foodpanda_reviews.csv,1,negative,negative,0.6900529984553532
Why i cannot order food via grabfood??,grab_reviews.csv,3,neutral,neutral,0.7280098388051275
"Terpaksa saya uninstal, krn tdk bisa log in. Padahal sdh terdaftar lama... payah, mending pakai aplikasi transportasi yg lain.",grab_reviews.csv,1,neutral,neutral,0.5578453464145171
tagal mag download tanginahdiqms,grab_reviews.csv,1,neutral,neutral,1.0287036623266184
it's good apps for food,foodpanda_reviews.csv,5,positive,positive,1.8486842444067852
Updateeeeeee memanjangggg menyampah aku,foodpanda_reviews.csv,1,negative,negative,0.38557027029699475
Interface is easy to navigate ...,foodpanda_reviews.csv,4,positive,positive,1.160953786927805
PKP nie memang app nie membantu sangat2 ketika lapauuu....,foodpanda_reviews.csv,5,neutral,neutral,0.6661526122587632
"Never order from this app... Worst service ever, , , waited for my order 2 hours and no body takes action, worst worst service ever.. Never going to order from this stupi. App.",foodpanda_reviews.csv,1,negative,negative,2.1208374551217437
Best approach,foodpanda_reviews.csv,4,positive,positive,1.5642988182040052
My fav app in the world. I'm sure I am their best customer. Love foodpanda!!,foodpanda_reviews.csv,5,positive,positive,2.39004480829923
Fablisistic,foodpanda_reviews.csv,5,neutral,neutral,0.7994153427917932
why no cash on delivery😡,foodpanda_reviews.csv,4,negative,negative,0.606846493127926
แอพสลิ่ม ลบแล้ว ให้ 1 ดาวพอครับ,foodpanda_reviews.csv,1,neutral,neutral,1.6758762162376106
Grab drivers are rude and don't even wait 5 minutes leaving you to pay an RM3 ringgit penalty fee. Twice I came outside only to see my driver driving away as soon as I am there. Also food delivery guys can't even call me to deliver my food and instead I am stuck with a refund and an empty stomach.,grab_reviews.csv,1,negative,negative,0.8687482145537988
pin location not working,grab_reviews.csv,1,negative,negative,2.033298912114097
Bad application .,foodpanda_reviews.csv,1,negative,negative,2.5231837234953627
Great I love this app thanks for great job this app very helpful n the drivers it's very friendly n polite.,grab_reviews.csv,5,positive,positive,5.2784816637075185
bisa kemana mana dengan dana budget,grab_reviews.csv,5,neutral,neutral,1.1349269094914753
Easy&great apps,grab_reviews.csv,5,positive,positive,4.633533739917757
"recomended banget..beli makanan di grabfood bayarnya pake ovo, discount nya ga kapok²..mantul..",grab_reviews.csv,5,neutral,neutral,0.33659769490408564
Best way to get around in Vietnam,grab_reviews.csv,5,positive,positive,1.2604773527931423
"When using Grab Credits, I'd appreciate it more if the final amount (amount after a promocode is applied) will be factored, not just the whole amount without promo. With this, we can utilize the Grab Credits more. Thanks!",grab_reviews.csv,4,positive,positive,0.4462404983839581
Bahut Achcha hai,foodpanda_reviews.csv,5,neutral,neutral,1.046583653558769
Outstanding app. A lot of income for the owners of the app. :),grab_reviews.csv,5,positive,neutral,0.15957642119120985
No way to report a late order. Or to cancel or change an order even when it is cancelled/changed within a few minutes of placing it. Very poor service overall.,foodpanda_reviews.csv,1,negative,negative,1.8121991206390615
Hope more restaurants can participate,grab_reviews.csv,4,positive,positive,0.7398014910607802
No support and apps doesn't work.,foodpanda_reviews.csv,1,negative,negative,1.0522440647260152
kya bat hai jnb,foodpanda_reviews.csv,5,neutral,neutral,1.2348738218372335
Sobrang Gandang Apps. Walang Hassle sa pag bili ng Pagkain at paborito kong Milktea,foodpanda_reviews.csv,5,neutral,neutral,0.6067016987720631
It's an annoying app because its advertising everywhere 😡😡,foodpanda_reviews.csv,1,negative,negative,2.6144361604903614
Cant push thru with my order.,foodpanda_reviews.csv,1,neutral,neutral,1.114724551836098
Very good kc mabilis ang delivery hindi ko lang nagustuhan ang ang service ng rider na ngdeliver saakin kc first transaction ko pa nmn ito sa food panda,foodpanda_reviews.csv,5,positive,positive,-0.04912292077735736
Its too good ❤️❤️❤️,foodpanda_reviews.csv,5,positive,positive,4.494932979830122
Very good app to eat food in discounts😊😊😋😋,foodpanda_reviews.csv,5,positive,positive,1.1645624913176473
Easy and reliable app,foodpanda_reviews.csv,4,positive,positive,1.008537370624403
Pathetic app. Dont give you real time info and cancels order after the time of delivery is passed. Pathetic and unprofessional. Never using it again..,foodpanda_reviews.csv,5,negative,negative,1.9063127475312824
Great experience.. Pakistan is progressing <3,foodpanda_reviews.csv,5,positive,positive,1.3702617983244358
"The Worst Monopoly Company. Order wrong food , give wrong auto address on grabfood, request cancel via customer support instantly. System auto replies fast, it solve nothing . 30 minutes press more then 20 times for cancel, in the end food ready and i cannot cancel. food end up at the wrong place. No customer support follow up and no section allow me to submit the complain. The day end up with HANGER and DISSAPOINTMENT. WORST EXPERINCES EVER",grab_reviews.csv,1,negative,negative,2.778828657478264
Nice and user friendly app to order food,foodpanda_reviews.csv,5,positive,positive,2.740856275759369
The location of driver is not true. On one occasion I did not confirm the ride but the taxi reached my place and the driver called me and started shouting at me. I told him that I did not book for a taxi but he never listen..,grab_reviews.csv,1,neutral,neutral,0.875048114268411
So naice app,foodpanda_reviews.csv,5,neutral,neutral,0.12287450678076084
Lovely Food App amoung others,foodpanda_reviews.csv,5,positive,positive,0.44926540162708495
It's not work.. M trying to check cart but it's not working,foodpanda_reviews.csv,1,negative,negative,1.5279156530706057
"easy, quick, good interface.",foodpanda_reviews.csv,5,positive,positive,3.488060570918253
Less promotion code higher price n less service,grab_reviews.csv,3,neutral,neutral,0.6499644828979759
very satisfied using this application,grab_reviews.csv,5,positive,positive,1.0261054144492097
It's a food app where you order food. What more can I say. I'd love to see more photos though from the menu. It should be required at least to post photos.,foodpanda_reviews.csv,5,positive,positive,0.42306135855480154
"I had an accident with the Grabbike and I already sent email and comment by the apps but there is no respond from Grab. This app and the service very awful! I recommend you to use GoJek or Uber, at least they responsible and respond the emails and bad comment.",grab_reviews.csv,1,negative,negative,1.1795772070520631
Good aplication ⭐⭐⭐⭐⭐,grab_reviews.csv,5,positive,positive,0.06381549755494675
Sangat membantu untuk pulang kerumah,grab_reviews.csv,5,neutral,neutral,1.1026338900792438
i missed my bus just bcs of this stupid selfie..stop using that or use for once only..and the price also expensive 3 months ago i pay only rm5 now i pay for 8 for same destination!!and your driver so lazy never help me pick up my things just sit in the car after received my money!! fix this or your customer find the others much better than this,grab_reviews.csv,1,negative,negative,1.7710920070573772
There are so limited option and so much delivery boundaries its bee 2 years I'm trying to use this app but still unable to makea single order I am start thinking now that this app is a waste of storage in phone,foodpanda_reviews.csv,1,negative,negative,0.8746336764085099
great service! saves a lot of time in ordering food.,foodpanda_reviews.csv,5,positive,positive,0.9712845217102017
Great app everrrre,foodpanda_reviews.csv,5,positive,positive,2.6562608591029475
it is annoying because it keeps poping up,foodpanda_reviews.csv,5,negative,negative,1.4342669227758176
Sblm2 nie ok ja...tp skrg mcm to much la..sbb min top4 grab py dah jd rm50...plz la min rm20 pn dah ok...,grab_reviews.csv,3,positive,positive,0.3668208106910986
"I can't claim the ePENJANA, It got stucked",grab_reviews.csv,1,neutral,neutral,0.53149250682626
"They always answer whenever I have order problems and will give vouchers if possible. Drivers are also courteous and the app itself is easy to navigate. Thanks, foodpanda!",foodpanda_reviews.csv,5,positive,positive,1.1336398690106966
Please fix your promo system. My promo was rejected twice already even though both driver and me got the promo tag confirmation but the fare was not properly deducted.,grab_reviews.csv,1,neutral,neutral,1.089936965380549
Ok la tapi tak Banyak kedai,foodpanda_reviews.csv,5,neutral,neutral,1.3528478968963238
"Good driver, good n comfy ride",grab_reviews.csv,5,positive,positive,2.371461205639835
"worst experiance, keep on increasing sale tax and delivery charges",foodpanda_reviews.csv,1,negative,negative,1.1043982702873723
"Whenever book for grabcar, timing always wait more then 10mins. Out of like 7 trips i take to work, 6 trips , im always late for work.",grab_reviews.csv,3,positive,positive,0.05876125697616863
uo . Bogura,foodpanda_reviews.csv,4,neutral,neutral,1.347680223989602
keep asking to update when i just update the app 😑,foodpanda_reviews.csv,1,neutral,neutral,0.5199271887218103
Diskon terus yaaa,grab_reviews.csv,5,neutral,neutral,0.6860059962761863
Good application to order good.,foodpanda_reviews.csv,5,positive,positive,2.661595626581044
Jgn nafsu aja kntl,foodpanda_reviews.csv,1,neutral,neutral,1.2780933558903245
verry accomodating.,foodpanda_reviews.csv,5,neutral,neutral,1.2859993604853095
Huge improvement in the past six months. Much much better - does exactly what it's supposed to with a great range of options. Very good.,foodpanda_reviews.csv,5,positive,positive,2.7322302961419513
There should be an option that users can change the order within five minutes.,foodpanda_reviews.csv,2,neutral,neutral,0.7996262042739468
it was doing well before but lately it hasn't been working properly with the wifi only with my data. really disappointed with this.,grab_reviews.csv,1,negative,negative,0.757674377253414
Just forget que's at restorants on weekends....order on foodpanda at home and enjoy life.... love you foodpanda.,foodpanda_reviews.csv,5,positive,positive,1.4525575000437356
percepat update perubahan hrg & menu masing2 outlet,grab_reviews.csv,4,neutral,neutral,1.0963355616823534
Behtreen Service ... Masha Allah,foodpanda_reviews.csv,5,neutral,neutral,0.7609709654160709
!😑 Bad bad bad !!!!!!!!!!,foodpanda_reviews.csv,1,negative,negative,3.231638344744821
I cant send packages,grab_reviews.csv,1,neutral,neutral,0.9001158634016316
Service is getting from bad to worst.,grab_reviews.csv,1,negative,negative,3.8409288813046936
"After 1½ hour, my order canceled bad service",foodpanda_reviews.csv,1,negative,negative,1.7280246488783333
Getting better day by day!,foodpanda_reviews.csv,5,positive,positive,0.3903527347439646
Some time work very good but sometime bad,grab_reviews.csv,5,negative,negative,1.6922112749826899
Easy to use for a senior citizen like me,foodpanda_reviews.csv,5,positive,positive,1.3814624801201838
Amazing food service,foodpanda_reviews.csv,5,positive,positive,1.060963549742145
"bad service, hard to contact customer service, all hotline number not reachable, i already made payment for my order, suddenly the error message popup ""unknown error"",",foodpanda_reviews.csv,1,negative,negative,2.436068790358768
Very good at app l love you lt,foodpanda_reviews.csv,5,positive,positive,3.7780602638302536
Sgeg update,foodpanda_reviews.csv,1,neutral,neutral,0.8172677337303582
la lng hehe,foodpanda_reviews.csv,5,neutral,neutral,0.5328494503696899
Efficient 👍,grab_reviews.csv,5,negative,negative,2.6882413105206173
Awesome experience..... Smoother process nd less Time consuming....,foodpanda_reviews.csv,5,positive,positive,0.5891012950240797
Nice gud ni sya aay kay naay map,foodpanda_reviews.csv,5,positive,positive,2.3396828439492694
Excellent application and servis,foodpanda_reviews.csv,5,positive,positive,1.0691966048075476
"Can't make payment, can't use voucher, can't get through customer service. What's the use of this app?",foodpanda_reviews.csv,1,neutral,neutral,0.37095517468184336
"IF I ONLY KNOW SA UNA PALANG NA BASTOS PALA ANG PAKIKITUNGO NYO SA MGA IMPLEYADO AT DRIVER NIYO, SANA PALA HINDI NAKO NAG ORDER GAMIT YANG APP NYO. NOT ONLY THAT, YUNG PAGIGING GAHAMAN NYO SA PERA VISIBLE NA VISIBLE NA SA DELIVERY FEE PALANG. SA MGA NAG BABALAK PONG MAG ORDER SA FOODPANDA, PLEASE DONT SUPPORT THIS KIND OF STUPID COMPANY WITH POOR AND HARSH TREATMENT WITH THIER EMPLOYEES. MARAMING SALAMAT PERO SA GRAB NALANG AKO MAG OORDER NGAYUN 👎 #BOYCOTT FOODPANDA",foodpanda_reviews.csv,1,negative,negative,1.7254973249019012
Can't even log in anymore,grab_reviews.csv,1,neutral,neutral,0.41704476712809924
account got suspended without any particular reason. call the support centre but there's nothing they can do.,grab_reviews.csv,1,neutral,neutral,1.0080426765327692
Very bad app very slow,foodpanda_reviews.csv,1,negative,negative,3.4697704943312444
Kenapa beii nda buli guna Grab pay.. parah ! Oo..,grab_reviews.csv,3,neutral,neutral,0.35702589841085497
IS WORSE. I got scold by a driver because he doesn't know my address.,foodpanda_reviews.csv,1,negative,negative,0.9304360090273063
Tried to change trip but ended up total fare is $53. From $20. They deduct for my first trip $20 and when change location states new trip coat $33 so after topping up to fit the new bill it keeps says insufficient as the balance i have is below $33 which means they deducting another $33 for the change trip from Alexandra to my home? Wow. That is pure robbery. I shall just walk next time.,grab_reviews.csv,1,positive,positive,-0.018066895823841245
So helpfull everywehre,grab_reviews.csv,5,neutral,neutral,1.0113358931130014
"Nice app for order food, This lockdown help me so much Thank you",foodpanda_reviews.csv,5,positive,positive,2.158461720174704
"Unable to use promotion code with Grab-Pay (by using Grab-Pay, means I'm intended to continues using Grab). Insane fare due High Demand (I can get much cheaper price by others app).",grab_reviews.csv,1,negative,negative,0.5353665092071334
Bad experience Too much delivery charges,foodpanda_reviews.csv,1,negative,negative,2.027586243163052
Very bad not accurate location deserve 2 star,foodpanda_reviews.csv,2,negative,negative,1.0183819597214945
"This application Expose Grab Customers privacy ( My Phone Number exposed to Drivers & can be contacted after orders. Its annoying application exposed my phone number, block 1 incoming , use another number messy to block number )",grab_reviews.csv,1,negative,negative,1.4197381685990673
Bad service of food,foodpanda_reviews.csv,1,negative,negative,3.06819125990318
Kelihaian dan kepiawaian Pengemudi juga penumpang masih lebih hebat lagi management pihak Grab....,grab_reviews.csv,5,neutral,neutral,0.6469542336567161
"Sudah 5x lebih kejadian order grabfood driver tdk memperhatikan note. Semua informasi yg dibutuhkan sudah tertera di note, driver cukup mengkonfirmasi saja tidak perlu menanyakan kembali pesanan pelanggan dimana menurut saya hal ini sangatlah menganggu dan terkesan driver tidak memperhatikan note yg ada. Mohon di edukasi kembali.",grab_reviews.csv,1,neutral,neutral,0.7587622372643618
Update the app to make sure that se are getting the right and accurate arrival time like uber some drivers also tend wait till the rider cancels,grab_reviews.csv,1,positive,positive,0.18261813284818573
I am having an issue ...app is unable to open....unknown error...try again later...how ca0n I fix this problem,foodpanda_reviews.csv,5,negative,negative,1.4623095935989712
This is really great app,grab_reviews.csv,5,positive,positive,2.005194138626794
1st Experience and Nice experience,foodpanda_reviews.csv,1,positive,positive,0.6206870499646635
I'm in love with this app. Best deals in discounted price. Highly recommended...,foodpanda_reviews.csv,5,positive,positive,2.255328317102875
Very easy and Good apps...i like it....,grab_reviews.csv,5,positive,positive,4.414887609512288
Very easy and relax to take a grab,grab_reviews.csv,5,positive,positive,1.6171273713914756
Good job grab. So afordable and helpful,grab_reviews.csv,5,positive,positive,2.2165315731511672
"Can't choose another payment methods. Even when still have balance on my e-wallet. It sucks, how come you promote cashless transc. when we can't choosing it as payment method? And everyone complaining bout it? But it stil happen again and again......",grab_reviews.csv,1,neutral,neutral,0.22250052273798104
Intahai ger zumadar rider rakhe hue hen,foodpanda_reviews.csv,1,neutral,neutral,1.1035023927978589
Makin susah cari tempat naik turun kenapa sih -_-,grab_reviews.csv,4,neutral,neutral,1.24609016471147
"This app is ridiculous.I ordered a McDonald's last time and they sent me a New Yorker pizza.I ordered a subway deal this time and they ordered a New Yorker again,telling me that it was my mistake and I reordered.Do they think that I am dumb and blind?I know how to use technology.They didn't cancel the order in next 5 mins.I WILL NEVER USE THIS APP AGAIN. they have also cancelled my orders when I was starving.I hate it.Just because this app is popular everybody uses it but don't use it.NEVER EVER",foodpanda_reviews.csv,1,neutral,negative,1.1961510183537447
I can't update my Grab app,grab_reviews.csv,2,neutral,neutral,0.9141919582775035
ใช้มานานหลายปี แต่ลบบัญชีทิ้งแล้ว เพราะหน้าเพจ foodpanda thailand บอกว่าคนที่ไปม็อบไปเผารูปกษัตริย์ เป็นผู้ก่อการร้าย เฉยเลยย,foodpanda_reviews.csv,1,neutral,neutral,1.1927960697423148
"bad service. me myself cannot eat spicy food, so i write a note already the kfc need to buy original one, but then when delivery arrive the chicken is spicy one ! and i also write note for the coleslaw i want change to smash potato but also didn't change for me ! i had very bad experience using foodpanda !",foodpanda_reviews.csv,1,negative,negative,1.1864523980281771
sya lansong x bole dpt imi grab account,grab_reviews.csv,5,neutral,neutral,0.7108651605225181
Gre8t experience with panda..,foodpanda_reviews.csv,5,neutral,neutral,0.07926079490804305
Worst app ever!! Bye-bye FP. Now I'm using Halo,foodpanda_reviews.csv,1,negative,negative,0.8784134264350687
In app adding address is very difficult and address which location got is automatically saves and not editable,foodpanda_reviews.csv,3,negative,negative,0.8219228702969303
Delivery is very worst I ordered food at 12.19 pm today and now it's 2.56 pm still food is not delivered and there is no option of cancellation. Very worst experience.,foodpanda_reviews.csv,1,negative,negative,1.3826796548841722
"Sepatutnya foodpanda kena strict sikit dengan peniaga..banyak yg masakannya tak bagus...tak bagus ok lagi, siap ada jual yg basi plak tu, tau ownernya india tp jgn kualiti pon x bersih mcm ownernya....fail",foodpanda_reviews.csv,2,negative,negative,1.5543361437519936
Worst app.. Dont download this bloody app......,foodpanda_reviews.csv,1,negative,negative,1.45306055592662
Very bad service!!! Foodpanda order with ID N1ZD-FCJP today was delivered 10mins late and it was spilled. When I contacted customer care he closed my chat window before even I could reply... Saying we haven't heard from you...,foodpanda_reviews.csv,1,negative,negative,1.6613498155551714
"Makes your day.Hassle free rides. Need to find out ,as not realized I have many points expired, how do I claim back.anyone can assit me.",grab_reviews.csv,5,positive,positive,0.32358671722072985
It gets better day by day..,grab_reviews.csv,5,positive,positive,0.3939814007915494
"Last time I need to reinstall apps since the previous one cant update. What happen is my balance are gone. I used to rate 2 star for this matter, but after communication with help centre, now I know what happen & everything is back to normal. I rate 5 star for great CSO Mr Haikal. TQ so much!",grab_reviews.csv,5,positive,positive,0.526937480725953
I've had a great experience in booking a driver for travel and food deliveries.,grab_reviews.csv,5,positive,positive,0.951200515562937
Increase price because fewer drivers? Are your drivers dead?,grab_reviews.csv,1,negative,negative,0.10965819431885082
madinya welah,grab_reviews.csv,5,neutral,neutral,0.9094536976169022
"There is no way to contact the customer care, no chat, no phone number. Sent emails, contacted on fb messenger no answer, meanwhile the delivery time changes randomly each minute. Will not order from them ever again",foodpanda_reviews.csv,1,negative,negative,0.5915896782767414
Apaan nih kok mau masuk nomor lain gak bisa..... Tolong diperbaiki,grab_reviews.csv,1,neutral,neutral,1.1950015218641357
Why can't use online banking after update,foodpanda_reviews.csv,2,neutral,neutral,0.9466161296813982
Lil bit cheaper than the competitor.,grab_reviews.csv,5,neutral,neutral,0.3959983503360782
I cant pass even 1 day without ordering food from foodpanda but it is not working with wifi for 2 days .It shows some unknown error issues. Plz Repair such problems,foodpanda_reviews.csv,4,negative,negative,2.3361222661288545
"it can,t work in all place.",foodpanda_reviews.csv,1,neutral,neutral,0.5768200610423111
Best app ever i really loved it,foodpanda_reviews.csv,5,positive,positive,3.1938024633754845
I read the 3 page article in mint today!!!!!! What's going on!!!,foodpanda_reviews.csv,5,neutral,neutral,0.8391836036518376
Great app for getting around in Asia.,grab_reviews.csv,5,positive,positive,1.1317407670572546
How many times do I have to update this app? Everytime I open the app it keeps saying to update. It's so annoying!,foodpanda_reviews.csv,1,negative,negative,0.6891294197144453
"Wrong products delivered. When asked for repayment, I didn't got",foodpanda_reviews.csv,1,negative,negative,0.663410128181321
"Walau pun sudah di tulis tempat dan tujuan,tetap saja tidak ada harganya!!!!!!?!!!!!!!!!!!!!!!!!!!!!??????????????????????!!!!!!!!!!!!!!!!!!!!!!!????????????~~~~~~~~~~????????!!!!",grab_reviews.csv,1,neutral,neutral,0.9000105793286548
Had for wait for 3.5 hours to get food... Worst form of service ever experienced... Request to stay away from it...,foodpanda_reviews.csv,1,negative,negative,0.09576221142346619
Great app and multiple options,foodpanda_reviews.csv,5,positive,positive,1.1529985188505896
"IT IS RUNNING A TOTAL SCAM , first they give you lucrative deals then force you to do a online payment then after the transaction they cancel your order and NEVER refund your money the order is even wiped from your order history , They never reply to calls or emails . And they are throwing millions of money to get fake reviews and doing advertisements .",foodpanda_reviews.csv,1,negative,negative,1.5431882440058104
Very poor experience even don't need a single star The team of customer service don't response and deny their faults.,foodpanda_reviews.csv,1,negative,negative,1.0828261696926207
Zabardast appp maza aaa gya.......itz amazing😎😎😎😎i'am loving it.,foodpanda_reviews.csv,5,positive,positive,1.2002903365370552
banyak driver nya + banyak promo nya,grab_reviews.csv,5,neutral,neutral,0.9568749583168871
Always met rude rider,foodpanda_reviews.csv,1,negative,negative,0.8014368955289339
They oppress Rider & Vendor,foodpanda_reviews.csv,1,neutral,neutral,0.7858764117384903
"Full of fun enjoy your weekend food ,is,Pakistani ,Chinese, Indian Food odar now,,,areesha's kichan's",foodpanda_reviews.csv,3,positive,positive,0.9657240300254519
"why cannot use grabpay or any cashless method for my ride, useless",grab_reviews.csv,1,negative,negative,0.6678602917020307
"Worst customer care , they cheated me for paying for a package and did not return the money as well after writing so many emails and in calls. Customer care person who called me was adamant arrogant making sarcastic comments such a pathetic service should not be allowed to operate who doesnt have any values. Do not know how foodpanda getting away with all this",foodpanda_reviews.csv,1,negative,negative,1.2809768365832803
Wrong order received Very bad order cancel no refund,foodpanda_reviews.csv,1,negative,negative,4.014469163084328
"can't to login after wrong input code (once time wrong, didn't work everytime)",grab_reviews.csv,3,negative,negative,1.8584330090403323
"Food not delivered after 2 hours, no option to cancel order. Wasting time waiting for food that never arrived.",foodpanda_reviews.csv,1,negative,negative,0.8197071514802445
Good panda 🐼,foodpanda_reviews.csv,5,positive,positive,1.942744623003436
changing my review to 5star cuz im done in verification and the app is good... thank u devz... keep it up... ^^,grab_reviews.csv,5,positive,positive,0.6713315297584461
Excellence service.,grab_reviews.csv,3,positive,positive,2.7722513748583806
Best food service of all time,foodpanda_reviews.csv,5,positive,positive,1.7682811528377693
"kalo bikin promo itu kalo bisa berdasarkan lokasi dong, masa promo di Surabaya semua, padahal saya domisili malang",grab_reviews.csv,2,neutral,neutral,0.9382512637299266
SO SLOW. ever since i moved from imperial manila to nearby malolos the app started taking almost 5 minutes just to load the home screen and it lags all the frickin time. fix this. also sucks that there's no longer a way to directly contact restaurants??? this is awfully inconvenient,foodpanda_reviews.csv,1,negative,negative,1.3236333467556527
"Safe, gr8 driving! Cool. I'm supposed to get a ride to a MRT station to The Bead Shop - Trinoma destination but I chose Grab no less. No second thoughts whatsoever,my ride to a Grab car gives me this real feeling of Safety &Satisfaction +Comfort to the moon,stars Oh! Gr8r goodness is: It's a'Plus' factor havin' a cool,engaging, courteous friend drivin' beside, or he'd be up front where you wish a seat then. Amazing,right?!! Thanks,what a Gr8 day Grab! Safe travels! Gb.🙏🤲💞🎊🕺🚶‍♂️🕴🚘🌛🎄🙋‍♂",grab_reviews.csv,5,positive,positive,2.1230345752995206
I have bad experience with the driver twice when they said they already reached the pick up point when actually they did not.They arrived at the wrong pick up point.It ended up I have to pay the cancellation fee because they did not want to cancel the trip by themselves.Maybe due to the rating.-Najihah,grab_reviews.csv,1,negative,negative,1.743231218420751
that was so amazing🏅,grab_reviews.csv,5,positive,positive,0.9943929448259381
Search nama tempat sering tidak muncul,grab_reviews.csv,1,neutral,neutral,0.8073019815436605
"Every time I'm going to book for Grab, I'm going to be late for work. I book early as I can but there's an app issue and booking issue most of the time. Grab food 👎👎👎👎👎",grab_reviews.csv,1,negative,negative,1.3066016671901033
"The grabcar service shall have indicated more clearly that it is meant for a private car instead of a taxi.( an disclaimer pop up shall be in place, but unfortunately it is overlooked) Some of ur users do need an offical receipt from one of the major taxi company to make transport claim",grab_reviews.csv,1,negative,negative,0.05957248573163909
not working naman yung food walang nalabas pag ni search tsk,grab_reviews.csv,1,negative,negative,0.6675011792783332
Always update😡,foodpanda_reviews.csv,1,negative,negative,1.6284344290252588
Stupid app with trashy customer service!!,foodpanda_reviews.csv,1,negative,negative,1.995915453642041
Nuhun memudahkan,grab_reviews.csv,5,neutral,neutral,1.1164114786223815
cant detect my location for delivery.,foodpanda_reviews.csv,1,neutral,neutral,0.5121314864989693
bessttt app,foodpanda_reviews.csv,5,neutral,neutral,1.3599104953166057
Good service. But you have to give the rider details.. Im not saying that all rider is scam.. But sometimes i have bad experience food panda rider. The food is not complet what i order.. Thats why riders details is badly needed.,foodpanda_reviews.csv,5,negative,negative,1.3569335026374572
Gd service by grab,grab_reviews.csv,5,neutral,neutral,0.8833560112036982
Its very annoying having to update weekly and no changes is made lols,foodpanda_reviews.csv,2,negative,negative,1.3130085348340654
"iwatch raffy tulfo in action a FP rider Jeffery Salamat had been victim of its FP customer a new modus paid online but when food is arrived it will cancelled the order, but i was disappointed on how the FP company abandon thier employee in needed times.",foodpanda_reviews.csv,1,negative,negative,0.38657443363496546
nice cool app and life easy hogy yr,foodpanda_reviews.csv,5,positive,positive,2.786480250290591
Product not good,foodpanda_reviews.csv,1,negative,negative,2.5677975069373384
Very good . Great service . I love it,grab_reviews.csv,5,positive,positive,6.044867326610481
"This is the worst service ever! Twice my order was picked, paid online, at 4am, the rider Marks it delivered leaving me hanging on the street. On both occasions it was a sehri for nafli rozay of my family. The help center agent only refunds the amount to ""pandapay wallet"" and tht can be transferred bck in 7 days. Laitay 2min mai hain detay 7 din mai. No action against the riders that steal. No compensation, nothing! Zero customer centric policy. Paisay wapis kr k ahsaan krte hain. No confidence.",foodpanda_reviews.csv,1,negative,negative,1.3609211474908527
Using this app will really make your life miserable. Used this app to order food and they cancelled my paid order for the reason that I need to be the one to pick-up my order instead of leaving it into my condo's lobby for contactless delivery. So disappointed. Uninstalling their app right now.,foodpanda_reviews.csv,1,negative,negative,1.0507359501870597
"such a bad app, always error and wasting my battery",grab_reviews.csv,1,negative,negative,2.159871724823776
Very good job.,foodpanda_reviews.csv,5,positive,positive,2.9735492610607244
Bad too many ads,foodpanda_reviews.csv,1,negative,negative,1.9594385788173518
"Lipat na kayo sa GRAB guys, nagbabayad sila ng tama at nasa oras di tulad ng bwakananginang to",foodpanda_reviews.csv,1,neutral,neutral,0.6002384859661525
Marks 80/100,foodpanda_reviews.csv,5,neutral,neutral,1.0345781876287858
Worst app don't waste your time it will make you mad,foodpanda_reviews.csv,1,negative,negative,2.076834648983488
"Not smooth, hangs for quite lonh. Had to kill and restart. But in the end has got the job done. Have seen worse.",foodpanda_reviews.csv,3,negative,negative,0.20781526604918787
alhamdulillah perjalanan di luar kota menjadi lancar,grab_reviews.csv,4,neutral,neutral,1.0435570857942473
Please remove the cooldown system its so dumb when all the driver asked us to cancel and it gave me a cooldown.Its so ridiculous what if a person are relying on grab as their all day transport and u gave him a cooldown ? What happen if he can't go back home ?? Stupid app hate it so much,grab_reviews.csv,1,negative,negative,2.240363136466689
"why the app keep asking for update. if i dont update the app, then i cant book / use the app",grab_reviews.csv,5,neutral,neutral,0.6467803574120821
Anytime i got delicious food and very good delivery. So i also give five star the best app of bangladesh.,foodpanda_reviews.csv,5,positive,positive,2.7026050265049015
Love you yar,foodpanda_reviews.csv,5,positive,positive,1.7829051976877344
Works well! Very happy with this app,grab_reviews.csv,5,positive,positive,1.1930203062526095
It takes 24 hrs for them to refund the canceled order.,grab_reviews.csv,1,neutral,neutral,0.5414927626911745
"Last time the delivery to my home just cost 19 Php, then became 39 Php and now 49 Php. What the f, Foodpanda?",foodpanda_reviews.csv,1,neutral,neutral,0.09875451908687682
Great customer service👍🏻,grab_reviews.csv,4,positive,positive,2.7320004932807036
referral link to sign up is a scam. both me and my friend didn't receive any. And now customer service adding new terms and conditions to receive it. not the same as mentioned before signing up. seriously hate unethical companies,foodpanda_reviews.csv,1,negative,negative,1.0401553651298965
So bad apps no us Thais,foodpanda_reviews.csv,5,negative,negative,2.4288941367616044
i always get late delivery and food panda don't take any responsibility for late orders.. You should have some policy on this. Either give delivery charges back or remove delivery charges it's not fare to charge for delivery and gate late delivery,foodpanda_reviews.csv,1,negative,negative,0.5112992793959035
Best deals out there. Their service is great.,foodpanda_reviews.csv,5,positive,positive,2.9351871881920903
kerap minta update !!!,foodpanda_reviews.csv,2,neutral,neutral,1.2991034752812096
"Dont go with the bullshits..... I Loved the service, discounts, customer support. Just one advice - Pls tieup with more restraunts.",foodpanda_reviews.csv,5,positive,positive,0.8133668836631147
Ada keributan apa ovo dengan grab? Saldo ovo ga bisa dipake grabbike & grabfood,grab_reviews.csv,1,neutral,neutral,1.2148773984187842
Great food delivery app! I just wish there was a tip option for our riders :),foodpanda_reviews.csv,5,positive,positive,1.3896432873959152
Bad customer service experience. Will never use this again!,foodpanda_reviews.csv,1,negative,negative,1.4878589603522845
The best food delivery app! Thanks for your service during this pandemic!,foodpanda_reviews.csv,5,positive,positive,2.3920709840035688
pagregister pa lang error na kagad. Ilang beses nag attempt puro error at try again later. disappointing,grab_reviews.csv,1,negative,negative,1.6940043366094013
Wtf lahore is the hub of food nd its nt in the list w0w,foodpanda_reviews.csv,1,negative,neutral,0.09215887656999389
very good app to offer deal,foodpanda_reviews.csv,5,positive,positive,2.1856738365119996
Search ยังไงก็ไม่เจอ,foodpanda_reviews.csv,3,neutral,neutral,0.9349736001233643
"Edit, saran untuk admin, mohon di paket yang menyertakan disney plus 1 bulan, diberi keterangan, bahwa customer tetap harus mempunyai credit card untuk membayar 100 rupiah layanan. Saya relakan paket saya hilang karena saya ga pakai CC, tapi tolong diupdate keterangan layanannya. Terima kasih.",grab_reviews.csv,5,neutral,neutral,1.0065863914868687
WONDERFULL APP!,foodpanda_reviews.csv,5,neutral,neutral,0.9867403686402252
jika boleh buat pesanan untuk luar daerah atau kawasan lagi terbaik 🌟⭐🌟,grab_reviews.csv,4,neutral,neutral,0.7443927096746508
App is extremely glitchy and tends to pick up wrong address and in such cases the customer service is also useless.,foodpanda_reviews.csv,1,negative,negative,1.937060926111069
Faced some issues with online payments,foodpanda_reviews.csv,4,neutral,neutral,0.19261824262109806
Aplikasi susah kebuka,grab_reviews.csv,1,neutral,neutral,1.4349620632763336
Great app. Very accessible anywhere I go even outside my country. Kudos!,grab_reviews.csv,5,positive,positive,1.5820006454500246
di Pontianak 1 hari udh nyoba 30x pun gak dpt driver buat grabfood 😭 padahal biasanya gampang dapat,grab_reviews.csv,5,negative,neutral,0.054906420504347464
Eazy n safe too use,grab_reviews.csv,5,positive,positive,0.5494035949758953
Doing what they are supposed to do,foodpanda_reviews.csv,5,neutral,neutral,0.8385672238233713
"BAD CUSTOMER SERVICE. I usually don't give a bad review on apps but everytime I order here and one of the items are either missing or when the restaurant doesn't even read the notes, I would always get a voucher as a 'sorry' which will be worth lower than your actual order. The person I've recently talked to just seem like it was my fault and was very arrogant instead of understanding my side. This is the first time that this happened and I'm very disappointed with the service.",foodpanda_reviews.csv,1,negative,negative,0.8849659384434974
bug when i updated cant add my card cant check notifications,grab_reviews.csv,5,neutral,neutral,0.7368815701862503
when I am hungry this app fill up my tummy,foodpanda_reviews.csv,5,neutral,neutral,1.0238169249211475
"poor map, cant even deliver to my address",foodpanda_reviews.csv,1,negative,negative,0.5495405834757043
"0> BIG SCAM: app said that just apply ""9HSANG"" or ""2HCHIEU"" at specific time to get 20% OFF but noone could. Liar. Cheat. Scam. 1> Too many popup, so annoying. 2> No search option in Rewards page. 3> Lookback 2020 shows only your information, why not my information like other apps. Too bad and waste time for customer to view your Lookback. I was going to give u 1 star because of this but I can't because you got 1 star already.",grab_reviews.csv,1,neutral,negative,1.6690618776900847
Its Very Easy To Book A Drive,grab_reviews.csv,5,positive,positive,1.416620922176395
"সালার পুতেরা,,, তদের এত এটবেরটাইজ দিতে হয় কে 🤬🤬",foodpanda_reviews.csv,1,negative,negative,3.8975487851603696
"Worst app ever , just keep u waiting ,and then order didn't even got delivered",foodpanda_reviews.csv,1,negative,negative,1.0170136450985177
i love free delivery 😉😉,foodpanda_reviews.csv,5,positive,positive,1.5246715940944198
"Easy to operate, very helpfull, and polite driver but the tariff is still the highest one among others...thanx grab!",grab_reviews.csv,5,neutral,neutral,0.0884137739427131
"Need to familiar with the app. First use it, don't know how to amend the order 😊",grab_reviews.csv,4,positive,positive,-0.2804188914993362
"I am steering clear of Grab. I have been a victim of scam with this app and my debit card was used for 4 unauthorised deductions with only one pin. Although the other third party involved is willing to reimbursed me, via Grab, Grab has refused to help me to get a reversal payment as it was my negligence. Dangerous app because it uses your phone number and email address for people to break into your account. A bit silly as everyone uses these details in their communication.",grab_reviews.csv,1,negative,negative,0.4349280908358557
A convenient access to food around,foodpanda_reviews.csv,5,neutral,neutral,0.5594237533544857
Food quality is not batter when we order on foodpanda.,foodpanda_reviews.csv,1,neutral,neutral,0.27833517951320585
Worst app always delay,foodpanda_reviews.csv,1,negative,negative,2.2391877104594
why i can't use my grabcar ?,grab_reviews.csv,1,neutral,neutral,1.0786637317063712
Best service for delivering food.,foodpanda_reviews.csv,5,positive,positive,1.6530283136092299
Bad food delivery,foodpanda_reviews.csv,1,negative,negative,2.6120281906841893
awesomatix,grab_reviews.csv,5,neutral,positive,0.13185387028894602
Bad. Everything is very expensive,foodpanda_reviews.csv,1,negative,negative,2.539818908988877
Food delivered is too bad,foodpanda_reviews.csv,1,negative,negative,2.096544601599591
Ur services in Peshawar is so poor when i tried to connect u through chat no one is there for any response,foodpanda_reviews.csv,1,negative,negative,0.8160150285268597
I love this app even dilivers in midnight,foodpanda_reviews.csv,5,positive,positive,0.750184544957148
Terbaik. Rezeki tidak salah alamat..,grab_reviews.csv,5,neutral,neutral,1.252633603147927
reported an issue yesterday....it became worse today....yesterday bill was 267 and the buggy app showed amount to be paid as 400 +.. today bill is only 189 and payment amount is shown as 587....its robbery,foodpanda_reviews.csv,1,negative,negative,0.5228636484705005
"Reliable, Some drivers may speak basic English",grab_reviews.csv,4,neutral,neutral,1.1007506611638005
"Don't bother to preorder or it will ruin your entire meal plan. App is horrible misleading you to book in advance after lunch hour. Ok, so I waited from 1pm to 6.15pm only to be delayed for 40+mins. Food panda does not care to check with the restaurant in that time frame. Your order is only processed along with other ppl who order for that time though you did so first. Frustrating!",foodpanda_reviews.csv,1,negative,negative,1.384178669232289
Food ordering has become so easy.,foodpanda_reviews.csv,5,positive,positive,0.7943356739782785
It's convinient,grab_reviews.csv,5,neutral,neutral,1.2153192082125988
So bad Vouchers not working at all.,foodpanda_reviews.csv,1,negative,negative,3.832889111373525
Had to take an hour of my time just to talk to someone remotely competent with regard to a rewards purchase issue. Lost 1k pts to thin air and experience with customer service is one of the worst by far. Got transferred a million times and made me feel like I'm begging for a measly 100Php off voucher after spending literal thousands via this app. I'm on gold tier but treated like dog poo. Nice basic facilities but the experience regarding issues and concern are abysmal. 1 star is generous really,grab_reviews.csv,1,positive,negative,0.3299828816770931
Majority of Grab drivers in the Philippines don't accept rides or are lazy.,grab_reviews.csv,2,negative,negative,0.599692638525497
Terrible service & over charging unethical drivers. I will never use grab again.,grab_reviews.csv,2,negative,negative,1.2377841485136152
Very good but not excellent,foodpanda_reviews.csv,4,negative,positive,0.33162988558937845
operator lemot!!,grab_reviews.csv,1,neutral,neutral,1.0756319871895639
Apss mcm babi.. nk bayar pkai m2u pon x boleh.. cash x boleh.. apps bangang..,grab_reviews.csv,1,neutral,neutral,1.163283298374783
This application is my useful app,foodpanda_reviews.csv,5,positive,positive,0.48814650136367876
Best Food Delivery Service Ever.Better than any others Delivery apps on Appstore.,foodpanda_reviews.csv,5,positive,positive,2.2051844935591305
"Tôi đặt xe trả tiền trước qua Moca cho người nhà. Tài xế Trần Văn Dũng 66G1-482.42 gian dối thu luôn tiền mặt, sau nói láo là tiền bo. CSKH Grab chậm, sau 1 tuần vẫn chưa giải quyết xong. I booked a ride for a relative, paid with Moca. But the driver pretended not to know and took the cash, later lied that it was a tip. Customer service sucks, did not resolve the problem even after a week.",grab_reviews.csv,1,negative,negative,0.5548893408957645
Great using this grab 👍,grab_reviews.csv,4,positive,positive,3.663470008996418
"App nya bagus, lengkap alamatnya gak perlu nulis ulang, mantap",grab_reviews.csv,5,positive,positive,1.5692376522944007
"Cant update, need to uninstall to update?",grab_reviews.csv,1,neutral,neutral,1.2032948756206248
Good and responsive app...,foodpanda_reviews.csv,5,positive,positive,2.2169731204586016
its good and exelent platform for online food and shoping,foodpanda_reviews.csv,4,positive,positive,0.4596596048672803
App is handy but while downloading the app it popped that you will get 40% off. On first order but it didn't happened,foodpanda_reviews.csv,4,neutral,neutral,0.9795382831819645
Worst app. Makanan tk dpt walau dh bayar alasan x munasabah. App teruk location dgn time estimated cam haram,foodpanda_reviews.csv,1,negative,negative,2.0609780751853606
Okeeee.....:),grab_reviews.csv,5,neutral,neutral,1.1931592786479335
Very helpful...😍,foodpanda_reviews.csv,5,positive,positive,3.653085624625464
"Saya terbantu dengan adanya fitur grab hitch bike, saat ada pengumuman bahwa grab hitch bike akan di non aktifkan, saya sangat KECEWA sekali...",grab_reviews.csv,3,neutral,neutral,1.2746520841258202
Very Puntual n responsible.,grab_reviews.csv,5,positive,neutral,-0.14712805536363915
gooddddddddddddd,grab_reviews.csv,5,positive,positive,8.007246192106358
Kindly update your locations. Try to merge it to google maps. There are locations that cannot be pin.,grab_reviews.csv,1,positive,positive,-0.018838953244537215
Setiap kali sy nk order grab food. Mesti payment tak boleh!. Kenapa? Payment method sy tak boleh pilih cash or online.. kenapa yeee???????,grab_reviews.csv,1,neutral,neutral,0.5665252745813955
Peta gak akurat di vivo. Trus pas pesan food malah tujuannya ke lokasi asal berangkat sebelumnya bukan posisi terakhir tujuan. Dan gak bs update app,grab_reviews.csv,1,neutral,neutral,0.7224330749009558
Easy 👌🏻 and convenient,foodpanda_reviews.csv,4,positive,positive,2.108780889605293
This apps is very good and help me a lot,foodpanda_reviews.csv,5,positive,positive,2.5248144415158897
"Ganti jadi bintang 1, TIDAK RAMAH DISABLE, PERUSAHAAN RASIS, UNINSTALLED GRAB . KACAU KACAU 2022 ATTITUDE PRIMITIF",grab_reviews.csv,1,neutral,neutral,0.7702966067446938
sukak bgt pake apk grab,grab_reviews.csv,5,neutral,neutral,1.1178132207700942
HASSLE FREE AND GOOD APPLI,foodpanda_reviews.csv,5,positive,positive,2.930844420451791
Very helpful my business,grab_reviews.csv,5,positive,positive,0.6277100553282173
good exelence,foodpanda_reviews.csv,4,positive,positive,5.4756546567927025
Purfectttt,grab_reviews.csv,5,neutral,positive,0.2100033067852276
"After being this long in the market, your app is still lacking a lot. Wished there was a way to contact the food seller / restaurant within your app. Chat records with rider should have lasted a little longer instead of disappearing once order was completed. That way, I can ask rider if there's any problem, eg: if they have wrongly sent the food etc. After all those years, you still can't detect my location accurately? Too bad, I can't keep up when there's no improvement. I'm installing you 👎👋",foodpanda_reviews.csv,1,negative,negative,1.9163947349279327
"The app lacks a ""Change For"" query. If that exist, then there's a design flaw.",foodpanda_reviews.csv,3,neutral,neutral,0.23241679042051788
increase priz 😡😡😡hate it,foodpanda_reviews.csv,1,negative,negative,3.9446336566257147
"I pinned my exact location and the app changed it far away from my location after order is placed. Really annoying as the driver cannot find me. Not once, not twice. This happened every single time order was placed. I did leave feedback few times on the app but this problem is not fixed. So annoying. Update: Did as instructed to dm grab and all, but still not working.",grab_reviews.csv,1,negative,negative,1.9196049393781394
❤️ Dami discounts,foodpanda_reviews.csv,5,positive,positive,1.0046498462279911
Love your Service,grab_reviews.csv,5,positive,positive,1.9482384340421655
"after upgrade i cant do multiple booking, so boring",grab_reviews.csv,5,negative,neutral,0.6513686640155875
Very good service sometimes mishaps happens but I am always a happy customer,foodpanda_reviews.csv,5,positive,positive,0.8111736765938031
Fast delivery. thank you very much. happy new year.,grab_reviews.csv,5,positive,positive,2.6108719514796386
Aplikasi yg bagus.Semoga makin banyak promonya.Thanks Grab.,grab_reviews.csv,5,positive,positive,1.6620469658803738
Worse app ever. Half the orders went wrong. My order got cancelled over an hour later and i have to follow up twice... they took 3+ months to refund. Beyond ridiculous and enough is enough...,foodpanda_reviews.csv,1,negative,negative,2.2083187202944288
The app is always showing that it cannot connect to the servers... Waste of data and time...,grab_reviews.csv,1,negative,negative,0.5206224795107413
"Ordered and received confirmation email, after that receive a call from Foodpanda said that no delivery to my house. Stupid apps, wasted all my time...",foodpanda_reviews.csv,1,negative,negative,2.064952580341485
awesome when bored with ur hostel food or during a lazy friday or even just a normal day 😍,foodpanda_reviews.csv,5,positive,positive,1.4382653511207504
Best Multi apps in 1,grab_reviews.csv,5,positive,positive,1.6149027814124552
Abis updt suram,grab_reviews.csv,2,neutral,neutral,1.3562526495018514
"Do NOT use this app! They frequently lose your orders and they will not refund the money. They have disabled cash payments because they want you to pay even if you don't get your order. Edit: It has recently come to my attention that FoodPanda has illegally kept my private information, in spite their promise to delete this information when I deleted my account.",foodpanda_reviews.csv,1,negative,negative,0.24843188515109071
So far OK especially with WA-like feature so we can chat with driver,grab_reviews.csv,5,positive,positive,1.7889849815009262
ArchivedtoyouandI,grab_reviews.csv,5,neutral,neutral,0.828884367851374
"Very well app, easy to use & lot of promo code grabfood.. thanks",grab_reviews.csv,5,positive,positive,2.7831134558583255
Now foodpanda is totally useless,foodpanda_reviews.csv,1,negative,negative,1.528987235265447
"There's a bug where after online payment is made, it says payment failed. I accidentally made the same order twice. Please fix your app The problem occured when i used bank rakyat debit card.",foodpanda_reviews.csv,2,positive,negative,0.22749218276693184
Love the aps,grab_reviews.csv,5,positive,positive,2.300413750097529
"The booking button was grayed out!!! Even if i have grab wallet and debit card as my payment option, it doesnt show in my account to book a car!!!!",grab_reviews.csv,1,neutral,neutral,0.4051484991474268
"Inconvenience apps, It says no restaurant near my location why do you use this apps if unable to locate any resto. Disappointed!",foodpanda_reviews.csv,1,negative,negative,1.0661710683974182
BS customer support with issue cause by the app. Not the first time.,foodpanda_reviews.csv,1,positive,neutral,0.08694574266939559
Excellent driving...,grab_reviews.csv,5,positive,positive,2.511189724095348
Justic for rider,foodpanda_reviews.csv,1,neutral,neutral,0.7398946511752045
Its glitched all the time,foodpanda_reviews.csv,2,neutral,neutral,1.4417163597776432
Great Apps... 👍,grab_reviews.csv,5,positive,positive,5.184740239998891
the service is verygood,foodpanda_reviews.csv,5,neutral,neutral,0.7613165488145444
"Excellent App, it would be nice, if they started including more areas, like Chandapura, Muthanallur etc",foodpanda_reviews.csv,5,positive,positive,2.8322291722505595
I have good experience overall sometimes riders took time to deliver but not every time.,foodpanda_reviews.csv,4,neutral,neutral,0.3679857370478168
Delivery become expensive more and more. Yet customer service is lousy.,foodpanda_reviews.csv,1,negative,negative,0.971301630861078
Easy to use and this apps is very useful.. I love it,foodpanda_reviews.csv,5,positive,positive,3.97296985372461
There order took double time as compared to the originally showed time and the order was incomplete . We complained to the driver also. He said that it was given incomplete . There were four bottles in total and one was missing and the third bottle was in a glass shape bottle.The bread slice which was present in the order was bad and the rice were old.. Very poor service Not satisfied,foodpanda_reviews.csv,1,negative,negative,2.1613857589228167
"Very bad experience. This is a very bad app for ordering food. They took more than 2 hour, which was shown 30 min distance before order. They didn't provide rider's contact. Avoid this app. Avoid this app. Avoid this app.",foodpanda_reviews.csv,1,negative,negative,1.1131578410375478
Order grabfood tgl 3/5/2017 di canceled by driver. Ada masalah apa?,grab_reviews.csv,1,neutral,neutral,0.4430647387368687
A very good app and it's easy to use!!!😀,grab_reviews.csv,5,positive,positive,3.871964594360568
Easy way to order foods and travel around. Thank you Grab! You made my life much easier.,grab_reviews.csv,5,positive,positive,1.7253781730468958
Although food 🐼 is doing effort but some restaurants are not sincerely doing them job some send the order late some change the items & some don't care about quality & quantity.,foodpanda_reviews.csv,4,negative,neutral,0.5555620317252
Neither get discount nor voucher,foodpanda_reviews.csv,1,neutral,neutral,1.111843609996827
Tiktok is much better than Foodpanda.,foodpanda_reviews.csv,1,positive,positive,1.5822894934892633
Very easy! :),foodpanda_reviews.csv,5,positive,positive,3.055100047839928
Grabdriver cancel my ride and eat my promo code stupid,grab_reviews.csv,1,negative,negative,1.1715214833138305
I had a very bad experience with your rider early this year,foodpanda_reviews.csv,3,negative,negative,0.9855645934560107
Cant give 0 star,foodpanda_reviews.csv,1,neutral,neutral,1.4996968156176984
tôi sử dụng grab mấy năm nay. là khách hàng platinum. sử dụng hàng ngày. grab vô lý khóa tài khoản của tôi mà ko có 1 phản hồi là tôi đã làm gì sai. mấy a giỏi lắm. tôi uninstall app. chúc mấy anh ráng phục vụ tốt mấy khách hàng khác,grab_reviews.csv,1,neutral,neutral,0.857113727457252
Notifikasinya gak bisa dibuka,grab_reviews.csv,1,neutral,neutral,1.48922910757174
"Uninstalled! We are very very dissapointed on the rider's behaviour! We just ordered pizza from pizza hut sm lanang davao! And we were waiting like about an hour and when the rider is already near our location, suddenly he purposely cancelled our order!!! And food panda app just notified me that my order was cancelled because the rider cant find my location!! I am pretty sure that i was very clear and precise on my location instructions!!!! It was very upsetting!!!! So please fix this!!!!!!!!!!!",foodpanda_reviews.csv,1,positive,negative,0.47856697986424934
banyak promooo!,grab_reviews.csv,5,neutral,neutral,1.0785884021677565
"I updated the app today, December 28, 2020, then I searched for food. But why are the search results shown to me are nothing but MILK TEA? This is frustrating. Then I looked for ""paella"" your search results give me, among others, McDonald's. This app was good. Now the search algorithm is a mess. Paella is NOT hamburger. Also, the pop-ups onscreen are annoying.",foodpanda_reviews.csv,2,negative,negative,1.8269546891872102
"Nice app but whenever I open it, it says an unknown error appeared. Very frustrated due to this crap. Please do something.",foodpanda_reviews.csv,3,negative,negative,1.5056568454596708
"Bad services , xde contact blh d hubungi . Cancel order sndiri tnpa bgtau customer. Refund tak dpt .",foodpanda_reviews.csv,1,negative,negative,1.4324534108623652
I can't reinstall food panda.. tried everything.,foodpanda_reviews.csv,5,neutral,neutral,0.3876576152420499
its just useless .. the food quality is very poor and also their timming .. it took 1hour bt still the time shows 45mint ..,foodpanda_reviews.csv,1,negative,negative,1.343505716121356
Unfair to the rider in Myanmar,foodpanda_reviews.csv,1,negative,negative,0.5979058429058601
"So far so good. There are few, very few who are pasaway but that would be 1 out of 10.",grab_reviews.csv,4,neutral,positive,0.2299965682692855
Grabpay disuspen tanpa info yang jelas. gak nyaman banget dan merasa terancam klo isi grabpay bisa ilang sendirinya.,grab_reviews.csv,1,neutral,neutral,0.973058019805755
The Paracel and Spratly Islands belong to Vietnam... not Chinese,grab_reviews.csv,1,neutral,neutral,-0.03279115561433499
Its was realy good,grab_reviews.csv,5,positive,positive,1.9114007098750603
"praktis, keren grab",grab_reviews.csv,5,neutral,neutral,1.2594156830662147
Pengurusan yang mengecewakan!,foodpanda_reviews.csv,1,neutral,neutral,1.1388621312478437
One of the best food apps!,foodpanda_reviews.csv,5,positive,positive,2.481806953663888
ORDER ALWAYS TAKEsTOO LONG IN THE KITCHEN DO NOT USE FOOD PANDA IT TAKES 1 TO 2HRS BEFORE YOU CAN EAT Ill switch now to Grab food and uninstall this FoodPanda app. PATAY KANA SA GUTOM BAGO DUMATING,foodpanda_reviews.csv,1,negative,negative,0.3211715716226211
i think foodpanda is an excellent service. and serve the people dedicatly.,foodpanda_reviews.csv,5,positive,positive,1.565286079424707
Sagat mbantu !! Tq food panda,foodpanda_reviews.csv,4,neutral,neutral,0.8201675658232003
ribet lo,grab_reviews.csv,1,neutral,neutral,1.3442228989888965
"Unfriendly user interface, the promo code columm keep in hidden place, feedback to help center but just end my chat sessions, the worst customer service!",grab_reviews.csv,1,negative,negative,0.9234394764172973
Model dobel orderan dimatiin aja lah. Bikin driver gak fokus sampe salah ngasih orderan.,grab_reviews.csv,1,neutral,neutral,1.0281454340294154
It's terribly difficult to get a ride ever since grab bought Uber. It takes 30 minutes to find a driver. Previously it only took 2-3 minutes. Now I have to find alternatives all the time. Very unreliable,grab_reviews.csv,1,negative,negative,1.8749855217110607
The new grabfood is disappointing. Unable to view delivery charges before adding items to cart anymore,grab_reviews.csv,1,negative,negative,1.8087135270516717
"Teruk, aku order dekat sejam, tapi tak sampai juga, sampailah aku geram, aku pergi terus ke kedai, orang kedai boleh cakap,diaorang tak terima order aku.. Memang bonggok jugak la aku rasa.. Food panda ni memang tak best la nak Pakai,nak call customer care pun, depa tak jawab.. Chat live pun sangat tak membantu.. Itu yang kena dekat aku la.. Kat orang lain aku tak tahu la.. Done uninstall.. Malas nk pakai app ni..",foodpanda_reviews.csv,1,negative,negative,0.8529693595254839
Nice and easy love it!,grab_reviews.csv,5,positive,positive,5.635670167779241
God is Good all the time,grab_reviews.csv,5,positive,positive,1.3736909472143404
"Their customer service from the base office in Thailand is excellent, when addressing problems. This is Rare in a digital marketing age.",grab_reviews.csv,5,positive,positive,0.18181732570542875
Y dnt u ppl have a cancel order option...once ordered it cannot be undone while the damned vendor can have ample of time to APPROVE the order...ridiculus... and plz dnt feed me that cliche message that u paste on evry bad comment that u get...resolve those issues..,foodpanda_reviews.csv,1,negative,negative,1.331718091838816
"Unreliable. Charges my card for a driver-cancelled trip, bad customer support, doesnt even give the courtesy of a reply, and today, a driver showed up after Ive stopped trying to contact. Poor poor connection issue, extremely bad customer service. Definitely my last trip with Grab Philippines after more than 3 horrifying experiences!",grab_reviews.csv,1,negative,negative,2.2360468249793497
Kok gk dpt2 driver terus?,grab_reviews.csv,4,neutral,neutral,1.3327763074065
The food was great and complete,foodpanda_reviews.csv,5,positive,positive,1.0749820785588626
Getting pathetic.,foodpanda_reviews.csv,1,negative,negative,1.8815814182126553
Never gives an option to buy with the discount. Either they say online payment options are not available for the restaurants we choose or won't allow us to pay online. A dummy discount coupon. However makes us purchase without discount.,foodpanda_reviews.csv,3,neutral,neutral,-0.07285258513782056
Banyaki diskon ae,grab_reviews.csv,5,neutral,neutral,0.9256378003762624
DISAPPOINTED. First tried and VERY BAD experience with the food delivery. Order based on the delivery estimation time for 25mins . Over an hour it's still under food preparation status. It seems if I didn't contact the rider won't be anyone pick up my food from the restaurant as I see the restaurant listed pick up time was 20mins after order placed.,foodpanda_reviews.csv,1,negative,negative,0.9720080581284325
Awesome experience.,foodpanda_reviews.csv,5,positive,positive,1.2237884639203538
superlike,grab_reviews.csv,5,neutral,positive,0.0065283371047493155
Sometimes i can't order in idont know why??????,foodpanda_reviews.csv,4,neutral,neutral,0.9172272410779603
Poor customer service.,grab_reviews.csv,1,negative,negative,2.0719985151872216
Useless company. Useless service. Capitalist. Selfish.,foodpanda_reviews.csv,1,negative,negative,2.033779456255229
kali ke 5 order kfc ...order set A(snackplate) mana potato whipped n coselow xde?????aym je ade!👎👎👎👎👎👎👎👎,foodpanda_reviews.csv,2,negative,negative,2.701818587421101
Please work on the application it's getting cancelled Everytime I order But I get an email where they say your order has been placed,foodpanda_reviews.csv,1,neutral,neutral,0.44207989409917303
I can't download the app.,grab_reviews.csv,1,neutral,neutral,0.9887388172662737
"I was charged for something that didn't arrive in my order and I couldn't connect to customer service, it was so frustrating:(",grab_reviews.csv,1,negative,negative,1.2207696508293684
Connection very bad,grab_reviews.csv,1,negative,negative,2.839142158596856
good car ...,grab_reviews.csv,5,positive,positive,3.949458126998424
In Bangladesh its a bad service,foodpanda_reviews.csv,1,negative,negative,1.3249702181706335
Marvellous Service,foodpanda_reviews.csv,5,neutral,neutral,0.8525535163390844
"Saya kasih bintang 3 dulu. Sistem Grabfood yang baru kurang oke nih min. Lucu sih tampilannya. Tp kita jadi gak bisa memantau posisi driver di mana, atau udah jalan apa belum. Biar nunggunya enggak lama².",grab_reviews.csv,3,neutral,neutral,0.5424195126072274
Overpriced fares #BringBackUber,grab_reviews.csv,1,neutral,neutral,0.8384988209347066
This app is not working properly.,foodpanda_reviews.csv,1,negative,negative,1.5564876996044337
Very good and useful app👍,foodpanda_reviews.csv,4,positive,positive,4.782599981645995
Rubbish.. wasted 1 hour waiting because it is useless and inaccurate,grab_reviews.csv,1,negative,negative,1.5597226221413352
Fraudulent,foodpanda_reviews.csv,1,neutral,neutral,1.3607689960674794
The great efforts of Food Panda,foodpanda_reviews.csv,5,positive,positive,1.0180886943180034
Reliable and convenient,grab_reviews.csv,5,neutral,neutral,0.9247476870372601
"Getting real frustrated with this app. Understandably prices have gone up due to global economy but the service is getting worse. Can't find cabs, cab drivers accepting rides but don't show up and after wasting your time, they ask you to cancel. Why the hell accept a job if you don't intend to do it? Probably time to explore other apps.",grab_reviews.csv,2,negative,negative,0.8094788714906276
I cannot Set my location 😭😭😭😭😭 i hate you,foodpanda_reviews.csv,1,negative,negative,3.5797571914225546
It was the best app.. But it's getting worse and worse with time.. One rider is delivering more then one order and you keeps waiting for hours to receive yours.,foodpanda_reviews.csv,1,negative,negative,0.111158921048361
Buat id aja g bsa msk sms nya,grab_reviews.csv,1,neutral,neutral,1.4875309741687017
"Now Grab is so so soooo expensive. I cant believe how expensive it has became. Used to be such a reliable app, now not so much. Very disappointed. Will have to try other app now",grab_reviews.csv,1,negative,negative,1.4419370282730992
Gd and reliable app,grab_reviews.csv,4,neutral,neutral,1.1696246156358134
The service for transportation is excellent and also provide numerous food discount. Do not uninstall this app.,grab_reviews.csv,5,positive,positive,0.6581967879975672
ah mantap.,foodpanda_reviews.csv,5,positive,positive,2.7686900491136868
Pag meron ka i search n restaurant n gusto mo n andito nman sa food panda hindi lumalabas bumabalik lng sa main menu 😢,foodpanda_reviews.csv,3,negative,negative,0.25160084959582685
hshsshab,foodpanda_reviews.csv,5,neutral,neutral,1.375324115809065
It's good food services,foodpanda_reviews.csv,5,positive,positive,2.02313240104046
"Delivery system ভালো। কিন্তু এই অ্যাপের মত ফালতু অ্যাপ আর ইউজ করিনি। না একাউন্ট বাতিল করা যায়, না ফোন নম্বর চেইঞ্জ করা যায়, না নতুন আইডি ওপেন করা যায়। ফোননম্বর গত সমস্যায়,খাবারই অডার করতে পারিনা।",foodpanda_reviews.csv,1,neutral,neutral,0.8391827947016505
"Maaf, knp grab food pake sistem ""out for delivery"" 1 driver bisa terima.bbrpa orderan, kebetulan saya order ice, yg ada orderan saya cair smpe kesaya. Dan saya kecewa bgt.. makasi",grab_reviews.csv,1,neutral,neutral,0.5626110215366773
Hahaha....boleh ke orng lain guna id orng lain siap nak topup lak tu...bile tanye dekat pasal ni dekt chat grab customer service jawapn xboleh blah...benda ni jd kat tunang aku...lag satu nak log in xboleh sebb orng lain dah gune siap tukar password lag...kena sistem makin teruk ni...ke ade share partner dengn scam...sebb bile tanye dekat customer service jawanpn yng same sory2...makin teruk,grab_reviews.csv,1,negative,negative,0.48091669245523794
Ager tai valo chilo,foodpanda_reviews.csv,1,neutral,neutral,1.0462638177718664
thankyou kuya,grab_reviews.csv,5,neutral,neutral,1.311307438723453
Bad Service 🤬🤬,foodpanda_reviews.csv,1,negative,negative,5.440641652448571
so far so good both grab car and grab food...,grab_reviews.csv,5,positive,positive,1.25770005568016
Not showing Correct Result in Search Bar,foodpanda_reviews.csv,1,neutral,neutral,0.9393838145321791
"banyak promonya, murah meriah, bagus lah pokoknya, tingkatin terus grab",grab_reviews.csv,5,positive,positive,0.7328703785558865
My goto car app in Bangkok!,grab_reviews.csv,5,neutral,neutral,0.8231080200509674
Currently using foodpanda for the best services,foodpanda_reviews.csv,5,positive,positive,1.5241539410876002
"after Installing the app,,always shows me ""unknown error occured, try again later""once I uninstall the app & then re install but nothing change!!!!😖😖😞😞",foodpanda_reviews.csv,1,negative,negative,1.1198233803277353
Invoice header: *** Inc.,grab_reviews.csv,5,neutral,neutral,0.6111227178981085
Asking me to re-register and activation code becomes a loop.,grab_reviews.csv,2,neutral,neutral,0.12292278271229384
"Foodpanda is the best app because it's services is awesome and fabulous. Good riders, timing, quality of materials and much more!!Really it's my great experience ever.",foodpanda_reviews.csv,5,positive,positive,3.6789644621265705
Bbahshsh,foodpanda_reviews.csv,5,neutral,neutral,1.4100839401919703
Not working properly. Always crashing!,grab_reviews.csv,1,negative,negative,1.489034405943222
Poor service. Time constantly change unrealistically.,foodpanda_reviews.csv,3,negative,negative,0.7743183699793725
This is so stupid.. I cant pin point of my exact location.. I have to walk about 3 KM to the location it gave me.. What the hell,grab_reviews.csv,1,negative,negative,1.4243026734972983
Bermanfaat sekali hehe. Dimanapun&kapanpun,grab_reviews.csv,5,neutral,neutral,1.118011919611926
............................................................ .. ...iiii😘😘😘😘😘❤️❤️❤️❤️❤️❤️❤️❤️,foodpanda_reviews.csv,5,positive,positive,1.945327200981758
The system have problem om the payment process and your firm don't have staff to solve this promblem immediately. I am so fail with you,foodpanda_reviews.csv,1,negative,negative,0.9355182547585512
nice to order,grab_reviews.csv,5,positive,positive,1.949067858771676
The good and most loving app . More offer plz!,foodpanda_reviews.csv,5,positive,positive,2.9751373885273518
I wasted 30 mins of my life for this usless app!,grab_reviews.csv,1,negative,negative,1.2187494047111036
I can't use my debit card coz the app has no option to enter 2035 as expiry year !! Its irritating,foodpanda_reviews.csv,3,negative,negative,0.6897585097798942
"Very slow delivery. The timing keeps changing. Supposed to be a 20 mins delivery and it took more than 50 mins. And the rider kept going around, I suspect he had a few deliveries. Very bad experience",foodpanda_reviews.csv,1,negative,negative,0.898568316484166
"Terrible refund process, be careful not to accept vouchers, they do not act like cash.",foodpanda_reviews.csv,3,negative,negative,1.2760315727982396
"Rude Riders(asking the customer to cancel the transaction) Customer service is lousy (they called up and they don't listen, eager to end the call) Reimbursement takes a really long time!",foodpanda_reviews.csv,1,negative,negative,1.8764176259359169
Great app but please add more restaurant that offer low price.,foodpanda_reviews.csv,5,positive,positive,0.5418753003770349
"Can I use this app, abroad?",grab_reviews.csv,5,neutral,neutral,0.3801162174728996
"Always bug after update ,so bad!",foodpanda_reviews.csv,1,negative,negative,1.7084366907092599
The coupons do not apply. They are useless. Stop making a fool out of people. You're is the only app that sends so many alerts regarding discount coupons. Stop fake promotions,foodpanda_reviews.csv,2,negative,negative,1.2863076304693486
"Safe, fast, and reliable app.",grab_reviews.csv,5,positive,positive,1.4512698519611476
🙏🙏🙏Please don't download this app. Nothing to order all are unavailable. This app getting stupid day by day. A worst choice.,foodpanda_reviews.csv,1,negative,negative,0.970973587523472
mkanan sedap sup sedap sambal pedas sangat ayam kurang garam macam tak de rasa untuk yang laiinnya sedap,foodpanda_reviews.csv,4,positive,positive,0.5891301979289605
ifurrrretIR,foodpanda_reviews.csv,2,neutral,neutral,0.5897752996810799
Poor service.. really disappointed..,foodpanda_reviews.csv,1,negative,negative,3.8326305734252446
I feel safe whenever I use grab car. Keep up the good work guys!,grab_reviews.csv,5,positive,positive,1.3997049373566128
"The app automatically made one of my card as a primary payment method and they won't allow me to remove or change it! Customer service always say the same thing, copy paste reply! So frustrating! Fix your app and your website!!!!!!",foodpanda_reviews.csv,1,negative,negative,0.9659562274515485
মাদারচোদ তোগো লাইগা ইউ টিউব এ সান্তি মতো ভিডিও দেখতে পারিনা শালার পুত 🤬🤬,foodpanda_reviews.csv,1,negative,negative,3.8975487851603696
Too often updated,grab_reviews.csv,5,neutral,neutral,1.235359705441132
cekik darah..,foodpanda_reviews.csv,1,neutral,neutral,1.3870744506499095
Please give me a good voucher...,foodpanda_reviews.csv,5,positive,positive,2.0228207250012264
worst app when it's coming to the transport,grab_reviews.csv,1,negative,negative,1.4398047633663285
"Good, but some road names not available in the system, driver waste time to find the pickup point.",grab_reviews.csv,4,negative,negative,0.42525784888581053
budu punya grab mw minta selfie lagi,grab_reviews.csv,1,neutral,neutral,0.8415630367706542
the methods for suspend customers for request immediately after cancel few time is unreasonable and there's should a choice of bike for customer size. A small bike doesn't fit to big customer and impact to uncomfortable. Majority of driver's bikes are type of Yamaha Beat/Mio or Honda Vario which are relatively too low for someone who has tall/big posture size.,grab_reviews.csv,2,negative,negative,0.8253513639216754
Awesome drive,grab_reviews.csv,4,positive,positive,1.4914223076601372
Sejauh ini aplikasi berjalan lancar. Tapi tolong ditingkatkan performa driver dan profesionalitasnya.,grab_reviews.csv,3,neutral,neutral,1.1856024521889752
Tor ma chudi Khankir Pola YouTube ay ATO ad DES kn?,foodpanda_reviews.csv,1,neutral,neutral,1.4394311834212128
setelah Update versi terbaru aplikasinya jadi agak berat dan lelet pas awal dibuka!,grab_reviews.csv,4,neutral,neutral,0.997836631673452
Great app to use. Doesn't crash but requires internet data.,grab_reviews.csv,5,neutral,neutral,0.6850186323844768
Love it so much !!!! Thanks grab.,grab_reviews.csv,5,positive,positive,3.8926543696207103
very useful app thanks,foodpanda_reviews.csv,5,positive,positive,3.53891726540345
"Good. Not enough drivers, but very good transportation!",grab_reviews.csv,4,positive,positive,1.380878930945819
Its a great app❤,foodpanda_reviews.csv,5,positive,positive,4.206674617881367
Zawe Pyae Hein,grab_reviews.csv,1,neutral,neutral,1.0534431439490752
always a solution for my time to time craving of food... I wuvvvv thisssss ❤️❤️,foodpanda_reviews.csv,5,positive,positive,1.683465179956144
No help serivice to review food. Pathetic and waste of money.,foodpanda_reviews.csv,1,negative,negative,2.7433715028234116
The application can't lock in to servers. I use samsung galaxy note 2,grab_reviews.csv,2,neutral,neutral,0.44558436087041153
สะดวกครับ ส่วนใหญ่ เจอ พนักงานสุภาพครับ เสียอย่างเดียว ไม่ค่อยมีเงินถอน ให้ 55,grab_reviews.csv,5,neutral,neutral,1.5972322516582893
Ever since Uber left they monopolized the industry. The fare have been outrageous since Uber's exit.,grab_reviews.csv,1,negative,neutral,0.38094829263867913
I hope that grab can give more optional with less rewards points since im always use this app.. thanks,grab_reviews.csv,1,positive,positive,1.7355078728107622
Magnifique,foodpanda_reviews.csv,5,neutral,neutral,0.9360302661005319
Better than most,foodpanda_reviews.csv,4,positive,positive,2.35017725925751
Easy to use application..variety of shops to choose from..,foodpanda_reviews.csv,4,positive,positive,1.017621673778107
Lousy everyday times of red up is one person price the driver so expensive..,grab_reviews.csv,1,negative,negative,1.344073041771999
Reliable and convinient,foodpanda_reviews.csv,5,neutral,neutral,0.977442971741418
Nice hehe,foodpanda_reviews.csv,5,positive,positive,1.853397301831347
Please add in the features that allow user to have their own pin location rather than follow grab location pin which sometimes the location is not correct.,grab_reviews.csv,3,positive,positive,-0.07376099123646007
"Kenapa saya tekan dekat prepaid tu, tak keluar apa apa. Warna putih je. Lama tunggu pun macam tu juga",grab_reviews.csv,1,neutral,neutral,0.7923685960629125
This app is good. Try add halal feature in grabfood. It's help a lot since I live in Bali. We muslim need distinguish our food. Thank you,grab_reviews.csv,4,positive,positive,1.3113271249970422
too much bug. this app always has an update to fix it but the result still the same.,foodpanda_reviews.csv,2,neutral,neutral,1.6951229106353713
Where the hell is the Expected time of arrival?,grab_reviews.csv,1,negative,negative,-0.07743659048315976
IT IS JUST A WORST FOOD DELIVERY APP I EVER SEEN. DON'T WASTE YOUR MONEY AND TIME ON IT. 😡,foodpanda_reviews.csv,1,negative,negative,2.774741065800368
ไม่สนับสนุนแอพสลิ่มและรัฐบาลผเด็จการ lll,foodpanda_reviews.csv,1,neutral,neutral,0.9804237473731073
Very disappointed it took 70 minute to deliver from a distance of 1 kilometers also the zingers burgers were very bad non-warm and and like the shown in the picture.,foodpanda_reviews.csv,1,negative,negative,1.2778067890491056
Bad deliverer left my food at hotel LG car park. FCUK! Will delete this food app forever.,foodpanda_reviews.csv,1,negative,neutral,0.10946677390033499
Worst app.not open in 30 min also. Data succer. .,foodpanda_reviews.csv,1,negative,negative,0.6211107113690679
"Their customer service went downhill. The reason why I chose to use Foodpanda over grab is because of it's extremely fast and excellent customer service. Now, Foodpanda had become worst than grab. Their chat support won't provide any realtime resolution and what's worse is that they'll disconnect the chat immediately!!! I noticed this happened when the customer service whas taken over by a call center from Philippines as indicated by the CSR's names. FOODPANDA NEEDS TO MAKE DRASTIC CHANGES!!!!!",foodpanda_reviews.csv,1,negative,negative,0.9168554737756973
"For now, foodpanda is the best delievery food ever!! Tq foodpanda..",foodpanda_reviews.csv,5,positive,positive,1.24040897986224
Must try to Late and irritating,foodpanda_reviews.csv,2,negative,negative,1.360190042353215
I'm happy to be a Foodpanda customer.. Cuz it's so very fast and easy to order..that's why I like it.,foodpanda_reviews.csv,5,positive,positive,2.3404466702516373
Torrrrbaikkk,foodpanda_reviews.csv,5,neutral,neutral,1.3849892247263078
"app paling teruk,aku tunggu makanan aku 2 jam tak sampai2",foodpanda_reviews.csv,1,negative,negative,0.7885390968874475
Good and fast responding and fast delivery,foodpanda_reviews.csv,5,positive,positive,2.3874627871383813
Thanks to Grab for give us A safe journy,grab_reviews.csv,5,positive,positive,2.33582859020631
Mabilis complte at mainit pa ung deliver na pagkain,foodpanda_reviews.csv,5,neutral,neutral,0.6898980067389826
i can't use this app i cash in and i can't order any food i dont have a FOOD icon,grab_reviews.csv,1,neutral,neutral,0.49430907298529725
Wonderful app with a good service.,grab_reviews.csv,5,positive,positive,2.2935384724664347
Its always says everytime i log in is blocked what the f .. just rate half star if i can 😩,grab_reviews.csv,1,negative,negative,0.2032026819495263
I7KCg8?g_st=ic0k877,foodpanda_reviews.csv,1,neutral,neutral,1.6158263580027739
The app won't accept the coupon codes. Food panda is loosing customers just because they try to fool the customers with fake coupon codes. Moreover delivery guys don't even have change. FP should atleast give their delivery boys proper change.,foodpanda_reviews.csv,1,negative,negative,0.5590607225534077
"mantab,tersedia banyak, aplikatif dan mudah",grab_reviews.csv,4,neutral,neutral,0.7770737645560531
loved that app,foodpanda_reviews.csv,5,positive,positive,1.4769894824135223
Pelayanan terbaik,grab_reviews.csv,5,neutral,neutral,1.193780385862581
Zero rating,foodpanda_reviews.csv,1,neutral,neutral,0.7084969210283142
Ggwp rude driver,grab_reviews.csv,1,negative,negative,1.1612500582073841
"You bully your own employees, your heartless people. The viral video one of your employee make me very sad and angry. I will boicot this app😡😡",foodpanda_reviews.csv,1,negative,negative,2.1568482530320296
Best. Boleh order sbb kadang malas masak. 😝,foodpanda_reviews.csv,5,positive,positive,0.46046939847680246
"Edited review: GRAB has the worst customer services. Just give it a try. When your account have a problem, their customer services cannot do anything. I want to give a minus star if i can.",grab_reviews.csv,1,negative,negative,0.7722391192621783
Laboomlalakaka,foodpanda_reviews.csv,5,neutral,neutral,1.2664491407829672
tyrans and capitalism from malaysia,grab_reviews.csv,1,neutral,neutral,0.6814409065329227
"Seharusnya penumpang wajib memberikan feedback ke driver meskipun tanpa ulasan, kebanyakan penumpang mengabaikannya.. Mudah-mudahan kedepannya sebelum order selanjutnya penumpang tidak bisa pesan kalau perjalanan sebelumnya belum di kasih ulasan..",grab_reviews.csv,3,neutral,neutral,1.085422286710628
Promo codes doesnt work on me everytime since the update,grab_reviews.csv,1,negative,negative,1.2559330483120759
Mangoes restaurant is not on it,grab_reviews.csv,1,neutral,neutral,1.3966250501762827
Cant find my location,foodpanda_reviews.csv,1,neutral,neutral,0.6690758969434523
"Lucky you grab, u on ma list !",grab_reviews.csv,5,positive,neutral,0.34707848760301907
Terrible experience. Ordered a single pizza via the app at 740pm. Order delivery was pushed back several times but an option to cancel was greyed out. At 945pm the order was cancelled by Grab because a driver was not available. A review could not be left and I am now without dinner after waiting 2hra. The order should never have been taken. Unacceptable.,grab_reviews.csv,1,negative,negative,0.653241797646285
"Ni bangsat tuan2. Jenis tindas orang, jangan percaya. Orang lain susah payah. Kalu senang2 perah. Dasar parasit",foodpanda_reviews.csv,1,neutral,neutral,0.6257870098975861
i did not get the code,grab_reviews.csv,4,neutral,neutral,1.0099429438055942
"I don't know if bawal ba talagang pumasok sa isang compound kahit dun nakapin at 10 hakbang lang naman. Pero sige, requirement niyo yan. Sa ibang platform na lang ako.",grab_reviews.csv,1,neutral,neutral,0.6680443611423617
Great convenience !,foodpanda_reviews.csv,4,positive,positive,1.8652934615857826
Why the comment section or review is not showing after last update.? Very negative intentions,foodpanda_reviews.csv,1,negative,negative,0.04490186578266964
great all in one app,grab_reviews.csv,5,positive,positive,1.7939860009554132
It's easy to use. There's a lot of varieties,foodpanda_reviews.csv,5,positive,positive,0.9925997755235649
Verygood sofar,foodpanda_reviews.csv,5,neutral,neutral,0.886350548167648
Thanks for excellent service...,grab_reviews.csv,5,positive,positive,3.470334168131725
Suitable for me.. easy to use and good option available,grab_reviews.csv,5,positive,positive,2.654369078099415
good one at ur door step,foodpanda_reviews.csv,4,positive,positive,1.106928152850488
Some of restaurants declined my order!,foodpanda_reviews.csv,2,neutral,neutral,1.0415301308194609
Too Much Bad Application. All the time order cancelled . Some Time Order late Deliver. And some Time Food quality is very Bad. . dil To karta Hay Muu Toor du In logo ka Bad food delivery par,foodpanda_reviews.csv,1,negative,negative,2.4631804595388447
It suck! After update keep crash and promo code cannot use well and all the biggest problem is our grab driver not friendly at all! Just go close the grab no need to drive already!,grab_reviews.csv,1,negative,negative,1.094712590165126
No delivery charge... Just please put complain portion in the apps for those delivery rider who are rude,foodpanda_reviews.csv,5,negative,negative,0.9888153497390046
Ayusin nyo work nyo !,foodpanda_reviews.csv,1,neutral,neutral,1.3906180671416288
10 stars! 🌟,grab_reviews.csv,5,neutral,neutral,1.0206028252031485
"unforgetful ,,& friendly dvr need a car now i just need a car now, waiting at Protec wksp",grab_reviews.csv,4,positive,positive,0.17057250600636298
"sejauh ini baik, tapi kadang2 sulit memasukan alamat pengirima",grab_reviews.csv,5,neutral,neutral,1.4709791896374436
vvv good,foodpanda_reviews.csv,5,positive,positive,6.867782322305083
"Supportive customer service. Yesterday, my order got 40 mins late. I complaint in chat and the representative talked to restaurant and asked me to not pay a single penny while receiving the late order. So, I received my order 1hr late but free of cost.",foodpanda_reviews.csv,5,positive,negative,-0.010104137133525315
Yung current location ko 1 mile ang layo sa pini pinpoint na address. ma sususpinde pa ang rider kung naling address pinuntahan nila.. di daw nakikinig ung regional developer. lagi nalang sa ibang street na pipinpoint.,foodpanda_reviews.csv,4,neutral,negative,-0.029587644746535302
"Buat ada si ada double order untuk driver buat food? Udah nunggu lama eh ternyata driver nganterin orderan orang lain dulu tanpa pemberi tahuan di aplikasi. Mending diapus aja tu layanan double order, bikin kecewa buat pake lagi.",grab_reviews.csv,1,neutral,neutral,0.5800065696006372
it's amazing app I ever seen,foodpanda_reviews.csv,5,positive,positive,0.9406856355198288
I sent the numerous emails about my missing item in my order and its been a week and they're not responding to my concern! Useless support!,grab_reviews.csv,1,negative,negative,0.7974619436755641
"Kaga ada yang mau ambil driver nya kalo pake OVO, trus ngapain repot repot isi. Tolong diperhatikan lah OVO user",grab_reviews.csv,1,neutral,neutral,0.8911431500487951
Easy to place an order...,foodpanda_reviews.csv,4,positive,positive,1.0769071540235886
Promonya mantep. Mudah. Membantu. Love it,grab_reviews.csv,5,positive,positive,0.4148521673990968
Duit dh deduct dr acc...tpi makanan xsmpai...!!!!😡😡🤬🤬🤬,foodpanda_reviews.csv,1,negative,negative,1.9168385765934968
Remove KFC from my restaurant options if they are never gonnna deliver food to me. Every time they cancel ..,foodpanda_reviews.csv,1,neutral,neutral,0.06828270377613421
"I am unable to change my email and my contact number.. whenever i change my contact number.. This error occurs ""something went wrong .. please try again"".. Any solution?",foodpanda_reviews.csv,3,negative,positive,0.32416458559881933
Third class app really very disappointed,foodpanda_reviews.csv,1,negative,negative,0.9725538518424912
90% orders are delayed. CS is not capable. They ask you wait till you die.,foodpanda_reviews.csv,1,negative,negative,0.16934704018189484
I love this app itz very help full thanks foodpanda team,foodpanda_reviews.csv,5,positive,positive,3.6353702255840794
These guys might aswell call themselves Chor Panda .. I have had 5 different issues with them and all those times they took my money and never deliverd ..,foodpanda_reviews.csv,1,neutral,neutral,0.09817576740268019
why i cannt log in,grab_reviews.csv,5,neutral,neutral,1.2951120071180386
its gucci,foodpanda_reviews.csv,5,neutral,neutral,1.2571409149310968
I order from domino's & received from local pizza bite comnes,foodpanda_reviews.csv,1,neutral,neutral,0.3581176799386421
thanks for you grab,grab_reviews.csv,5,positive,positive,1.7672081251145053
Some driver rider is rude.,foodpanda_reviews.csv,1,negative,negative,1.2311916052971625
"often lags, inaccurate position/map, glitching in apps. So annoying, cant believe i think gojek is better",grab_reviews.csv,1,negative,negative,-0.15598515171298932
Yaaa pokoknya enak lah,grab_reviews.csv,5,neutral,neutral,1.3284906824855027
im manila and province rider,grab_reviews.csv,5,neutral,neutral,0.637591504822723
GRAB IT!!,grab_reviews.csv,5,neutral,neutral,1.1942032174119417
"Sometime u feel,if we Don't have foodpanda then We had miss many delicious food from many restaurant... Foodpanda makes our life more easier",foodpanda_reviews.csv,5,positive,positive,1.636258602277685
All ok n fine,foodpanda_reviews.csv,5,positive,positive,1.1037674527805421
When ihvav,foodpanda_reviews.csv,2,neutral,neutral,1.429600929641026
Dati 5 stars ngayon wala kami mabook na car ang daming dumaan d nagaaccept 😢,grab_reviews.csv,2,negative,negative,0.4214763353321984
Lovefoodzz,foodpanda_reviews.csv,5,neutral,neutral,0.3199466166610174
I love it that you can see the type and car model so it is easier to find your ride esp during rush hours!,grab_reviews.csv,5,positive,positive,1.195745433018376
"Best app for food, best customer care",foodpanda_reviews.csv,5,positive,positive,2.6256984787729802
Bapak mahal perjalanan x smpai setengah km die cas Rm 5..baik aku jln kaki lgi untong bab,grab_reviews.csv,1,negative,neutral,0.06888673542011992
sukses truss,grab_reviews.csv,5,neutral,neutral,1.3935727622815826
Why should we give you permission to use our camera? What is that for?,grab_reviews.csv,1,neutral,neutral,0.7153618745328866
Hapus aja lau fungsi extra fare yg dipake sama pengemudi.. banyak yg salahgunakan ditambah2 yg ga jelas.. saya udah 4x kena... Payah.. kalau mau ada fungsi verifikasi aja ke penumpang.. kalo gini kan susah,grab_reviews.csv,2,neutral,neutral,0.8597674646250452
Hi I placed my order but a popup showed my bank password,foodpanda_reviews.csv,3,neutral,neutral,1.5612020285721149
sangat membantu sekali. mudah digunakan.,grab_reviews.csv,5,neutral,neutral,0.9847112444450391
great service food delivery always to time,grab_reviews.csv,5,positive,positive,1.1667125178394115
isu naisuuuu,grab_reviews.csv,5,neutral,neutral,1.4501605559113115
Just nice! Covers all areas.,grab_reviews.csv,5,positive,positive,0.9490528421694402
"The customer service for Indonesia is very bad. I found problem inconsistency in their T&C (it might be a bugs) a couple times. Report it. The answer always ""please check again the T&C. Even though I upload the screenshot, they never look at it.",grab_reviews.csv,1,negative,negative,0.8432739901701067
"Worst app ever. They have missing item but did not inform buyer. Thats the main item I need. 2nd time they have buy1 take1 did not get the free item. Worst customer service, they cannot help customer. Deleting this app now.",foodpanda_reviews.csv,1,negative,negative,0.8629164628317127
So disappointed!!,foodpanda_reviews.csv,1,negative,negative,2.569747582190961
Not exactly great but I don't hate it. I just keep the app in handy for when I can't book on Uber :),grab_reviews.csv,3,positive,neutral,0.0037695059293110234
Very helpful :) really love this app... :),grab_reviews.csv,5,positive,positive,3.2853651219031494
semakin tidak gemar dengan GRAB disebabkan ramai pemandu yang berlagak dan kurang ajar,grab_reviews.csv,1,neutral,neutral,1.29696880913482
Overall its best but need improvements in areas like search and buying different items from different outlets at the same time and need to make it 24/7 the users a full fledge service ...,foodpanda_reviews.csv,4,positive,positive,0.016218958512792758
Food panda service r best i m very satisfy this app,foodpanda_reviews.csv,5,positive,positive,2.128785440778403
marvelous superb,grab_reviews.csv,5,positive,positive,1.2820507500130225
Work great everytime,grab_reviews.csv,5,positive,positive,1.4292533710222026
"Foodpanda is Amazing ... I love it...😍 Service , taste ,in short everything is Bravoooo...",foodpanda_reviews.csv,5,positive,positive,2.2826638894828912
"Been using this app for ordering food all this while. Just couldn't understand my order adrress is wrong, I need to cancel the order and reorder... This stupid app don't allow cancel, and the customer service is refuse to help and divert me to call the driver to make change... Besides, grab driver is complaining my address is far, while the correct address is 10minute from the merchant side.. a nightmare experience with useless customer service",grab_reviews.csv,1,negative,negative,2.01077837749319
The best taxi to ride.,grab_reviews.csv,5,positive,positive,2.2454228952599804
"Orders are usually 5 minutes late, but acceptable for me. Help line is good now.",foodpanda_reviews.csv,4,positive,positive,1.1743574410372777
Makin mengarut harga,foodpanda_reviews.csv,1,neutral,neutral,1.1892490312338475
this grab can not found a driver,grab_reviews.csv,1,neutral,neutral,0.9959397910223527
nomanzia,foodpanda_reviews.csv,5,neutral,neutral,1.5228578792696246
It service is good Foodpanda make better day by day keep it up❤️,foodpanda_reviews.csv,5,positive,positive,2.8365640567940176
Awesome app... Real time delivery and it is free...,foodpanda_reviews.csv,4,positive,positive,2.724319857352616
I'm trying to download the app but it isn't allowing me to download.,foodpanda_reviews.csv,1,neutral,neutral,1.3185757763597539
If can lets us save up our favorite restaurant it would better. Thank you to heard my request. But recently May 2020 facing cannot credit card payment problem. Tried diffrent card also same...Keep payment failed. Most of the friend also facing same problem. Pls look into this seriuosly.,foodpanda_reviews.csv,2,positive,positive,0.9135272035659276
Comment passed after delivery,foodpanda_reviews.csv,5,neutral,neutral,0.811179863569286
"Keep asking me to retake my id photo, make me feel frustrated.",grab_reviews.csv,1,negative,negative,0.5748659294814247
Convinient ....,foodpanda_reviews.csv,5,neutral,neutral,1.3226380121895176
hmmm kafi behtar h,foodpanda_reviews.csv,5,neutral,neutral,1.3453327951688807
VERY BAD APP AT THE TIMES OF NEED IT HAS BUGS,foodpanda_reviews.csv,1,negative,negative,1.3902345607672326
I ordered food. It wouldn't let me change the delivery location. So I cancelled it and started again. Then grab placed 2 orders for me instead. I just paid the second one because of the poor driver. Faulty app!!!,grab_reviews.csv,1,negative,negative,1.0842864708404685
Address input is horrid. Impossible. Just download Food panda since they aren't bothered to fix it.,grab_reviews.csv,1,negative,negative,0.27483541689560953
Kenapa saya tak dapat nak log in kat app ni?? Macam2 cara dh saya laku kan tapi tak menjadi juga.. Tolong balas ya,grab_reviews.csv,1,neutral,neutral,1.9047355527157075
They gives voucher and doesn't include the things that we more love they only includes the most hated things in voucher so bad lays wavy aren't includid even juices only kurleez and coldrinks are so bad i am exhausted,foodpanda_reviews.csv,1,negative,negative,1.0024373734740553
Not allowed to made payment via grab credit or debit on both transport and food delivery. It's ridiculous.,grab_reviews.csv,1,negative,negative,0.9128288979076489
"Many times im having problems when i want to check the position of the driver and after i make rating for the driver and try to use other service its always showing "" delivery"" in my applicatoon...i feel sick for that..and grab very slow to respond..please..",grab_reviews.csv,2,negative,negative,0.6050966525834633
So far So good 👍👍,grab_reviews.csv,5,positive,positive,4.237431244987809
"History banyak yg tidak tampil, driver minta tambahan yg di potong dr account kita oleh driver, pihak grab tdk bisa kembalikan uangnya, katanya nanti drivernya yg akan kembalikan sendiri, bagaimana mungkin kita bisa ketemu driver itu lg, tdk recomended utk teman!!",grab_reviews.csv,1,neutral,neutral,0.732983888311193
Losers app,foodpanda_reviews.csv,5,negative,neutral,1.2057218799104816
TIDAK RAMAH DIFABEL !!! BYE,grab_reviews.csv,1,neutral,neutral,0.9843545790494181
can't use for grab food and never receipt notify from grab,grab_reviews.csv,4,neutral,neutral,0.5087479409139912
Good and available at all time,grab_reviews.csv,5,positive,positive,1.8946911050533102
sangat teruk bila salah 1 driver grab meminta duit dr anak saya setelah sye buat online payment..x amanah langsung...berhati2 dengn org yg cam ni,grab_reviews.csv,1,negative,negative,0.46796090134393653
"Day by day its getting worse, what a disappointment...",foodpanda_reviews.csv,1,negative,negative,1.1784071947939325
not just the app is so annoying they dont even let me rate Terrible on the food and how the canceling order feature they have!!!!!!!!!!!!!!!!worst experience!!calling hordes of people to rate bad on you!,grab_reviews.csv,1,negative,negative,3.5865430428432394
App yang sangat membantu.,grab_reviews.csv,5,neutral,neutral,0.8815317401780376
Good apk and best service Very good. . I love Foodpanda,foodpanda_reviews.csv,5,positive,positive,5.309663488131512
"No service in Lyari, shameless! Insane! 😡😡",foodpanda_reviews.csv,1,negative,negative,3.25609270806005
Gud expiereance with food panda butt food rate is so high,foodpanda_reviews.csv,3,positive,positive,0.4974838310811478
Mapnya sdh 2 bln tidak beres2.,grab_reviews.csv,4,neutral,neutral,0.9961380881288467
The Notification cannot load then I cannot deduct my money. Is it a bug?,grab_reviews.csv,2,neutral,neutral,0.6345219351564739
I use this everyday. It's prompt and easy to use.,grab_reviews.csv,5,positive,positive,1.0169225293633322
My previous review is bad because of glitch but they fix,foodpanda_reviews.csv,5,neutral,neutral,0.38611052416575187
"I tried ordering from foodpanda twice and the food was delayed TWICE! The first time i ordered it came 2 hours late and the second time i ordered it came 1 hour+ late. And by the time the food came it was already cold. Besides that, i had other places to go, so if the food comes late, i will have to skip my lunch or be late. Super unsatisfied!👎",foodpanda_reviews.csv,1,negative,negative,0.9870516479054872
always can count on it when it's time,grab_reviews.csv,5,neutral,neutral,0.8313244506082751
the worst delivery service ever,foodpanda_reviews.csv,1,negative,negative,2.3693281613900545
was all good but recently i rode about 5-6 grabs with poor gps problem!! i put my desired location at exact usual spots i usually go to before riding the grab. and gps having issue where my location is far away from the desired location. pls fix this so that i can get to places ON TIME. im using oppo r17 and there isnt much problem with my gps EXCEPT for grab.,grab_reviews.csv,3,negative,negative,0.5120672974436871
Gud apps,grab_reviews.csv,5,positive,positive,3.2842794274731935
Ksisosos,foodpanda_reviews.csv,5,neutral,neutral,1.3624108872831822
"Drivers keep refusing to pick up Grabshare and Justgrab rides, I can see 10 cars around my vicinity and the search almost always ends with no drivers found. Drivers accepting the ride then immediately canceling is also a common problem. Frustrating to use.",grab_reviews.csv,2,negative,negative,1.2985840145564636
bad very very bad for grab food,grab_reviews.csv,1,negative,negative,3.439675756415665
Sana mg karoon narin nang grab express sa baliuag bulacan at bustos bulacan,grab_reviews.csv,5,neutral,neutral,0.9474696798234861
Hello! I would like to thank your delivery guys. It's an effort to walk into and up to my apartment (at Goodwill Court) and they've been very patient with checking directions and/or waiting for me to hobble to the front door (I fractured my ankle). My sincerest thanks and compliments to them.,foodpanda_reviews.csv,5,positive,positive,1.0284899616526928
Why i cant log in? I just log out but then i cant log in back. I'd uninstall and then install it back but it is useless. Hope u fix it and help my problem😢,grab_reviews.csv,2,negative,negative,1.5189327528145968
pathetic service wasted of money delivered wrong food and no return,foodpanda_reviews.csv,1,negative,negative,3.948165562699367
"Food Panda Delivery services are pretty bad in Yangon. HR Department didn't try to review the customers' complaints. Start from April 2022, some riders are rude and the company didn't pay attention to make a better situation even being badly reviewed for thousand times. Bye Bye from now on..!!",foodpanda_reviews.csv,1,negative,negative,1.1866687749555394
Although the is not bad enough but you should have to show the rider on the map to the customer,foodpanda_reviews.csv,3,neutral,neutral,0.6563285347100507
"Excellent service: Friendly driver, Clean car :)",grab_reviews.csv,5,positive,positive,1.9345796039283292
Good food berry nice,grab_reviews.csv,4,positive,positive,3.272288955580872
Macet Jakarta ga kerasa pake grab bike..,grab_reviews.csv,5,neutral,neutral,1.5714503782419078
Itx veryyyyy good,foodpanda_reviews.csv,5,positive,positive,4.832685419157081
Ohh yeah it's great,foodpanda_reviews.csv,5,positive,positive,1.2299913049984317
scammers app,grab_reviews.csv,1,neutral,neutral,0.8973358238789528
"Worst service, the food delivery kept being late",grab_reviews.csv,1,negative,negative,2.025390035722374
"if I can give -tiv star I will vote, very disappointed, Just uninstall this app.. useless.. after 3 hours I'm waiting until midnight u just give me 6 ringgit voucher ? Didn't get any information, after 3 hours that u cancel my order 3 hours 🤬.. not a first time..",foodpanda_reviews.csv,1,negative,negative,1.5815500875827326
Not much variety in restuarants near my place sadly.,foodpanda_reviews.csv,3,negative,negative,0.629856651352386
Food panda is my best friend,foodpanda_reviews.csv,5,positive,positive,2.4002002903231903
Such a bad service. Can't even update the details. I have create a new account just to update my phone number ? Such a bad app.,foodpanda_reviews.csv,1,negative,negative,1.7747566482605301
"aplikasi grab gak bisa terbuka, hanya muncul tampilan ""your app will be ready in a moment""",grab_reviews.csv,1,positive,neutral,0.18276705347504385
"So happy and sad with this apps. Happy cs it made my tummy full,but kinda sad cs it made my wallet thin.",foodpanda_reviews.csv,5,negative,negative,0.08455147415011721
"the worst app i ever installed, the service i can see only hotel , n i dun need hotel i need car service, as a new user cant even verified the account n keep saying error try again.",grab_reviews.csv,1,negative,negative,1.46031573751762
Verry good app Easy to use,foodpanda_reviews.csv,5,positive,positive,2.8814703447074317
I really appreciate and love this servis....,grab_reviews.csv,5,positive,positive,1.6921409719159406
It took ten years just to open chat with merchant. That's really stupid.,grab_reviews.csv,1,negative,negative,1.0854883078051212
I waited 2 hours for my pizza and yet i receive the wrong one...tried to message the rider a few times but no response at all... and kindly add a number to call or chat service directly to Panda food to check on orders or to complaint and not for cancelling the order only. Thank you.,foodpanda_reviews.csv,1,positive,negative,0.28106908160395827
Is not working what problem with app now tell me plz,foodpanda_reviews.csv,1,negative,negative,1.8536343072517232
Very bad service...Nagbook ako Ng order para sa bf ko I'm at the province and he's in manila...I put correct location...I used online payment pero di nkrating Ang food sa tamang destination...Basta n lng daw nya I drop off kase di nya daw mhanap ung tao n pagdedeliveran...ngtanong Rin sya sa palgid Kung San bnda ung address n nkalagy pero di nya pinuntahan...I don't know Kung sa rider npunta ung food o ano ...lesson learn n tlga,foodpanda_reviews.csv,1,negative,negative,0.45299488776607677
"My #cravingssatisfied thankies so much for the help this pandemic, :)",foodpanda_reviews.csv,5,positive,positive,1.4204691694824712
"A very hard earned one star, the late deliveries compete with non deliveries to make your life miserable.",foodpanda_reviews.csv,1,negative,negative,0.4355135533240748
This app is good but can be really disastrous when you don't update it for too long and need to use it in emergency...,grab_reviews.csv,1,negative,negative,-0.2508889510500467
good ride and food apps,grab_reviews.csv,5,positive,positive,2.0572292022389878
Good app but sometimes restaurant listed don't deliver what's in their menu,foodpanda_reviews.csv,5,neutral,neutral,0.8101785946199694
Such a great,foodpanda_reviews.csv,5,positive,positive,2.229715537438615
"Poor that reset password,email keep no receive link for reset. Bring to customer service no solution",foodpanda_reviews.csv,1,negative,negative,0.7021331451073496
Gak lemot ::)))..,grab_reviews.csv,5,neutral,neutral,1.2990831068768687
taxi service is great but can not order delivery without allowing grab access to contacts.,grab_reviews.csv,5,neutral,neutral,0.5135638249505814
Grab helps me travel more securely.,grab_reviews.csv,5,positive,positive,1.2490960784316416
what a service great driver polite and helpful,grab_reviews.csv,5,positive,positive,1.8596037882001262
my IST time to order using my phone and thankful I did it right .And it came so fast .Thank you and God bless.,grab_reviews.csv,5,positive,positive,1.1857403351249125
Doh mu tolo bodo,grab_reviews.csv,1,neutral,neutral,1.4856950751715805
Susah dapet driver.,grab_reviews.csv,1,neutral,neutral,1.4905409983516107
There is always room for improvement.,foodpanda_reviews.csv,4,neutral,neutral,0.8060544979207462
Getting better than before,foodpanda_reviews.csv,4,positive,positive,1.4759355988731022
Impressive and nice how it works,grab_reviews.csv,5,positive,positive,1.1554939664934871
panget ng cs! wala oang consideration sa riders,foodpanda_reviews.csv,1,neutral,neutral,0.8713545315554673
"Accommodating, friendly delivery guy and delicious food.",grab_reviews.csv,5,positive,positive,1.6099212360214807
I am very happy to use this app 😘 and the delivery time of this app is too short 👍😎 and I am always enjoying this app,foodpanda_reviews.csv,5,positive,positive,2.639688300139663
Very bad experience using food panda. Missing item and contact to customer service then they ask me to call the restaurant. I made payment using credit card. Domino's said order from food panda is wrong and show me the order to prove. When contact to food panda then customer service said their are not to one to take responsibility. So no refundable can be done. Hope other ppl do not use this apps again. Irresponsible company,foodpanda_reviews.csv,1,negative,negative,1.8506550719507762
Most of the drivers polite but there's one or two of them act rude with customers. Some action should be taken for this type of drivers.,grab_reviews.csv,5,negative,neutral,0.2196110155044153
Some of your rider did not deliver all orders.. some are lacking and not delivering back to their client,foodpanda_reviews.csv,3,neutral,neutral,0.3734798995233677
stupid drivwer,grab_reviews.csv,1,negative,negative,3.785456460702577
Need a lot of improvement,grab_reviews.csv,2,neutral,neutral,0.7072692965055467
"I moved to Muar. So far, Grabfiod service here is very excellent.",grab_reviews.csv,5,positive,positive,2.438370493666909
This apps make my life happier!!! 😂,foodpanda_reviews.csv,5,positive,positive,1.1808485240342048
Good papa,grab_reviews.csv,5,positive,positive,2.039527052097574
my account has a banned from grab🥺😭 plis comeback my account😭😭😭,grab_reviews.csv,2,negative,negative,1.9685991198477484
Sucks gps,grab_reviews.csv,3,negative,negative,2.2452868202089054
Grab is great.,grab_reviews.csv,4,positive,positive,2.4792696284622027
Excellent 😋,foodpanda_reviews.csv,5,positive,positive,1.4754113285229884
I like your promotions and quality of service! Keep it up! I hope in advance future your application will have many options and opportunities for platinum users!,grab_reviews.csv,5,positive,positive,0.7524306762208657
It doesn't work in my area,foodpanda_reviews.csv,1,negative,negative,2.1205286607689944
"Totally fake, I didn't get what I ordered. Useless, waste of.money. I'm uninstalling it.",foodpanda_reviews.csv,1,negative,negative,3.025929383934588
convenient to riding public...,grab_reviews.csv,4,neutral,neutral,0.9828244359220392
superb platform when you are tired and hungry and dont have power to cook food for your self then no problem sit back grab your mobile and just select your nearest hotel and place your order it will be served with in hardly half an hour. waqt se pehle order gher per personal experience. superb delicious food you will get.,foodpanda_reviews.csv,5,positive,positive,1.6271488120923363
sucks when the driver doing multiple deliveries!,grab_reviews.csv,1,negative,negative,0.7415181429647464
service not good !,foodpanda_reviews.csv,1,negative,negative,4.122631258137748
Omg!!!i love it i am give 5 star👍👍👍,foodpanda_reviews.csv,5,positive,positive,4.036134596978779
That's gd app 👌,foodpanda_reviews.csv,5,positive,positive,0.7388567391164356
Bad quality food supplier,foodpanda_reviews.csv,1,negative,negative,1.0229783207560104
Always delivers late....very bad service....,foodpanda_reviews.csv,1,negative,negative,2.8869671360552123
"Lately asyik banyak kali dok update. Tak nampak pun perubahan dia, sama macam tu saja. Overall okay nothing to worry so much",foodpanda_reviews.csv,5,positive,negative,-0.3260255876341289
Keep up the goodwork,grab_reviews.csv,5,neutral,neutral,0.8687270073700238
"Rubbish apps. Map's not working, celaka betul",grab_reviews.csv,1,negative,negative,0.7490362005937365
Its terrible at finding my house misses it every time.,foodpanda_reviews.csv,4,negative,negative,1.0999487757894202
Nice and fast app to get a cab. Especially when raining and you want to skip a queue,grab_reviews.csv,4,positive,positive,0.9969661647409953
Sampai detik ini masih lancar jaya pakai Grab tanpa keluhan.,grab_reviews.csv,5,neutral,neutral,0.995177577359667
Grab driver very polite n courteous. Very gd service,grab_reviews.csv,5,positive,positive,0.7649997641841602
I really like ordering from this app❤️,foodpanda_reviews.csv,5,positive,positive,1.8185308390021182
nice but worry to press wrong button hope can separete with colour,grab_reviews.csv,4,negative,negative,0.6614337786966367
Good quality products and good service,grab_reviews.csv,5,positive,positive,2.2284141324328406
"As i always believe Grab will always seek the best solution either for a passenger, driver or a customer in daily business.",grab_reviews.csv,5,positive,positive,0.8931649519293103
perfectly 💯,foodpanda_reviews.csv,5,positive,positive,0.6533075758591727
good experience no issue using the app. hassle free,grab_reviews.csv,5,positive,positive,2.6780260795459867
App akan mencari driver terdekat berdasarkan jarak y ditarik garis lurus. Bukan berdasarkan jarak di map. Sehingga saya sering mendapat driver y dibelakang komplek rumah namun dia perlu muter jauh u ke rumah saya.,grab_reviews.csv,4,neutral,neutral,1.3147533735473547
easy ride.don't wait for Taxi .thanks,grab_reviews.csv,4,positive,positive,1.6971651400488896
Best riding app,grab_reviews.csv,5,positive,positive,2.115967537156579
Wosrt experience.,foodpanda_reviews.csv,1,neutral,neutral,0.4676664378736013
จะให้ 1 ดาว มีไรปะครับ,foodpanda_reviews.csv,1,neutral,neutral,1.6758762162376106
"It could be perfect if having option for luxury grab car. Currently, Grab Car Plus just offer class B cab. (Example: Toyota Vios)",grab_reviews.csv,4,positive,positive,0.2080430529960231
"When make payment thru credit card the system show failed but the order has been place!? When I make payment again, same thing happen and it show I place an order twice for same food. And then I try to cancel the order thru app but I can't even go into the help center!! I need cancel the order thru website, what's the point I download your app!? And the worst thing is when I try to report it to your customers service, your system kick me out!!!",foodpanda_reviews.csv,1,negative,negative,0.960340076849564
"Very bad services, both the restaurant and the customer services, not helpful",foodpanda_reviews.csv,1,negative,negative,1.6212444510434438
"MONEY NOT REFUNDED. I am on a rush then grab cancelled my booking. Taking my money. That money is what I only Have. How Can I book if you took my money? This is an essential item I needed immediately. You put inconvenience in delaying the return of my money. Uninstalling. I will also tell my friends and my social media about. NOT RECOMMEND, EXPENSIVE BOOKING. LAZY DRIVERS, BAD CUSTOMER SUPPORT.",grab_reviews.csv,1,negative,negative,1.6729445065367647
Always got issue... Duplicate order or payment.. always don't reply...,foodpanda_reviews.csv,1,neutral,neutral,0.715675730420772
"I love the app convenient and easy to use except for Saved places, all saved places have wrong pin after initial booking. I dont know why the pins changed. Resulted to wrong pin/deliveries for 3 different places. I also sent ticket to remove the wrong pins in my location but didnt hear back.",grab_reviews.csv,4,neutral,negative,-0.15121690368884755
Bad poisoning 🤮 food,foodpanda_reviews.csv,5,negative,negative,3.2392422312341007
I hate it bcz of adds,foodpanda_reviews.csv,1,negative,negative,1.6805767337045605
It has become worst. It kills small business owners and their own delivery riders. So much greed.,foodpanda_reviews.csv,1,negative,negative,1.3165059070602987
"I typed my full address for almost 20x. Still, can't saved my address!! I want to order pizza now but I think I have to go to the store instead.",foodpanda_reviews.csv,1,neutral,neutral,0.8360603217769447
Nikma app,foodpanda_reviews.csv,2,neutral,neutral,1.7883847086642848
So love this app. It is very useful. Specially for diabled people who can't move around so much.,grab_reviews.csv,5,positive,positive,1.9933895149162428
Great app i always use it ☺️💕 edit: still great food app for me the best 😊💞,foodpanda_reviews.csv,5,positive,positive,2.7707526859103035
You get notifications from the app about discounts or your rider has arrived or whatnot but when you tap on it it just takes you to their list of restaurants and the message gone. It doesn't let you put in specific details about your address. It would be nice if you could put instructions for delivery or enter a landmark.,foodpanda_reviews.csv,2,positive,positive,0.0804523667066066
Hotspice and donut,foodpanda_reviews.csv,1,neutral,neutral,0.30257320539773325
"Can't register my PayMaya Virtual Card. It always says: ""Unsuccessful. An error occured. Confirm card details and try again."" or something like that. My card details are correct and I even did a purchase online using the said card. So how come your GrabPay service/system doesn't accept my card? Been using your app/service for like a year now but I must say this really disappoints/frustrates me.",grab_reviews.csv,2,negative,negative,2.1716791908845705
The best app ever I have used..These days I fot the benefits of using Internet...Thanks Foodpanda for making me Fall in love with Food.,foodpanda_reviews.csv,5,positive,positive,2.1192390005439465
Awsthirrr!,foodpanda_reviews.csv,5,neutral,neutral,1.258578734618607
Please teach your riders for they're attitude evaluation it's so disappointing. plus i try to reach out for being rude of the riders infact they didn't given a sanction the riders for that!!!,foodpanda_reviews.csv,1,negative,negative,1.092335827923312
Ore vai r koto Ad dia jalabi Ad er jontronay app download korlam Or gusti chudi tar poreo Ad aite ase Sala jibontai bedona koira dilo,foodpanda_reviews.csv,1,neutral,neutral,0.3464092802943117
Gudd app,foodpanda_reviews.csv,5,neutral,neutral,1.3738659698015876
waste of time..order from grabfood and wait for food for 1 hour and they tell me theres no driver.. serik,grab_reviews.csv,1,negative,negative,0.8280511244813842
Such a nice app.,foodpanda_reviews.csv,5,positive,positive,1.7819566753922704
sucks money from delivery partners,grab_reviews.csv,1,negative,negative,0.7021755534807372
Bad app everytime they cancle the order,foodpanda_reviews.csv,1,negative,negative,1.5290483802161536
"Today, I left something important on driver car. And Grab Help Center help me to connect with the driver with very very fast response. I really appriciate Grab dedication for that very fast response. I recommend to use Grab cuz I believe now, they serve a very great services. Thank you Grab",grab_reviews.csv,5,positive,positive,2.0382697893675745
Loving the perks i get with this app.,grab_reviews.csv,5,positive,positive,0.4997661547477139
I can't verify my account! Cannot order at all. Very disappointed.,foodpanda_reviews.csv,1,negative,negative,0.8513736257816018
I search for chief and it shows me mr cod...WTH...Can you make your app better...worst food app seen ever,foodpanda_reviews.csv,1,negative,negative,0.4844703991421575
The app is very inconsistent. On my part the pinned location is where exactly I lived but the driver complained the pin is wrong. Also there are instances where drivers location is not being shown on the map.,foodpanda_reviews.csv,1,negative,negative,0.4361381843568688
Qasim jutt Qasim,foodpanda_reviews.csv,1,neutral,neutral,1.1916804840146713
hhhhhhhhhhaoo𝕣𝕣𝕣𝕠𝕙𝕙𝕙𝕙𝕙𝕙𝕙𝕙𝕙𝕙𝕙𝕙𝕙𝕙𝕙𝕙𝕙𝕙𝕙𝕙𝕙𝕠𝕣𝕠𝕠𝕣𝕠𝕣𝕣𝕣𝕣𝕣𝕒𝕒𝕒𝕣𝕒𝕛𝕛𝕛𝕛𝕛𝕣𝕛𝕛𝕛𝕛𝕛𝕛𝕛𝕛𝕛𝕒𝕒𝕒𝕒𝕒𝕒𝕒𝕒𝕙𝕙𝕙𝕙𝕙𝕙𝕙𝕙𝕠𝕠𝕠𝕠𝕠𝕠𝕠𝕠𝕠𝕠𝕠𝕠𝕠𝕙𝕙𝕙𝕙𝕙𝕙𝕙𝕙𝕙𝕠𝕠xxhhhrrhrrrrhhhhhhhhzhhhhhhhhhhhhhhvcj𝐩𝐯𝚙𝚟𝚟𝚟𝚟,foodpanda_reviews.csv,2,neutral,neutral,1.1514975278349242
Food panda cancelled my orders! I could not chat with support as well. I do not need help center when I need to contact with chat support. I have some issues that I could not change my phone number to the malaysian phone number.,foodpanda_reviews.csv,1,negative,negative,-0.12361497497090257
Excell app,foodpanda_reviews.csv,5,neutral,neutral,0.5436729030546867
Md shakil lalsm,foodpanda_reviews.csv,5,neutral,neutral,0.93988514701465
Foodpanda has gotten a lot better in recent years. They seem to have fixed the delivery and customer service issues that plagued them early on.,foodpanda_reviews.csv,5,positive,positive,0.6732302895164473
"Really teribble customer experience, the food is always delayed and cannot be cancelled. Pls fix it!",foodpanda_reviews.csv,1,negative,negative,1.417710302991884
Love the services,foodpanda_reviews.csv,5,positive,positive,2.3489105647102546
hehshsheheh,foodpanda_reviews.csv,5,neutral,neutral,1.114138488602587
Good for peo,grab_reviews.csv,5,positive,positive,3.2787273336550884
Wonderful app with amazing services,foodpanda_reviews.csv,5,positive,positive,1.730461402873919
"So lucky and thankful, Ang bait ni Tatay driver. Salamat po",grab_reviews.csv,5,positive,positive,0.39617991463458724
Nice one.. 👍👍👍,foodpanda_reviews.csv,5,positive,positive,5.718111137271987
Always need updated . Haih,foodpanda_reviews.csv,5,neutral,neutral,1.015207276567135
It's a great way to get around Jakarta.,grab_reviews.csv,5,positive,positive,1.1315967521358312
"Very bad customer, operators, food partners and delivery relationships.",foodpanda_reviews.csv,1,negative,negative,0.9868571583032195
So far the best and accurate with all my orders.,foodpanda_reviews.csv,5,positive,positive,2.165849378102153
"Amazing app,kach bhi Khana ho kahin se bhi mangwana ho food panda aap download karain or Jo cahain wo khaen",foodpanda_reviews.csv,5,positive,positive,-0.10843366964474721
Disppointed on foodpanda service,foodpanda_reviews.csv,5,neutral,neutral,0.25059253271993187
"pls upgrade the subscribtion terms n condition, i cant re subscirbe again but had to wait until the expiration date of my subscribtion, otherwise i give 5 star",grab_reviews.csv,4,neutral,neutral,0.6034315807085212
D by .ñp,foodpanda_reviews.csv,5,neutral,neutral,0.8382057097440917
wonderful.great.,grab_reviews.csv,5,positive,positive,3.6451366490714303
Susah dapat driver setiap order food. Gmn ya?,grab_reviews.csv,2,neutral,neutral,0.9997090817178722
Worst delivery app.. They dont care for the drivers.,foodpanda_reviews.csv,1,negative,negative,1.2671972412179242
poor quality,grab_reviews.csv,1,negative,negative,1.858616264222512
It fast and the service is great,grab_reviews.csv,5,positive,positive,2.6019301229837257
terus dikembangkan aplikasinya lebih baik lagi yah.,grab_reviews.csv,5,neutral,neutral,0.892969565020173
mantap.la,grab_reviews.csv,5,positive,positive,3.175065809338718
"The new app is a little confusing, but it'll do. The foodpanda delivery service is just horrible, and that is why I've uninstalled the app. When I'm hungry, I don't want to wait 45 minutes. And when the app keeps on adding 5 minutes every 5 minutes, for 3 hours, that's unacceptable. I'll call the restaurant from now on.",foodpanda_reviews.csv,1,negative,negative,0.8379181972415117
Aku mau liat muka lu mirip artis,grab_reviews.csv,5,neutral,neutral,1.2804133861342795
same bugs from year.. deplorable.. worst user experience,foodpanda_reviews.csv,1,negative,negative,1.0498729066595671
Easy to use & great apps. Highly recommended,foodpanda_reviews.csv,5,positive,positive,3.070895148420255
Can't even click the now button to change time n date of booking. Fix you app.,grab_reviews.csv,1,neutral,neutral,0.7162309596653212
Grabe naman ang grab ngayon ang taas ng pamasahe tapos ang driver nakakapamili ng pasahero eh pano kaming commuter hindi naman makapamili kung magkano mapamasahe,grab_reviews.csv,1,neutral,neutral,0.7527941107793585
Can't install app,grab_reviews.csv,1,neutral,neutral,1.070964541935195
"Driver banyak yang nolak, 6x direject, niat kerja ga????? Customer service ga ada realisasiny, respon nol yah, buang2 pulsa gw, ke laut aja lu jauh2",grab_reviews.csv,1,neutral,neutral,0.32612416384518994
ANG PANGET NG SERBISYO NYO.,foodpanda_reviews.csv,1,neutral,neutral,1.1617131481713194
very effective and helpful app,grab_reviews.csv,5,positive,positive,1.7259755128766228
gimana ya??,grab_reviews.csv,5,neutral,neutral,1.390803163207472
"why top-up credit grab pay with credit card always unsuccesfull,,,???",grab_reviews.csv,5,positive,positive,0.9950674254905205
It wont let me change the email address. Very frustrating.,foodpanda_reviews.csv,1,negative,negative,0.47965045976874787
Can't book during rush hour,grab_reviews.csv,1,neutral,neutral,0.9654841858103871
The food quality resturants deliver throught foodpanda is too bad,foodpanda_reviews.csv,1,negative,negative,0.8923965692436022
is awesome.But will be great if can choose the grab car or grab taxi.☺,grab_reviews.csv,5,positive,positive,1.364883202318828
Worst apps ever. Scammer company,foodpanda_reviews.csv,1,negative,negative,2.1254018094538694
GRAB ANJING......,grab_reviews.csv,1,neutral,neutral,1.6346925830702779
Simply perfect,foodpanda_reviews.csv,5,positive,positive,1.1773270167064742
I am waiting my order. But my order is cancelled . Very bad. I am hungry,foodpanda_reviews.csv,2,negative,negative,1.4124810689402674
Bobo management,grab_reviews.csv,1,neutral,neutral,1.0551527959649598
Foodpanda icon is missing suddenly. Not sure what happened.,foodpanda_reviews.csv,1,negative,negative,0.21512441541521987
Cheap service . After wait of more then 1 hour they said your orfdr order has been delivered but I didn't receive my order what a poor service,foodpanda_reviews.csv,1,negative,negative,0.05877324925624272
"tibatiba peta hilang sendiri, daftar menu juga kadang hilang tbtb",grab_reviews.csv,1,neutral,neutral,0.9115592275904209
Just because I had a bad review they keep removing the review I put in. This app is poorly designed that prevents people from complaining,grab_reviews.csv,1,negative,negative,0.9438827573599866
Good work app,foodpanda_reviews.csv,5,positive,positive,2.3774914358308497
Awesome food delivery apps,foodpanda_reviews.csv,5,positive,positive,0.9385905135770181
Modul de filtrare mi se pare mai putin user friendly si observ acum ca exista taxa de livrare la orice comanda,foodpanda_reviews.csv,2,positive,neutral,0.5156621363247483
Very much satisfied. Good app for food lovers.,foodpanda_reviews.csv,4,positive,positive,3.1926842429085616
Driver nya azzuuu brengsek,grab_reviews.csv,5,neutral,neutral,0.923536602443408
Everything is overpriced its better if I buy the food myself,foodpanda_reviews.csv,1,positive,positive,0.32642068959632087
"quick,easy and acceptable price",grab_reviews.csv,5,positive,positive,1.435527815140561
Thanks for the services,grab_reviews.csv,5,positive,positive,1.836010242160287
❤️❤️❤️😊💯,foodpanda_reviews.csv,5,positive,positive,2.4380496171038466
Very good 👌👌✌👍👍,grab_reviews.csv,5,positive,positive,3.6433306087504915
It is the best and will recommend to everyone to use their services,foodpanda_reviews.csv,5,positive,positive,1.7128715412707687
"Terrible experience, expensive charges, the promo code does work, I have filed several reports, no improvement. Customer service is waste of time",grab_reviews.csv,1,negative,negative,3.1253688993449447
This is bad,foodpanda_reviews.csv,1,negative,negative,3.930765454606045
UaaAaAAAAAAAAAAAAefsur isyu,foodpanda_reviews.csv,5,neutral,neutral,1.1048943246954561
Ga bisa pakai linkaja otomatis bintang 1,grab_reviews.csv,1,neutral,neutral,1.3478311135678709
It's my first time using grab app and It's great and convenient.,grab_reviews.csv,5,positive,positive,1.0719600082122438
Food panda customer service is very rude. i asked him to resolve the issue of my canceled order immediately and he asked me not to look for problems. is that your attitude as a customer service.why is it too long to get my money back.,foodpanda_reviews.csv,1,negative,negative,1.4453301726113437
Nice ফুডপাণ্ডার হেল্প সাইট রেসপন্স খুব সুন্দর খুব দ্রুত সমাধান পাওয়া যায় আমি আজকে এটা সমাধান পেলাম এজন্য ফুটপান্ডা কর্তৃপক্ষকে ধন্যবাদ,foodpanda_reviews.csv,4,positive,positive,3.9765487178690195
Prompt delivery,grab_reviews.csv,3,neutral,neutral,0.9490374434212324
Titik lokasi tdk sesuai dan geser ketika order. Padahal sebelumnya baik2 aja.,grab_reviews.csv,3,neutral,neutral,1.6127818214688476
Verfy susah tolol,grab_reviews.csv,1,neutral,neutral,1.0246613079839593
""" //////lll",foodpanda_reviews.csv,5,neutral,neutral,0.9804237473731073
"I got a ""shareloveid"" promotion code from my notif but i couldn't use it",grab_reviews.csv,1,neutral,neutral,1.532387211127223
"Worse experience ever. The quality of this app and their service are horrible I would happily walk and grab food for myself rather using this service. Delivery fee, time, food quality all everything needs improvement",foodpanda_reviews.csv,1,negative,negative,1.3026930259869616
useless app This app is suck,foodpanda_reviews.csv,1,negative,negative,1.6965977337492255
Pakistan zinda abad,foodpanda_reviews.csv,5,neutral,neutral,0.04721854392571956
One of the best ways to move around Singapore,grab_reviews.csv,5,positive,positive,1.638325949410388
"App got my address wrong and when I tried reordering, app says it cannot deliver to my address! I live in Makati!",foodpanda_reviews.csv,1,negative,negative,0.262824892586518
Great apps Great Food,foodpanda_reviews.csv,4,positive,positive,3.3049046884115105
Friendly and pleasant experience,grab_reviews.csv,5,positive,positive,0.6795531514316118
Like the promotions...more please,grab_reviews.csv,5,positive,positive,2.0646421420895145
Very fast and effective! Better than expect.,grab_reviews.csv,5,positive,positive,3.264686002977256
banyakin promo lagi dong,grab_reviews.csv,5,neutral,neutral,1.0320523696815918
Would be good if there was a permanent section of the app for tips. I wanted to tip but there was M1 wifi issue and I could not navigate to tip after.,grab_reviews.csv,4,neutral,neutral,0.5721278051546147
My points expire in one day and the app hasn't been letting me redeem my points in the past month the points feature doesn't work it's just there for show,foodpanda_reviews.csv,1,negative,negative,0.5053435523282175
It's very good and i liked it. Keep it up!!!!!foodpanda the great✌✌👌👌,foodpanda_reviews.csv,5,positive,positive,3.065183942316753
he is good. I.left my phone in the car. he brought back to me. honest driver.,grab_reviews.csv,5,positive,positive,0.6317439634133573
promo trus...,grab_reviews.csv,5,neutral,neutral,0.7004408377728625
Net yet😫,grab_reviews.csv,5,negative,negative,0.6748311965230469
Decent discounts. That's a summary,foodpanda_reviews.csv,5,neutral,neutral,0.6448557398138876
"Use other app instead, research about the inconvenience from other people (user and merchant) using this app and few choices",foodpanda_reviews.csv,1,negative,negative,0.1928211122713397
Satisfied..lovely app..,foodpanda_reviews.csv,5,positive,positive,2.723808107356109
The grab dricer was so late and and my food was destroyed,grab_reviews.csv,1,negative,negative,0.5278882951906929
Great serv,grab_reviews.csv,5,positive,positive,4.109296164432703
I ordered for the first time. But did not get discount using FP40 code,foodpanda_reviews.csv,1,neutral,neutral,1.7323979030835082
"We want reviews option. I can't complain if the food isn't good or something wrong with the food. Need to refund if they gave expired food. Yesterday, I got a hair on my food. I didn't find anything where I can give complain.",foodpanda_reviews.csv,1,negative,negative,1.3545343845756586
mcdo ald,foodpanda_reviews.csv,5,neutral,neutral,1.0404233474848619
ခေါင်းပုံဖျက်တဲ့ ပန်ဒါနီကို BC,foodpanda_reviews.csv,1,neutral,neutral,1.454059818924516
Its not gd,foodpanda_reviews.csv,1,neutral,neutral,1.4845869305133572
Aplikasi yg paling sering minta update...,grab_reviews.csv,4,neutral,neutral,0.8948258632351527
is on la not bad,grab_reviews.csv,1,positive,positive,1.501358495757722
"hi,saya tak boleh download grab",grab_reviews.csv,1,neutral,neutral,1.127757475884547
"Worst delivery service, they do not care how the delivery man handles the foods. Not recommended any more.",foodpanda_reviews.csv,1,negative,negative,1.151727437264828
Get to experience diffetent type of vehicles & driver personalities.,grab_reviews.csv,5,neutral,neutral,0.3246327108869118
"If you charge double price than usual for a trip, at least improve your service. Customer service is lousy. No hospitality at all. Suddenly end chat like no tomorrow",grab_reviews.csv,1,negative,negative,0.7603794832332724
Kalau lapar jangan order!Anda akan mati kebuluran. 3 jam order tak sampai,foodpanda_reviews.csv,1,neutral,negative,0.2060634869922544
"Last week ordered the food and it got delivered after 3 hrs. Same thing happened this weekend too, when food was again delayed by at least 2 hrs. Last time reason was ""some glitch in system"". This time "" restaurant was far"". What's more last week I was told a coupon will be provided as we r v sorry for late service. But when I sat down to order this week, there was no such coupon and then as mentioned above it was again late by atleast 2 hrs. Pathetic I won't order again.",foodpanda_reviews.csv,1,negative,negative,1.8392112136273813
Not working properly,grab_reviews.csv,1,negative,negative,1.9216561127830585
"mantap jiwa,menarik,dan cukup banyak promo ,lanjutkan",grab_reviews.csv,5,positive,positive,0.48964570549550634
So so hiraap,grab_reviews.csv,1,neutral,neutral,0.8950758223494119
Useless voucher in Propanda,foodpanda_reviews.csv,1,negative,negative,1.4708366165247635
Continuously increased delivery charges,foodpanda_reviews.csv,1,neutral,neutral,-0.04705482238108516
Faltu miya shob unavailable dekhay baler app,foodpanda_reviews.csv,1,neutral,neutral,0.8035206766497962
"Good job, good service! thx a lot Grab!💕",grab_reviews.csv,5,positive,positive,2.3182350759977437
I hate this driver.Now have Promo code Chinese New Year But he cheating 😡😡😡😡😡😡😡,grab_reviews.csv,5,negative,negative,3.190600351337927
"Rute yang dikasih dari grabnya ngga efisien. Masih ada rute yang lebih cepat, tapi malah dikasih yang muter-muter atau lebih jauh.",grab_reviews.csv,4,neutral,neutral,0.8930932541214455
Godbless & keepsafe to the all GRAB Riders.🙏,grab_reviews.csv,5,neutral,neutral,0.3091771052816408
Bad management.,foodpanda_reviews.csv,1,negative,negative,1.9414741244581393
"Nowonder there is not much order for the delivery guys, your apps keep saying ""opps there a problem"" i have updated the apps both grab and grabfood but when i wanted to login to grabfood it will promt the stupid words again. This apps is really useless and wasting my time. No more grab service for me bye2.",grab_reviews.csv,1,negative,negative,2.6873445978468973
Some transparency would be nice. The cost of delivery is constantly fluctuating and invalid promo codes keep being offered.,foodpanda_reviews.csv,2,positive,positive,0.22710313830422502
"Busturds,if I have to pick my foods from restaurant by myself. by ordering with your app then what the use of your app🤬🤬🤬🤬🤬??????????",foodpanda_reviews.csv,1,negative,negative,1.9808167638103544
Million times of updates,foodpanda_reviews.csv,1,neutral,neutral,0.6489713832097956
"Why I can't log in back into my grab? It always ask me to type in pin, but the pin always incorrect.",grab_reviews.csv,1,neutral,neutral,1.6739898959715755
Keren......,grab_reviews.csv,5,neutral,neutral,1.1165961669111124
Mas mabilis sa nomnom ah,foodpanda_reviews.csv,5,neutral,neutral,1.213061561181847
"App is getting bad from worse, order from different location but still keep sending to my home address",foodpanda_reviews.csv,1,neutral,neutral,0.10709813167153137
Must have food ordering app,foodpanda_reviews.csv,4,neutral,neutral,0.7059107684227529
good for delivery food,foodpanda_reviews.csv,5,positive,positive,1.9355799850382136
"Please fix your app. When I pay through card, it will say order error. When I order again and it goes through, I am charged for both orders, even if the first was an error. This happened thrice already. Disappointing.",foodpanda_reviews.csv,1,negative,negative,1.3563458888563273
Good app love it!!,grab_reviews.csv,5,positive,positive,5.512903162402136
Very bad ordering system,foodpanda_reviews.csv,1,negative,negative,1.9947815993188964
"Great app, great service",grab_reviews.csv,5,positive,positive,3.0127072294940245
Anywhere and anytime you can order you food or stuff,foodpanda_reviews.csv,5,neutral,neutral,0.3696408749667581
Good rider & fast delivery,foodpanda_reviews.csv,3,positive,positive,2.7539915674726316
"Wala Wala is a a ,,. 0,*zzz",grab_reviews.csv,4,neutral,neutral,0.893211458811616
Terrible app for ordering food. My order was cancelled twice for a reason that there is no riders available.,grab_reviews.csv,1,negative,negative,1.6782310100593993
"Bagoooss, mudah",grab_reviews.csv,5,neutral,neutral,1.2608524121973772
Incomplete order. Always,foodpanda_reviews.csv,2,neutral,neutral,0.5011231825432307
The system is stupid! Waiting for the grab car for 2 hrs and nobody pick up. Even stay at a short trip distance.,grab_reviews.csv,1,negative,negative,0.4321722867616844
"Kelakuan driver nya parah, banyak yg suka ugal2an dijalan dan ngelawan arah",grab_reviews.csv,1,neutral,neutral,0.6992917088695818
আপনাদের এড এর সোদনে কোন ভিডিও দেখা যায় না😡😡😡🤬🤬🤬🤬,foodpanda_reviews.csv,1,negative,negative,3.428012263023493
do you know what not specifically said he is going,grab_reviews.csv,1,neutral,neutral,0.1272465499790698
Brilliant and reliable,foodpanda_reviews.csv,5,neutral,neutral,0.6982263900000616
Good apps for those that always hungry.. 😆,foodpanda_reviews.csv,3,positive,positive,1.4037118890579594
Easy ana many options,foodpanda_reviews.csv,5,positive,positive,1.6891824019737702
DRIVERS HAVE BAD ATTITUDE!,grab_reviews.csv,2,negative,negative,1.4036327579192687
เอาปุ่มลบ account ออก ร้อยวันพันปีไม่เคยมี eror เกี่ยวกับหน้า interface เเอปพอเกิดเรื่องเเป๊บเดียวรีบเอาออกจัง,foodpanda_reviews.csv,1,neutral,neutral,0.5255638688066699
Easy moving,grab_reviews.csv,5,positive,positive,1.7964846108703931
Very very bad ☹️ experience with this app,foodpanda_reviews.csv,1,negative,negative,1.4783465763206394
0÷0= 0 bekar app lol .,foodpanda_reviews.csv,1,positive,positive,0.5339188507874773
Please add jazz cash or easy paisa payment...,foodpanda_reviews.csv,5,positive,positive,0.9610169294972095
"Bagus siihh.. tp gak bisa bikin multiple order kalo beda tipe, delivery sekaligus mau grab bike. Semoga bs segera ada perubahan utk multiple order",grab_reviews.csv,5,positive,neutral,0.5965252307948348
Must have if you are in thailand,grab_reviews.csv,5,neutral,neutral,0.768555261442827
I can't use the maps properly and its really hard to tag my location because the GPS isn't accurate. Please fix it.,grab_reviews.csv,2,negative,negative,0.6949313709161409
Functionality is ok. Lower rating is given due to unreliability and connection issues during busy hours in heavy traffic area. The popup window to advertise for Grab Pay topup is annoying as the window stays on the screen blocking the map. Hope they do some thing abiut this,grab_reviews.csv,3,negative,negative,1.0742628677290056
very useful and helpful for my life!!!,grab_reviews.csv,4,positive,positive,1.6994233399073317
"Lately, whenever i place order it doesn't process and say error occurred.",foodpanda_reviews.csv,1,negative,negative,0.49492281689112727
enjoy using grab. the driver is so friendly.,grab_reviews.csv,5,positive,positive,1.8749715082039955
User friendly with regular discount offer,foodpanda_reviews.csv,5,positive,positive,0.7527127014046624
It is the best app i have ever used for house wife it is best,foodpanda_reviews.csv,5,positive,positive,2.0359629329938214
My favourite mansehra hotel lahore pakistan,foodpanda_reviews.csv,5,neutral,neutral,0.8252648105270438
Its good.We get food of our coice at home,foodpanda_reviews.csv,4,positive,positive,1.5256958288543048
Best and efficient food apps ever,foodpanda_reviews.csv,5,positive,positive,1.6431543049230684
Delivery and quality of food is poor.,foodpanda_reviews.csv,2,negative,negative,1.115078776123326
Very slow very slow....not good,foodpanda_reviews.csv,1,negative,negative,3.3524532352045093
"Excellent Apps 👍, very helpful",grab_reviews.csv,5,positive,positive,3.177090490063944
Very bad wastage of money and time,foodpanda_reviews.csv,1,negative,negative,1.7916908504196085
99 th anniversary,foodpanda_reviews.csv,5,neutral,neutral,0.8421099212095684
not bad😄,foodpanda_reviews.csv,5,positive,positive,2.293018071153212
Pin location issue. Unbale to pin location. My location is not included in map.,grab_reviews.csv,1,neutral,neutral,0.573562026216168
Very awful and disgusting delivery services i will never recommed food panda for delivery orders,foodpanda_reviews.csv,1,negative,negative,1.8840926980797508
Grab servis nya sangat baik kerna pemandu nya baik budi pekerti dan peramah tapi ada segelintir pemandu terlalu cerewet kadang alasan kawasan jauh terus disuruh dibatalkan yg menjadi mangsa ada penumpang yg terpaksa membayar denda.harap perkhimatan Grab lebih byk lagi pemandu so friendly and caring .most of driver who pick me am so satisfied cause most of them are very polite and caring.most of them am always gave them five star due to best service that all thank you,grab_reviews.csv,5,positive,positive,1.249738454624204
why cant i download it,foodpanda_reviews.csv,1,neutral,neutral,1.0894835792727684
My name tygllj,grab_reviews.csv,2,neutral,neutral,1.1487656435969238
Exellent app .,foodpanda_reviews.csv,5,neutral,neutral,1.0088432470773538
Sering dapat driver yang Jarak driver terlalu jauh dengan lokasi dan sangat mengecewakan tentang kasus calon mitra disabilitas,grab_reviews.csv,1,neutral,neutral,0.7567682583268208
these apps are deceptive. they offered a 10k grab ride award. the description clearly explains the absence of a limit on the order price in order to get the 10K. but in the end I still paid according to the price without discount. the funny thing is .. they call center told if i had earned. but priced at 1k rupiah.,grab_reviews.csv,1,neutral,neutral,-0.05765830311138842
Hirap nmn download,grab_reviews.csv,3,neutral,neutral,1.3003936201576332
Voucherssss,foodpanda_reviews.csv,5,neutral,neutral,1.3247604809360145
Tidak ada tampilan promo yang sedang berlangsung,grab_reviews.csv,1,neutral,neutral,0.9001542531901494
Membantu sekali,grab_reviews.csv,5,neutral,neutral,1.488657490434288
Mariarowena,foodpanda_reviews.csv,5,neutral,neutral,1.0186793349239975
Serviciu clienti de toata jena. Comanda livrata dupa 3 ore. Cel mai prost delivery (in Craiova cel putin),foodpanda_reviews.csv,1,neutral,neutral,0.9909595427750899
"When I clicked on the payment page, then just gave me a completely empty gray page. The add a credit card function also doesn't work.",grab_reviews.csv,1,negative,negative,0.47665532528903687
Taga kayo maningil,grab_reviews.csv,1,neutral,neutral,0.89607756709465
Maasahan,grab_reviews.csv,4,neutral,neutral,1.1189109243050628
"Everytime , i was experiencing something not good about the grabfood you will only discuss how can i have my refund etc. But you don't really apologize for the inconvenience you've cause. That's why, i kept using the other apps to order. You think my only concern is my refund and points. I'm starving rightnow and it pissed me off. I'm waiting for my food for almost 2hrs and you will only inform me how can i get ny refund. 👎",grab_reviews.csv,1,negative,negative,0.7777625098460348
"Excellent app, thank youuuu♥️",foodpanda_reviews.csv,5,positive,positive,2.4757651843784725
Bad experience when come to complain n refund....,foodpanda_reviews.csv,2,negative,negative,1.766145007245588
Very frustrating app. Bad interface. Drivers cancel all the time and cannot be punished for this,grab_reviews.csv,1,negative,negative,2.336838213588767
It very handy application for this covid-19. I 🥰it soo much man the best local food delivery in the 🌏 🏅,foodpanda_reviews.csv,5,positive,positive,1.6607146321576034
very 👍👍 nice,grab_reviews.csv,5,positive,positive,6.5819322771296305
I think it is terrible that are 3 cars nearby and none of them accepting our book,grab_reviews.csv,1,negative,negative,0.9755167279180381
suka keluar dr pesanannya sehingga driver tidak bisa dilihat lokasinya dan contact nya,grab_reviews.csv,1,neutral,neutral,1.224169817617388
Customer Service is very bad. Ordered food and it arrived after 1 hour and 25 mins. Can't contact the restaurant nor the rider.,foodpanda_reviews.csv,1,negative,negative,0.9889142891837257
it is very bad app,foodpanda_reviews.csv,1,negative,negative,3.518313807825954
"The app said it will take them 51 mins for the delivery. After an HOUR and 30 mins., it STILL stated that the ""order has been made"" and yet to have ""the restaurant is preparing your food."" And worst, they said it will take ANOTHER HOUR to deliver the food... The MOST disappointing of all is that cancellation CANNOT be processed! Never using this.",foodpanda_reviews.csv,1,negative,negative,1.5268273255604745
poor and not recommended,grab_reviews.csv,1,negative,negative,1.882600234529208
They don't inform that they are not gonna deliver your order. they just keep u waiting for 2-3 hours and keep saying that your order is gonna be late then at last they cancel your order .have very bitter experience 3 times,foodpanda_reviews.csv,1,negative,negative,0.23985911530126636
Aps keep loading and couldn't get through to make an order..😡😡😡😡😡,foodpanda_reviews.csv,1,negative,negative,1.9920682019612008
Giatay di man ko ka log in uyyy unsaon man gamit ana?,grab_reviews.csv,1,neutral,neutral,1.170739279079095
tiap hari naik grab tapi jarang dapet promo,grab_reviews.csv,2,neutral,neutral,1.8667122013858015
"Fe,2 &%&3ct2",foodpanda_reviews.csv,3,neutral,neutral,1.0699393818561196
Good but sometimes delivery is so wrong 😵😵,foodpanda_reviews.csv,5,negative,negative,0.2757182681198489
Last update is very poor. Can't access.,foodpanda_reviews.csv,1,negative,negative,1.4734113389420842
It will generated automatically order,foodpanda_reviews.csv,2,neutral,neutral,0.06797891079152141
Reliable night delivery,foodpanda_reviews.csv,5,neutral,neutral,0.6197620051704482
So many errors. Taken out the seal previously had now my food always gone missing also no compensation. Make me feel bad for making people watch the rest eat while waiting for re-order food,grab_reviews.csv,1,negative,negative,1.75939206965564
"hanya dgn order , bayar dan makan.",grab_reviews.csv,5,neutral,neutral,0.9852263075104529
"worst,bad,rasis",foodpanda_reviews.csv,1,negative,negative,5.312617499816097
When I am hungry I think of #foodpanda,foodpanda_reviews.csv,5,neutral,neutral,0.4827476791725387
Very bad service.. My order i haven't receive.. 👎👎👎👎,foodpanda_reviews.csv,1,negative,negative,3.754549074441061
The service is great.,grab_reviews.csv,5,positive,positive,2.0355157884777197
Ang sad lang bawal mag pay ng 500+ pag cash on delivery,grab_reviews.csv,3,negative,negative,0.6232278054998641
Very Useful and easy to operate this app,foodpanda_reviews.csv,5,positive,positive,2.618714923513674
"Im not eligible for this irregular activity detected in my account ... but, I never did that irregular activity",grab_reviews.csv,1,neutral,neutral,0.8768018320583785
I try everything to put my credit card in the app para ma varify ang booking ko and did everything in order .but error siya may laman ang card ko bakit ayaw. It's a waste of time .. Sayang naman ang pag install ko ey unstall ko nalnag ulit to.,grab_reviews.csv,1,negative,negative,0.43057347924681943
"Your app loading 10mins after update? You dont fix the bug, you just making it worse",foodpanda_reviews.csv,2,negative,negative,0.5039236244785417
"Stupid app, instead of just updating the stores as ""closed""... They will make you wait for 20 minutes before the app cancels your order.",grab_reviews.csv,1,negative,negative,0.9844652457895062
It is not showing restaurants,foodpanda_reviews.csv,1,neutral,neutral,1.3593025525463207
Quite user friendly app. Nice interface n lots of tuneups with local restaurants.,foodpanda_reviews.csv,4,positive,positive,1.6154958477407189
"Foodpanda offers very efficient services. They always provide customers with amazing deals and discounts from surrounding restaurants available in the designated areas. No hidden costs, timely deliveries and great quality food is the USA of Foodpanda.",foodpanda_reviews.csv,4,positive,positive,0.957980987831416
Thai types of types of shop,foodpanda_reviews.csv,5,neutral,neutral,0.9253764464188601
Very very very poor service and really disappointing. They keep you on waiting for 2 to 3 hours and then they ask you to cancel the order. I just hate this app.,foodpanda_reviews.csv,1,negative,negative,3.4305234708889096
THE SERVICE IS FAST AND SO NICE TO ME,foodpanda_reviews.csv,5,positive,positive,1.7328987740265382
Grab memanga mantab,grab_reviews.csv,5,neutral,neutral,1.078964680580628
your maps suckss!!!!!,grab_reviews.csv,1,neutral,neutral,0.3949891825314762
report berkenaan order salah langaung tak ada respon,grab_reviews.csv,1,neutral,neutral,0.6517006960893936
good exprience,foodpanda_reviews.csv,5,positive,positive,1.8912603789439466
@anokitchen16,grab_reviews.csv,5,neutral,neutral,1.6209123867839157
Very disappointed with the kind of service spicific in booking... Hard and delayed.. and also hard to re register,grab_reviews.csv,5,negative,negative,1.5572929366832682
"So apparently these guys will cancel your order, they will steal your monthly free deliveries and then when you reach out to support they just send you the canned responses. What a joke.",foodpanda_reviews.csv,1,positive,positive,0.1651851299268372
Reliable mode of transportation and payment options.,grab_reviews.csv,5,neutral,neutral,0.08226851065988572
Horrible UX decision to ask for location permission just to launch the app. What if i just wanted to check past transaction? F U,grab_reviews.csv,1,negative,negative,0.3819404588908082
Usefull app in delivery,foodpanda_reviews.csv,5,neutral,neutral,0.8173947871736821
Could not use app as i chose a country where I live in and it set the language automatically. I dont speak that language and there is no option to select another one. Useless on trips,foodpanda_reviews.csv,1,negative,negative,0.6573942887903166
"nice"" easy deliver lang, order na kayo,",grab_reviews.csv,5,positive,positive,1.817894981267764
Good one..!,foodpanda_reviews.csv,5,positive,positive,3.071795520933989
Thank u love this,grab_reviews.csv,5,positive,positive,3.6345743969386906
Great service...better than the other one nowdays,grab_reviews.csv,5,positive,positive,2.002975005921688
the service is good and they were on time,foodpanda_reviews.csv,4,positive,positive,1.0718067626828571
The services have gone down to the status of a local bar ..orders are 2hrs late and the live chat system is the worst ever,foodpanda_reviews.csv,1,negative,negative,1.8294708140903517
soo good drivers,grab_reviews.csv,5,positive,positive,1.5283452804235738
Food panda to Best h pr kuch aysy restaurant h Jo home restaurant bany huy h bohat hi bad zaika Khana h ..... first time ka order bohat hi acha h noman restaurant ka tha 2nd time kesy ghr ka tha bohat hi bakwas......🤮,foodpanda_reviews.csv,5,negative,negative,0.20198317903497642
nice app and service!! higjly recommended!! if you're tourist to avoid being scammed by the local Taxi!,grab_reviews.csv,5,positive,positive,-0.10112216764342619
Easy ❗❗👍👍👍👍,grab_reviews.csv,5,positive,positive,2.3852418993562994
Menganiaya rider pui,foodpanda_reviews.csv,1,neutral,neutral,1.7116843754561406
App does not provide search according to rating.,foodpanda_reviews.csv,2,neutral,neutral,0.17072411448461766
"Aplikasi nya jelek, pas mau log in di minta kode GAK DI SEND, sampe 6x juga gak di send.",grab_reviews.csv,5,neutral,neutral,1.0656964559082303
5 start bcz I'm dependant on them,grab_reviews.csv,5,neutral,neutral,0.9496064577002352
great apps very helpfull thanks a lot,grab_reviews.csv,5,positive,positive,3.2093732874563807
TAILONGLOCK7,grab_reviews.csv,5,neutral,neutral,0.8311330060464266
"Great app to order food, get rides and many other things. One of the best one-stop apps. :)",grab_reviews.csv,4,positive,positive,2.8170358361864594
It's been more than an hour and no communication at all from the vendor or FP team. Pathetic management overall. Atleast provide the number of the vendors so that customers can contact.,foodpanda_reviews.csv,1,negative,negative,0.9248001685450786
Kepala jimbit laa aku urgent nak guna time tu la semua tak boleh bak pickup. Busy pe jadah. Dok berlonggok dekat tbs tu buat apa. Pergi la cari cust. Bodoh,grab_reviews.csv,1,negative,negative,0.3957942282625271
"Driver tak bertanggungjawab, mana ada kereta Honda city lepastu kata alasan waze rosak. Dah tunggu lama kot, kalau aku tak call dia buat tak tahu. Nak tunggu dia cancel booking lagi kalau aku yang kena charge. Tolonglah Grab perbaiki driver kamu.",grab_reviews.csv,1,negative,negative,0.18418582363805913
"Very poor experience bcuz it only displays the nearby restaurants in the account, they should deliver according the region or minimum 25km area.",foodpanda_reviews.csv,2,negative,negative,0.6969951090896123
Your app sucks,grab_reviews.csv,1,negative,negative,2.1453123382810446
"Aplikasi semakin sering minta update,tp malah sering error pula. Not good!",grab_reviews.csv,4,negative,negative,1.0386483105209967
luxury and easy,grab_reviews.csv,5,positive,positive,2.061776230439479
Was in much pain after back injury . the GRAB driver was so considerate and allowed me to take my time ..getting in and out of vehicle . Very worthy great Grab Driver 👍👍,grab_reviews.csv,5,positive,positive,2.2602968825858154
Luv it 💕,grab_reviews.csv,5,neutral,neutral,1.0593562287464573
It was the worst experience ever.. Charged a lot for delivery.. Very disappointed,foodpanda_reviews.csv,1,negative,negative,3.3648488842713813
"Bad review. Never check properly before asking users to update. After updated the apps, the apps exit and crash again and again.",foodpanda_reviews.csv,1,negative,negative,0.9401770900823787
Ontime in everythinG,grab_reviews.csv,5,neutral,neutral,1.0308680057554935
i cant even order food because i dun even have that part to order food.,grab_reviews.csv,1,neutral,neutral,0.21307869614426478
I think better best is grab we like him,grab_reviews.csv,5,positive,positive,3.7475051667187174
coupons doesnt work,foodpanda_reviews.csv,1,negative,negative,1.5333797804124147
Keep suppourt,grab_reviews.csv,5,neutral,neutral,0.9001251314326149
thanks for your good sevice,foodpanda_reviews.csv,5,positive,positive,3.4118624468010053
"Hi, I personally like the Grab, its safe and fast for much better than anything else..",grab_reviews.csv,5,positive,positive,2.845101694445379
Horrible takes forever and won't let me log in with my phone number i hate this so much always forgets straws napkins they don't give change the food i always melted or cold cuz they take forever,foodpanda_reviews.csv,1,negative,negative,1.760935678076224
"sejak update susah kasih bintang ke driver nya untuk grab car kasian itu pengemudinya ,sering eror nih aplikasi",grab_reviews.csv,4,neutral,neutral,0.8160282930740707
Supir grab mengantar barang ke rumah. Tapi mendadak meminta di trf kan OVO / menggunakan BCA. Untuk beli bensin katanya. Perilaku seperti ini menurut saya tidak sopan. Karena bagaimana pun cust itu client. Dan kita orang asing.,grab_reviews.csv,2,neutral,neutral,0.76038258846172
Flow is really bad. Edit order is invisible..,foodpanda_reviews.csv,1,negative,negative,0.9179470792948798
PAS UPDATE GAK BISA LOGIN,grab_reviews.csv,1,neutral,neutral,0.9318114948779014
tang ina kang hayop ka,foodpanda_reviews.csv,1,neutral,neutral,1.1209165989685408
The amount of ads on this app is dystopian.,foodpanda_reviews.csv,1,neutral,neutral,0.7111310676460361
Don't have used it back,grab_reviews.csv,1,neutral,neutral,1.0556948629822434
the best app of all time! 100% reliable and safe!,grab_reviews.csv,5,positive,positive,2.0997910942430993
Great to use the App Store for delivery,foodpanda_reviews.csv,5,positive,positive,1.3134909265698085
"Just downloaded, not happy with selected method payment only",grab_reviews.csv,1,negative,negative,0.5049701233368249
"Unpleasant experience, if u got spoiled food, Grab refused to compensate ""for the taste and smell issue, sorry to inform you that due to limitations to verify the quality and smell of the food online, we are unable to proceed with any refund."" So, they want u enjoy the spoiled or rotten food anyway or no compensation provided",grab_reviews.csv,1,negative,negative,0.9447847911883658
Very good. Excellent,grab_reviews.csv,4,positive,positive,5.258713818869026
"I saw a post in social media from a vendor in foodpanda. Kahit ginagamit ko to to order food but I have to uninstall this app because I just hate what I read. Hindi na kayo naawa. Kung oorder man ako sa inyo tapos halos wala na palang profit yung vendor nyo, wag na lang. Haysss uninstall na this bye! You do not deserve that 4 stars. Kung may 0 star lg eh!",foodpanda_reviews.csv,1,negative,negative,0.039822392165709486
"Very easy and helpful app... User can have a nice and safety ride with affordable price... For your input please fix the pickup location using pin point... The Result pin point not the same between the maps n location app (always move far away), thanks",grab_reviews.csv,5,positive,positive,2.1879185158276506
Good services .,grab_reviews.csv,5,positive,positive,2.761665740957783
The app is fine. The main problem is the reach of the restaurants. What's the point of giving adverts for restaurants that dont deliver to you. It's even more ridiculous when the restaurant will deliver to you if you call them directly but on food panda you will be told they don't deliver to you. The logic is stupid. Restaurants that are within reach simply state they dont deliver or are too far when that is not the case. It makes using the app pointless if you are limited to a few restaurants.,foodpanda_reviews.csv,2,negative,negative,1.382309543720023
The app is good but the riders are very inconsiderate with the quality of order and logistics. Always accepts multiple orders w/c it would take time for your order to arrive. Bad logistics promises. Unrealistic ETA Inconsiderate riders,foodpanda_reviews.csv,1,negative,negative,0.014586588142022183
"Overall a good app to have, was happy with it until I encountered the driver of SHB4679K that arrived and knowingly left with another passenger without notifying me at all. According to him, Grab Taxi drivers are not obligated to call the customer upon arrival & have the right to leave without a word too. The driver even told me to take it up with customer support if I had any issues. No response from customer support to date, no wonder the driver was so smug.",grab_reviews.csv,3,positive,positive,0.8612723408724687
Excellent service Very good experience Well manner delivery,foodpanda_reviews.csv,5,positive,positive,1.6060017859854125
Best food delivery experience so far ❤️,foodpanda_reviews.csv,5,positive,positive,3.475146907338303
good job foodpand!,foodpanda_reviews.csv,5,positive,positive,2.125108724053609
wonderful service by rider,grab_reviews.csv,5,positive,positive,0.3721810475886287
Menyebalkan masa alamat yg saya cari kga ke temu temu buang buang waktu saya aja,grab_reviews.csv,1,neutral,neutral,1.1539894773198076
"Upgrade system, still been loading too muchh and error ..",foodpanda_reviews.csv,1,neutral,negative,-0.07710023316681336
"Bad apps ! 4th times my order auto cancel, and untill now my money still not refunded.",foodpanda_reviews.csv,1,negative,negative,1.2462400897847794
accessable to buy ready made food(s)...,foodpanda_reviews.csv,5,positive,neutral,-0.1592210205606599
"More promo, better.",grab_reviews.csv,5,positive,positive,3.0888830306000887
easy to use and customer service is great,foodpanda_reviews.csv,5,positive,positive,2.823046307429351
"no issue, smooth easy to use",grab_reviews.csv,5,positive,positive,3.987811623663723
Terbaeks,foodpanda_reviews.csv,5,neutral,neutral,1.0242492871050057
I love it! For my free order i have free delivery and less of 75 pesos. Thank you!,foodpanda_reviews.csv,5,positive,positive,2.86880971905805
Lagi ako npapagastos sa app na toh. Hahaha 1 star ka lang lodi,grab_reviews.csv,1,positive,neutral,0.08381829957742437
"thankyou, mudah digunakan, suka kasi diskon.",grab_reviews.csv,5,neutral,neutral,0.6440381410659617
Simple and easy to use. Allows contactless delivery during covid19 situation.,foodpanda_reviews.csv,5,positive,positive,0.7905591287937532
"Perkhidmatan yang memudahkan kami disamping memberi sokongan kepada rider-rider yang mencari rezeki. Meskipun adakalanya berlaku sedikit kelewatan, itu adalah lumrah. Cuma Quality makanan yang kurang memuaskan dari sesetengah kedai, itulah yang mereka perlu penambahbaikan.",foodpanda_reviews.csv,5,neutral,neutral,0.6620716277676365
Food quality👎,foodpanda_reviews.csv,1,negative,negative,1.6626689689886196
Worst app ever👎🏿,foodpanda_reviews.csv,1,negative,negative,3.529407144101984
Bad experience with this app.... phly sahi tha bad may ahista ahista shops kam hoti gai jo resturants achy thy wo ab aatay nhi is may,foodpanda_reviews.csv,1,negative,negative,1.0338782922470142
Nice food and quick service provider..,foodpanda_reviews.csv,4,positive,positive,1.220202611810149
Perbanyak promonya!,grab_reviews.csv,4,neutral,neutral,1.6857979178047917
My notification always cant see. it blank,grab_reviews.csv,1,neutral,neutral,1.0971277653280664
Bad cs !!!!,foodpanda_reviews.csv,1,negative,negative,4.016501294845373
Always quicker,grab_reviews.csv,5,neutral,neutral,0.5991575009989382
I don't know why locations don't show up on my phone.,grab_reviews.csv,2,neutral,neutral,1.1683585267361585
WAJIB memberikan APA yang jadi haknya driver jangan di untit,grab_reviews.csv,1,neutral,neutral,0.8663667118623942
Super panda and move on pula of the day Erume on on,foodpanda_reviews.csv,5,positive,positive,0.4150780788562194
easy for food,foodpanda_reviews.csv,5,positive,positive,2.014377310282981
Operatornya tidak bisa dihubungi,grab_reviews.csv,1,neutral,neutral,1.2850158184769978
"Been using this even before the pandemic started, but our ordering food for delivery has increased since the pandemic and Foodpanda has always been my favorite! Fast and easy navigation, updated tracking of order and good list of stores. Thanks Foodpanda for making our life a easier and safer.",foodpanda_reviews.csv,5,positive,positive,2.3427167957682977
I have nothing to asked for!!!,foodpanda_reviews.csv,5,neutral,neutral,0.8808909780823347
Very bad🤥🤥,foodpanda_reviews.csv,1,negative,negative,1.8345144986980473
very useful app. can book car and taxi ryt away,grab_reviews.csv,5,positive,positive,0.7708690318049423
"Selalu ada masalah apps. Nak berhubung dengan rider pakai no fon bukan melalui apps, tidak menjadi private. Makanan lambat dpt, salah hantar mkn tak ada refund k apa, apps teruk sgt ada glint. Sekarang ramai vendor dan rider mengadu food panda aniaya tak bayar duit yang sepatutnya dan rupanya jarak perjalanan rider bukan ikut jalan 'displacement' atas map bukan 'distance' jalan. Better uninstall je apps ni. Dah lama uninstall dan unsubscribe email.",foodpanda_reviews.csv,1,negative,negative,0.19954139042549524
Cash on delivery payment option haven't seen on my foodpanda app.,foodpanda_reviews.csv,1,neutral,neutral,0.534888588209451
Card payment does not work!,foodpanda_reviews.csv,1,positive,positive,-0.08238968017570669
"banyak promoooo apalagi grabfood, beuuuh cocok buat anak kost daah",grab_reviews.csv,5,neutral,neutral,1.045687536893936
When I set my map location I cannot see any restaurant.,foodpanda_reviews.csv,1,neutral,neutral,1.2676302475294627
Very convenient and they have nicest drivers,grab_reviews.csv,5,positive,positive,0.12173517005656076
Very innovative app and usefull buat yg laper tp ngga sibuk,foodpanda_reviews.csv,5,positive,neutral,-0.10205261884928785
At first it was a good and great service for almost 2 years im using it through out this pandemic but this past few days it made feel disappointed because my orders are always cancelled. I didnt know what happened. It really pis off,foodpanda_reviews.csv,1,negative,negative,0.625160536840724
Hello sir,foodpanda_reviews.csv,5,neutral,neutral,0.93149263312638
"Very satisfied, all driver of grab are very accomodating at magalang safe mag drive .",grab_reviews.csv,5,positive,positive,1.3563202407250297
Rider are so confused,foodpanda_reviews.csv,3,negative,negative,0.455850540000748
Worst experience ever....I install this many times and den uninstall because no coupon shud be reddemed even once....dey knw only advertisement more n more..bt no consumer policy..hated it,foodpanda_reviews.csv,1,negative,negative,1.5270733446711535
"Just gonna UNINSTALL it right now!! Its really weird that it says ""we are not in your area yet"" like seriously??? I've ordered alot of times before but now it is just blank not showing me any restaurants not even in the pick-up option 🙄",foodpanda_reviews.csv,2,neutral,neutral,0.5707669055815853
Jangan dikurangin PROMONYA dong kak....kode promonya sekarang semakin sedikit ih,grab_reviews.csv,5,neutral,neutral,1.1523802479027112
My Paylater is not working since last evening. Called your cust care and they said that there are some maintenance work for Paylater. He advised to restart my device at 1130pm last night. I restarted my device this morning and still had issues. I looked into playstore for a latest update and was unable to find any. Clicking on the notification to update in the app is leading me an external site for installation. Open in playstore link shows an error. My cust journey so far is terrible.,grab_reviews.csv,1,negative,negative,1.4854237364333902
Usless and time wasting app. The riders do not come on time. They show you that they will come within 20 minutes But they did not come upto 3 hours. And almost everytime at the end they will tell you that your order is cancelled. They wasted a lot of time of me and my other fellows today. Totally a time waste app....,foodpanda_reviews.csv,1,negative,negative,0.9073695970112716
Difficult to give rating,foodpanda_reviews.csv,3,negative,negative,1.886546428840517
I wish I could give you 0 star for horrible service do not deal with these thievs they just rob your money from you I ordered something from them and they send me wrong item with spilled food that is how they treat their old custormers never order with foodpanda,foodpanda_reviews.csv,1,negative,negative,1.3157206384156095
wonderful discounts♥️,foodpanda_reviews.csv,5,positive,positive,0.46694116014710674
still counting the days..grab says 2 days fory acc to be active..but nope..i mean customer service suck...rather then saying 2 days..why wont they just say its gonna be active this week..easy rather them your not sure..but. asume its gonna take 2 dayss,grab_reviews.csv,1,neutral,neutral,-0.11359882984726966
Good efisien.,grab_reviews.csv,5,positive,positive,1.5265829956573678
Scammazzzz,foodpanda_reviews.csv,1,neutral,neutral,0.8455760607340933
"I Never Order Food From *Food Panda*. While I was ordering to the food,I used Voucher code and it shows Invaild & is for New Costumers. I was also New Costumers with new email & Phone Still the code didn't work. I will never ever recommend This app to Anyone.Instead If downloading,I will ask to rate you by 1 star.😠😠",foodpanda_reviews.csv,1,negative,negative,1.7915094947480759
Why I can't use that promocode,foodpanda_reviews.csv,1,neutral,neutral,1.08490729299189
Buat apa promo 50% kalau promo nya ngak bisa dipakai. Bukan cuma Kali ini sebelumnya juga. Harus mengikuti jam udah di tunggu pas jam nya promonya tetep gak bisa dipakai.,grab_reviews.csv,1,neutral,neutral,0.8573027774974834
Good app nice interface,foodpanda_reviews.csv,4,positive,positive,3.1137974788236003
Excellent channel for learning and fun too,foodpanda_reviews.csv,5,positive,positive,1.8313218085318306
Bast of choice,foodpanda_reviews.csv,5,neutral,neutral,0.7392467176287283
"If you use money from your card and you try to book a ride but get cancelled by the driver, it'll deduct the amount that you were supposedly going to pay to the driver, thereby stealing money from you. This mechanic is stupid.",grab_reviews.csv,2,negative,negative,1.4768157484794027
I use to order from foodpanda but having worse expirence they are going day by day,foodpanda_reviews.csv,1,negative,negative,0.36031939172976535
Food panda is good and does what I want and it is easy to use,foodpanda_reviews.csv,5,positive,positive,1.1795028655537256
Terrible delivery service! Never on time food arrives cold and when you complain they basically don't care! Terrible service still! No apologies at Al!,foodpanda_reviews.csv,1,negative,negative,2.0720319022834834
but GPS may be inaccurate at times,grab_reviews.csv,5,neutral,neutral,1.4473919600446739
Against empolyee rights.,foodpanda_reviews.csv,1,neutral,neutral,0.8304999628814868
"WORST APP, WORST SERVICE HAD TO WAIT 2 HOURS FOR FOOD TO ARRIVE AND WORST CUSTOMER SUPPORT STAFF!!!",foodpanda_reviews.csv,1,negative,negative,2.182169108099741
rate to 5star,foodpanda_reviews.csv,5,neutral,neutral,1.2850024200241335
Nice delvery,foodpanda_reviews.csv,5,positive,positive,3.2451049940670345
Delicious and affordable price. I love to repeat order,foodpanda_reviews.csv,5,positive,positive,1.5775708900027114
first time i use grab...great experience.i will use this service this again,grab_reviews.csv,5,positive,positive,1.208887362461614
"ok all good, but i cannot get my coin, why is that?",grab_reviews.csv,5,neutral,neutral,0.41642722375048
I really love this app😍❤,foodpanda_reviews.csv,5,positive,positive,3.1809864540823805
Ayus na ayus to,foodpanda_reviews.csv,5,neutral,neutral,1.2601518056574428
keep asking for update even after updayed and cant b use for request car .,grab_reviews.csv,2,neutral,neutral,0.8050883559955211
Faltu service Khabar order korar por item missing and ami aaj duita restaurant a khabar order korar 1 ghonta wait korar por amr order cancel kore dewa hoy.. aita kmn service,foodpanda_reviews.csv,1,negative,negative,0.14908240319182742
"Only cancel the order after I wait for 1 hour, disappointed",grab_reviews.csv,1,negative,negative,2.0195736128651833
Terimakasih dan bermanfaat,grab_reviews.csv,5,neutral,neutral,1.2445627586461556
Dissapointed with the apps!,foodpanda_reviews.csv,1,neutral,neutral,0.41296734786240763
#!২( 🎙 🎙🎻 🖥📣☎📲☎🎤📻📻📞,foodpanda_reviews.csv,2,neutral,neutral,0.36630307735702483
Nice foood app,foodpanda_reviews.csv,5,positive,positive,1.9397502254620258
Aplikasi yang bermanfaat ditambah dengan diskon yang menarik,grab_reviews.csv,5,neutral,neutral,0.9259028197518474
easy to use and had a lot of discounts,grab_reviews.csv,5,positive,positive,0.9329751849602481
Meinay inhy 370 Rs diye thy or inho NY mujhu delver nahi kiya or pese bhi wapas nahi aye I hate food panda mere pass kha gya,foodpanda_reviews.csv,1,negative,negative,-0.04173128753386979
Easy to use n great service by Foodpanda,foodpanda_reviews.csv,5,positive,positive,2.790058750774608
Worst app i wait for my beverage to long,grab_reviews.csv,1,negative,negative,1.9447147557976572
"I can't install Grab 😔 I used to have this on my phone but an update was required for me to use it. After updating, the app cannot be opened. So, I tried to uninstall the app so that I may install it again. But sadly, everytime I press the Install button, the App does not install or download.",grab_reviews.csv,1,negative,neutral,0.23644428691900665
"I have a problem, can't find driver. then can't find cs contact. good bye grab, welcome gojek.",grab_reviews.csv,1,positive,positive,0.025920058500890963
Not receiving my order after I made the payment.,foodpanda_reviews.csv,1,neutral,neutral,0.48805855171192314
Very bad experince whenever I order from this app tasteless food deliverd and rude staff,foodpanda_reviews.csv,1,negative,negative,2.4644412765002595
They charge 100 rs as delivery charge but the order does not get delivered even after 2 hours... third class service...,foodpanda_reviews.csv,1,neutral,neutral,1.5063579253315575
"Bad experience with them, order 2 meals with curly fries but didn't receive and said to compensate $2 voucher and at the also never give",foodpanda_reviews.csv,1,neutral,neutral,0.3785516295112048
Ano bang problema ng app nyo bket ayaw magsign up ng acc. kailangan kpa nman ngaun jusko puro error lng nakalagay useless app ever,grab_reviews.csv,5,negative,negative,0.7145136124146152
absolutely essential for living in Singapore,grab_reviews.csv,5,neutral,positive,-0.0391429513510031
Mera best friend idhr kam krta is liye 5 star dey rha...agr yeh bnd ho gya to uski rozi ka zarya khatam ho jyega bht mushkil se kaam shuru kiya usne..,foodpanda_reviews.csv,5,positive,positive,0.5324797046831982
Lebih mudah search locationnya,grab_reviews.csv,5,neutral,neutral,0.719649231920373
Fast and courteous drivers!,grab_reviews.csv,5,positive,positive,1.1912223013572885
sunog ung peach mango pie,grab_reviews.csv,5,neutral,neutral,0.988106341907668
9ooiìii . N n ..oii . 5g n. Hb,foodpanda_reviews.csv,2,neutral,neutral,1.4014321171528517
I am very disappointed there showing that there is no shop or restaurant where i can buy and eat ! 😡,foodpanda_reviews.csv,1,negative,negative,1.6544189054764593
Good thing for House wives,foodpanda_reviews.csv,5,positive,positive,1.9289095847498918
Fake App Fake Poeple I Order One Zinger and 2 Shawarma's it's cold I say it's OK I will manage when I check burger and shawarma chicken as like raw not baked I never ever use this again. fake and scam they are just investing money in marketing see one day you are not in world no anyone install your app for order something fake fake scam.,foodpanda_reviews.csv,1,negative,negative,2.093336813302852
Stingy with grab points. Unreasonable quota of points to maintain gold membership status. Disappearing grab food option. The stars are entirely for the hard working riders and grab drivers.,grab_reviews.csv,3,negative,negative,0.47667816548514286
My accout got suspended and i dont know why!!! Been sending emails but no answer at all!!! Im an uber user before and switch to ur service but your service sucks!!! Still im correct that uber us reliable and efficient than grab... once u email uber theyll reply to u in what... just 5minutes... unlike you... its been months but still no reply at all... loyalcustomer here... but you wasted it!! Gudjob grabsh*t,grab_reviews.csv,1,negative,negative,0.5761260118159446
"I've been using grab for a long time now, but this time, I am disappointed. They changed the route of where I go to work, and there is no traffic congestion and never reverting it back to it's original route. I feel so robbed. I sent a report, but it is totally useless.",grab_reviews.csv,1,negative,negative,1.5806988938901574
Just delete or don't download it.. u will regrets it.. The apps didnt have cancelation. Better use food panda as it will give time for cancellation better than grab.. maybe the other is better but food it's were worst.. then the price is more expensive than the other apss.. 30% more expensive after deduct the price and the rider.. and they give fake discount or any promotion as it don't have..,grab_reviews.csv,1,negative,negative,0.8636945083425709
Life saver during these times of pandemic!,grab_reviews.csv,5,neutral,neutral,0.10528863120930088
Worst delivery App....,grab_reviews.csv,1,negative,negative,3.0026510109096836
I have bad experience with Grab in Myanmar.Customer services team can't handle the problems and they haven't well train.They didn't know the service exactly.Their app has error.on so on,grab_reviews.csv,1,negative,negative,1.4864857142590475
Saya tidak dapat memakai pembayaran by ovo,grab_reviews.csv,5,neutral,neutral,1.5478300363750168
safe driver.,grab_reviews.csv,5,positive,positive,1.5618043694138348
bad expi,foodpanda_reviews.csv,3,negative,negative,5.770538161778729
Everyday i have to update 😡😡😡😡😡😡😡😡😡😡,foodpanda_reviews.csv,1,negative,negative,3.177590986422961
Very convenient. Excellent rating.,foodpanda_reviews.csv,5,negative,positive,1.810723026312148
Always cannot view the maps.,grab_reviews.csv,4,neutral,neutral,0.5083252615211965
thanks bij,foodpanda_reviews.csv,5,positive,positive,3.0925270231834787
Very bad experiance,foodpanda_reviews.csv,1,negative,negative,2.235931189408553
I ordered petto boxes through foodpanda and made online payment. After some time the hotel declined the order showing they don't have the petto box. They mail me a confirmation of cancellation and assured refund within 24hrs. But after 24 hr when i tried to mail them for my pending refund the mail is not sending bcoz the food panda admin removed me from the group. I hate foodpanda. Cheating app,foodpanda_reviews.csv,1,negative,negative,0.18600102448458888
Bad. Prformance,foodpanda_reviews.csv,1,negative,negative,5.151744530705674
ခုချိန်မှာ အကုန်လုံးခက်ခဲနေတာသိရက်နဲ့ Riders တွေအပေါ်ခေါင်းပုံဖြတ်နေတာ လူဆန်တယ်လို့များထင်နေလား မကူညီတဲ့အပြင် $ခွက်‌‌ေပြာင်ပြီး အသစ်တွေပါထပ်ခေါ်လိုက်သေး $ချိုးကမပြေဘူး ခုလိုလုပ်တဲ့အကျိုးကြောင့် လုပ်သမျှအရှုံးပေါ်ပြီး ဒေဝါလီခံရပါစေကွာ,foodpanda_reviews.csv,1,neutral,neutral,1.0606956852140956
Helpul durin my stay in Kuala Lumpur,grab_reviews.csv,5,neutral,neutral,1.1606854969762548
dhtwefßerwedèd,foodpanda_reviews.csv,1,neutral,neutral,1.0177212227242443
The app should check their delivery fee properly 11 dollars just for a 20min bike ride don't make sense and always the app has update,foodpanda_reviews.csv,1,neutral,neutral,0.0923899548581475
Very² bad service,foodpanda_reviews.csv,1,negative,negative,3.5105242773804313
It is a very good online restaurants app where I can choose various of foods to order. Liked it.,foodpanda_reviews.csv,5,positive,positive,1.5952008994352764
Good app 🥰🥰,foodpanda_reviews.csv,5,positive,positive,1.6533806348952556
The delivery time is very poor.. Once it took more than 2 hrs but still wasn't delivered,foodpanda_reviews.csv,1,neutral,neutral,-0.10768967855176137
The operator is stupid.calling for either to cancel or proceed order with no refund..,foodpanda_reviews.csv,1,negative,negative,1.9954748274446108
Never use it.,grab_reviews.csv,1,neutral,neutral,1.4310897082796565
"getting expensively, but compare to similar app food panda still easy to use and less mishaps. their help support also very responsive.",foodpanda_reviews.csv,4,positive,positive,0.9713523281233771
Worst ever food delivery app,foodpanda_reviews.csv,1,negative,negative,2.5264922612263927
Makin kesini makin susah dapet Driver,grab_reviews.csv,1,neutral,neutral,1.1031654224885539
"ACH.. GEMBEL, CM BS NON AKTIFKAN AKUN AJA, TANPA MENJELASKAN BUKTI DETAIL.",grab_reviews.csv,1,neutral,neutral,1.54193504347663
Good user experience with straightforward instructions.,foodpanda_reviews.csv,5,positive,positive,1.022495361508086
Can't watch YouTube for Foodpanda Ads... >:(,foodpanda_reviews.csv,1,neutral,neutral,0.6108131986327182
"it wasn't sms, they actually suspended my email for god knows what damn reason. and when i try logging in with other emails they force me to login using my banned email making me unable to use their services. i will encourage every single people around me that even use this idiotic service to uninstall if im not reached out to. im not the one thats supposed to waste my quota calling and messaging them",grab_reviews.csv,1,negative,negative,1.791493826603371
"Very bad service,i wait for 1 hour to get order.Very bad service",foodpanda_reviews.csv,1,negative,negative,2.515672695311642
Too intrusive,grab_reviews.csv,1,neutral,neutral,-0.14420159619566375
"Pathetic experience.. I fully paid them online... n when order came, 3 items were missing.. n they said that they can't refund it",foodpanda_reviews.csv,1,negative,negative,1.181012733653033
not automatic location,grab_reviews.csv,3,neutral,neutral,0.829810635594362
"It,s so nice",foodpanda_reviews.csv,3,positive,positive,2.1601507988172672
awesome and very convenient,grab_reviews.csv,4,positive,positive,1.3335254567256174
It's a very useful app for any type of people.,foodpanda_reviews.csv,5,positive,positive,1.3769685990104386
Five Star for you...,grab_reviews.csv,5,neutral,neutral,1.062025093276602
Bulan oktober saya Naik grab.. Seksyen 8 Bangi to hospital serdang baru kene caj rm8~rm10.. Bulan November hingga sekarang ni dah mencecah rm13 to rm16.. Makin lama Makin Naik harga.. Taw la dah takda pesaing.. Janganlah amek kesempatan syarikat grab oi...,grab_reviews.csv,1,neutral,neutral,0.4911550426507252
DI NARESOLVE YUNG ISSUE KO NA DINEDUCT NILA YUNG 500 SA BANK KO TAPOS SASABIHIN MAY UTANG AKO ULOL NEVER AGAIN GRAB WALANG KWENTA YUNG CUSTOMER SERVICE NIYO MGA BOBO,grab_reviews.csv,1,neutral,neutral,0.24752469804273325
This app useless.,foodpanda_reviews.csv,1,negative,negative,1.759305900092504
Fash delivery,foodpanda_reviews.csv,5,neutral,neutral,0.5227935580874942
Dhaka Bangladeshi,foodpanda_reviews.csv,3,neutral,neutral,0.9562991766341381
Your app sucks. And moreover you killed HipMenu.,foodpanda_reviews.csv,1,negative,negative,0.5004433660315508
Why is my apps did not have the food icon?? Why i can't order grab food?,grab_reviews.csv,5,neutral,neutral,1.0797254678022168
Bermasalah bila nak set location untuk sesetengah kawasan .,foodpanda_reviews.csv,1,neutral,neutral,1.0255470830429942
Hitam dan putih kita tak sempurna.,foodpanda_reviews.csv,5,neutral,neutral,1.3655513414611327
"hard to find place, gps accuracy too low",grab_reviews.csv,2,negative,negative,0.4133784649423353
Great apps. Keep it up.,grab_reviews.csv,4,positive,positive,1.6579146483678333
It was just osm,foodpanda_reviews.csv,5,neutral,neutral,0.6348808067500354
It sometimes not works 😇😇😇😇😇😇😇😇😇😇😇😇😇😇😇😇😇😇😇😇😇😇😇😇🌄🕐🌄🌄🌄🌄🕐🌄🌄🌄🕐🕐🕐💔🕐🕐🕐🕐🌄🌄💔💔💔💔💔,foodpanda_reviews.csv,2,negative,negative,0.109414144639292
"Saya ingin order grab bike ngga bisa²,padahal lagi telat kerja",grab_reviews.csv,1,neutral,neutral,1.3844934196638365
Love it. Friendly user interface and lots of promos,grab_reviews.csv,5,positive,positive,1.8943983203017412
Nice i like the promotions and voucher tht u guys offered thanks alot,foodpanda_reviews.csv,5,positive,positive,2.2253144734947883
Amazing app loved it,foodpanda_reviews.csv,5,positive,positive,2.7003904570220314
most of the time the app says its not available for heavy amount of orders! its really annoying .please work on that no other food app have such issues,foodpanda_reviews.csv,1,negative,negative,0.8701776604513864
It's out Class Aap,foodpanda_reviews.csv,5,neutral,neutral,1.3128253780389698
Ubaid ullah Khan,foodpanda_reviews.csv,5,neutral,neutral,1.2713397726519224
Worst ad ever,foodpanda_reviews.csv,1,negative,negative,3.563534030785981
"Can't even order, a black thing pops up on number verification and doesn't do anything. So frustrating this app will only make you #HANGRY.",foodpanda_reviews.csv,1,negative,negative,1.805886622814843
Dependable when your hungry,grab_reviews.csv,5,neutral,neutral,0.5862030929963081
Not receiving verification code.,foodpanda_reviews.csv,1,neutral,neutral,0.5557781069317368
not good for booking,grab_reviews.csv,1,negative,negative,2.3907388464594885
It sucks that it chooses your address for you. Food on the listing for the area won't even deliver to our place and we're in the heart of ortigas,foodpanda_reviews.csv,2,negative,negative,0.31130689567459924
Tons of options!,foodpanda_reviews.csv,5,neutral,neutral,0.9800442548404912
"Very bad managements, no rider no income for you, remember that.",foodpanda_reviews.csv,1,negative,negative,2.1522608494440143
Awesome and helpful app,grab_reviews.csv,4,positive,positive,2.016630751836807
U can view available taxi on site but sometimes not all cabby wanna take,grab_reviews.csv,4,neutral,neutral,1.0031538096239405
REFUND MY MONEY BACK..YOU IDIOT SCAMMER,foodpanda_reviews.csv,1,negative,negative,1.28059734983936
Keeps logging out,grab_reviews.csv,1,neutral,neutral,1.0337898937395433
Discribe after lunch,foodpanda_reviews.csv,5,neutral,neutral,1.4802433869693075
Service is good 👍,foodpanda_reviews.csv,5,positive,positive,3.455028091211232
"Can only get a cab on NON-peak hours. But during rush hour, even if there are 5 cabs available, nobody will pick up. Very disappointing.",grab_reviews.csv,2,negative,negative,-0.10873055262208209
Look good,grab_reviews.csv,4,positive,positive,2.8752685893890852
Wnotging,grab_reviews.csv,5,neutral,neutral,0.7202689957592701
Great things to have,foodpanda_reviews.csv,4,positive,positive,1.7621240454008487
Oder time pe de do bhai adhy ghanty baad bhi 25 mint hote hai jab oder kar lo restrunt band hogye,foodpanda_reviews.csv,1,neutral,neutral,0.7550787786083487
Not good service.talking is very bad.customers not happy.no need this service.😑😤😡,foodpanda_reviews.csv,1,negative,negative,3.6404405728281994
NUR ISLAM,foodpanda_reviews.csv,4,neutral,neutral,1.2560495665793208
Everything OK Everytime ok,foodpanda_reviews.csv,5,positive,positive,0.7044684761255151
A must to have mobile application during this time and future-ready in cashless transaction.,grab_reviews.csv,5,positive,neutral,-0.07307699164958525
Amazing App There are all possible categories I need! Nice promos and good service. Delivery is surprisingly fast!!! Love foodpanda🤗❤,foodpanda_reviews.csv,5,positive,positive,3.5245495645245875
We ordered a regular milk tea from share tea and we even added money for additional cream cheese. But upon receiving the order there were no pearls not even one. We complained thru the app but there was no response. The problem with foodpanda is they have inefficient customer service. Very disappointed with both the store and the app.,foodpanda_reviews.csv,1,negative,negative,1.2001981051263124
Amazing Discounts on my favourite restaurants.... Love it,foodpanda_reviews.csv,5,positive,positive,1.405941330641099
Online banking issue.,grab_reviews.csv,1,neutral,neutral,1.2412156585934238
VERY BAD ON HANDLING CUSTOMER ISSUES!!!!!!,foodpanda_reviews.csv,1,negative,negative,1.849796268504028
perfect in Malaysia,grab_reviews.csv,5,positive,positive,0.7555853785751612
Amezing app,foodpanda_reviews.csv,5,neutral,neutral,1.7255383565498974
"I love this app honestly and it really helps to us commuters but what i hate about Grab is when you're trying to book in any type of car its always says that the driver is busy.. especially when u are from Mall like Megamall or Moa.. Its really hard to book. It seems that driver's not accepting it as they knew that it will be traffc on that are, its unfair to us commuters. thank u",grab_reviews.csv,3,negative,negative,0.8854576224200157
Do not all Pakistan coverage services pravahit broadband,foodpanda_reviews.csv,1,neutral,neutral,0.32898018695150544
i love booking grab....,grab_reviews.csv,5,positive,positive,1.209005637291389
You might as well call the restaurant directly!! These guy are the worst way to order especially if you are hungry,foodpanda_reviews.csv,1,negative,negative,0.612257186291298
"Interface is good but what's up with the weekly updates, sometimes even if i just reinstalled the app it asks to update",foodpanda_reviews.csv,4,neutral,neutral,0.27568780956345074
"Pesanan sy tdk terkirim dlm wkt 1jm lbh pdhal jarak dkat krn supir klaim hp error. Bgtu supir bisa kontak, dia lgsg cancel order dr pihaknya krn sy mnta pesanan sampai dlm 20mnt. Sy kemudian mengubungi pusat bantuan utk cancel order tapi cs tdk bisa bantu cancel krn pesanan sdh diproses, cs kemudian menutup percakapan secara sepihak. Stlh orderan selesai, akun sy dipotong sesuai jmlh pembelian. Saya menghubungi pusat bantuan lagi, tetapi percakapan lgsg ditutup sblm sy bisa menyampaikan keluhan",grab_reviews.csv,1,neutral,neutral,0.39298994468050585
TANG INA MO NG IIWAN KA NG RIDER SA ERE,foodpanda_reviews.csv,1,neutral,neutral,1.1840458893930763
Apps paling bodoh.. Nk relogin oun nyusahkan org.. Bodoh nk mampos xyah jd developer la mcm nie bongokkk,grab_reviews.csv,1,negative,negative,1.3155817177762366
there service is tooo bad,foodpanda_reviews.csv,1,negative,negative,2.3252636832548825
Never again!!!!!,foodpanda_reviews.csv,1,neutral,neutral,0.6491988086535413
"I complied several times on chat and no one bothers replying or call me. Neither the restaurant will answer my call. Never felt so helpless. I paid online in advance. Neither I can go ahead and buy food from elsewhere nor can wait. Pathetic customer service. And every time I messaged on chat, instead of replying you are just deleting them.",foodpanda_reviews.csv,1,negative,negative,1.0042999094136116
Good and handy service,grab_reviews.csv,5,positive,positive,2.5817152716028957
GPS not working today at 2.50pm 3rd Oct 2021. Have to manual search using the Grab map,grab_reviews.csv,4,negative,negative,0.637329890734021
Lbh bgs klo masuk daerah pedesaan biar mudah terjangkau semua ....,grab_reviews.csv,4,neutral,neutral,0.8524694318620206
bapak ah mantap !! 🤣♥️,foodpanda_reviews.csv,5,positive,positive,1.1710183414299757
Worst service in my life. Don't rely on this app ever because they cancel your orders after 20-30 minutes and generates a computer generated note.,foodpanda_reviews.csv,1,negative,negative,0.8400754870956839
this the best app i have ever seen there are lots of deals and many more i love it,foodpanda_reviews.csv,5,positive,positive,3.147558078492973
Be very careful using this App they have too many scammer drivers and Management doesn't do much of help on their customers. -10 stars!!!,grab_reviews.csv,1,positive,negative,0.6648316650117274
"T, mobile😍m, lg k000z0c iphone, 7, ,",foodpanda_reviews.csv,4,positive,positive,0.8385159901502066
Kode Promo banyak yang tidak bisa di pakai padahal belum di pakai atau kadaluarsa,grab_reviews.csv,1,neutral,neutral,1.0973931224242264
Pathetic service. Cold food. And very late delivery. Would rather suggest getting order from direct restaurants and fast food place than use this stupid application. A simple pickup order takes one hour. Rather go get it myself. Would not recommend.,foodpanda_reviews.csv,1,negative,negative,2.423058255706974
This app Very help full,foodpanda_reviews.csv,5,positive,positive,0.9539005317606015
Its sucks apps ever,foodpanda_reviews.csv,1,negative,negative,1.5447132722128187
Rider took my food!! and worse I didn't get tthe refund!!!!,foodpanda_reviews.csv,1,negative,negative,0.5474614687824628
good. boy,grab_reviews.csv,5,positive,positive,2.825955288463219
Kejam!!!!,foodpanda_reviews.csv,5,neutral,neutral,1.4785494022792902
"Tiba"" dibanned",grab_reviews.csv,1,neutral,neutral,1.0297016654332525
Always need an update very disturbing to use,foodpanda_reviews.csv,1,negative,negative,0.6230650201705985
After last update it doesn't work at all When I try to open the app it shout down directly One more thing some times the price is expinsive and not fair,grab_reviews.csv,1,negative,negative,1.623841327536188
"I could've given them a 5 star however, they really need to improve their system. Grab drivers here in my country (PH) are very warm and friendly! :)",grab_reviews.csv,4,positive,positive,1.030489599145197
"Wooow... What's all that about with the bad comments? If you people have complaints, send them directly to their site. Here the comments are not reviewed by FOODPANDA, so do not waste your time",foodpanda_reviews.csv,3,negative,negative,0.9560277284716343
User friendly. Meals n ride just right at your finger tips and allow to track the riders position.,grab_reviews.csv,5,positive,positive,1.2658680510526599
Reduce app size,grab_reviews.csv,3,neutral,neutral,1.2427056389385749
love 3000,grab_reviews.csv,5,positive,positive,3.2592888256682055
so far good👍,grab_reviews.csv,4,positive,positive,4.201612338835997
V pathetic pizza I found.,foodpanda_reviews.csv,1,negative,negative,0.8688241372560452
Home delivery is damn bad. If you want at dorestep you need to pay more to the rider.,foodpanda_reviews.csv,1,negative,negative,1.1825059271427443
"Panda Mart is a very terrible service. I had been bought for few times, everytime sure missing items or wrong items. And the app only support taking picture, when we bought for our loved one, we cannot upload the image, and the agent refuse to refund the missing items. So so terrible service.",foodpanda_reviews.csv,1,negative,negative,2.217852318706069
Uprage your maps! Pin always wrong even already adjust! Then the driver blamed passenger!!,grab_reviews.csv,1,negative,negative,1.0741928085314587
Excelent app :),grab_reviews.csv,5,neutral,neutral,1.141441412197472
Very good in my own opinion. Hope the weather will not affect the apps.,grab_reviews.csv,5,positive,positive,1.7865482464780384
send photo not working,foodpanda_reviews.csv,1,negative,negative,1.5954099073859846
This is a good app but the problem is sometimes delivery man is talking rudely.i,foodpanda_reviews.csv,5,negative,negative,0.2795118129556309
"Terima Kasih, Grab!",grab_reviews.csv,5,neutral,neutral,0.9926006863991097
Thank good services keep it up....👌,grab_reviews.csv,5,positive,positive,3.546009133375083
"The grabber Tan Sui Lung QAA1179Q Perodua Alza sibu city, very rude to passenger. He refused to take us only because we are 6 people with one small kid. 0 star for this type of driver.",grab_reviews.csv,1,negative,negative,0.33713866451661056
Fp40 did not work,foodpanda_reviews.csv,2,negative,negative,1.3259233114260516
Useless app!!,foodpanda_reviews.csv,1,negative,negative,3.0876670744915677
Usually rider will not concern about how long the customer waiting for their delicious food.,foodpanda_reviews.csv,1,positive,positive,-0.3157554123517995
Please don't use food panda to order food..this app unfriendly. Some rider also rude to customer and no manner. My experience with this app so terrible.,foodpanda_reviews.csv,1,negative,negative,1.9768636507778554
Drivers mostly are friendly & helpful,grab_reviews.csv,5,positive,positive,1.7800787597709922
Kalau apps nya gak di update gak bisa masuk..pdhl Rom semua hp kan beda . Update apps kan tergantung pengguna mau update atau enggak. Mohon lah pihak app nya jangan maksa kali harus di update,grab_reviews.csv,1,neutral,neutral,0.6214958619411396
Best service for hous wives,foodpanda_reviews.csv,5,positive,positive,2.3120192107796393
"Selama ini saya dn ketiga anak saya yg berumur 23 years,20 year,10 year dn yg satu lagi berumaur 3 year 4 month...booking just grab dpt kereta kecik takde masalah dengan driver,,ini sekali saye booking grab plus dpt honda HR-V bukan main sombong driver ,sanggup halau saye dn menyuruh saye booking yg 6 seat.alasan trlalu ramai dn cukup 4 orang saja..wah apakah anak saya yg satu lagi berumur 3 thn lebih itu mesti di kira satu passenger keh??..memang driver sombong dn kurang hajar..🤬🤬🤬",grab_reviews.csv,1,negative,negative,-0.033547456475652604
Unresponsive management team.,foodpanda_reviews.csv,1,neutral,neutral,0.6215681173865828
Poor customer service... app itself bugs out whenever I click on feedback. Bring uber back,grab_reviews.csv,1,negative,negative,0.5445971246972507
Selalu puas pakai Grab. Tidak ada yang dikeluhkan. Terimakasih: ),grab_reviews.csv,5,neutral,neutral,1.2256231634213703
Spoiled all my food delivery is late no precaution for rider dumbed service ever I'm extremely disappointed with this i have wasted my 2000 rupees not from the restaurant but with delivery guys and support group of foodpanda they all are just dumb peoples with no clue how to run apps,foodpanda_reviews.csv,1,negative,negative,1.7501957446177072
Amazing service. I'm a food junkie and almost saved 50% because of foodpanda in India. 5 Star customer care too.,foodpanda_reviews.csv,5,positive,positive,0.5503432888838589
Could you atleast add a confirmation for time and date after clicking place order. Also give some time to cancel order (at least 2 minutes after placing order). I lost time and money because this app doesn't ask for confirmation.,foodpanda_reviews.csv,1,negative,negative,0.4421008510995612
Useless voucher.,foodpanda_reviews.csv,1,negative,negative,1.969115363323112
So nice 😘😘😘,foodpanda_reviews.csv,5,positive,positive,0.9613011525207666
Stupid app . . Doesn't work at payment time . . . Always gets stuck,foodpanda_reviews.csv,1,negative,negative,2.766294699636051
"Very poor service, always late. I have not recieved any order in time. Uninstall it and find any other relevant app all of you.",foodpanda_reviews.csv,1,negative,negative,1.495443873485364
Delivery on time and the riders are courteous.,foodpanda_reviews.csv,5,positive,positive,0.27132418757527876
For Panda has always got me yummy food at any time of the day or night. Love this app 😘,foodpanda_reviews.csv,5,positive,positive,1.2323937770848177
Lots of lagging and failed payments,foodpanda_reviews.csv,1,negative,negative,1.4752962076003002
Khush rho,foodpanda_reviews.csv,5,neutral,neutral,1.456797160212064
"payah eror mulu ngga beres,sinyal ilang² mulu ngga bisa confirm ngga ada harga mendi g pake go jek!!!",grab_reviews.csv,1,neutral,neutral,0.789749595606293
Useful app 😊😊,foodpanda_reviews.csv,5,positive,positive,1.3538266269004924
"Do not buy food from them.I had ordered food, called foodpanda guy he said food is on its way n ll be delivered within 15 mins, again i called restaurant and restaurant guy said food is ready from last 1 hour nobody came to pick up.i again called fpanda and they said food cant be delivered, we ll process refund, till date i haven't received money ,i don't give a damn to 400 bucks but your service sucks, its pathetic! !",foodpanda_reviews.csv,1,negative,negative,1.3449397105012242
Banyak kali order problem !!! Konon² refund Bagi voucher masalahnya yang dibagi tu voucher yang tak boleh dipakai pulak. Bukan sekali 2 ye duit burn camtu je!!! Bodoh ounye sistem!!!!,foodpanda_reviews.csv,1,negative,negative,0.4084837377748156
"The WORST thing about the app is that when I search something. It will appear something else. Example: I search for Subway then other bakery shop that I don't even know exist appear on the top of it. Like really suck. And waste of my time to scroll down, like really DOWN to search for Subway. Please la do something about it!!!!!",foodpanda_reviews.csv,2,negative,negative,1.189310627188151
car service,grab_reviews.csv,4,neutral,neutral,0.7699775878538224
বাজে সার্ভিস🤬🤬🤬,foodpanda_reviews.csv,1,negative,negative,3.67772986740928
Easy to use apps and the rider came on time.,foodpanda_reviews.csv,5,positive,positive,0.8468372162313418
Apasal tkleh choose payment method bodo dah la lapar,grab_reviews.csv,1,neutral,neutral,0.5578282583625832
"bad service, always late",foodpanda_reviews.csv,1,negative,negative,2.874758403890777
Good but one thins is not satisfied. Please unblocked private num calls.. Its really difficult to call the grab driver.,grab_reviews.csv,5,negative,negative,1.1371100413877597
Very very bad experience totaly fraud 😡😡,foodpanda_reviews.csv,1,negative,negative,4.7404354027966775
Its a wowsom experience.,foodpanda_reviews.csv,5,neutral,neutral,0.7576383352612077
the worst app i ever used,foodpanda_reviews.csv,3,negative,negative,2.8309334631358207
"Hello when I order and set the pickup place with the pin, the address name is wrong, I thought it'd be fine and assume that drivers sees where the pin is located not only what the address says, but multiple times they don't and instead ask around for the direction to the wrong address, the whole pin option seems so misleading, tried submitting that to the in-app support but kept failing...",grab_reviews.csv,2,neutral,negative,1.3183409557171926
Recent update has bugs on it.,foodpanda_reviews.csv,2,neutral,neutral,1.1683020781534246
Deals are fake.,foodpanda_reviews.csv,1,negative,negative,0.9120059800988716
"Love, love, LOVE GRAB!!",grab_reviews.csv,5,positive,positive,3.287642132472672
useful but needs improvement.,foodpanda_reviews.csv,3,neutral,neutral,1.2002873425769758
Untuk pendaftaran Grab penumpang wajib melampirkan KTP dan nomor telepon yang aktif untuk mencegah tindak kejahatan.,grab_reviews.csv,1,neutral,neutral,0.9174209602990925
I had miss placed 5 similar orders due to unsuccessful payment by using my credit card then I ended up using online banking for the last payment. The person from food panda called me but only cancel one order for me even though I requested to cancelled all the previous fault order by credit card. Call the hotline back but cannot be reached. Very bad experience this time with food panda and will never order again from this sucking apps 😡😡😡,foodpanda_reviews.csv,1,negative,negative,2.1346506555264013
best..x yh keluar rumah dh...free delivery pon banyak...thank apps ni berguna...,foodpanda_reviews.csv,5,positive,positive,1.9064450126924621
I enjoy using this app!!!,foodpanda_reviews.csv,5,positive,positive,0.8919965845689919
"Taktik drivernya, terima tapi ngak gerak, biar kita yg cancel. Padahal dari awal memang ngak mau ambil, tapi takut kena pinalti, jadi order diterima tapi ngak gerak, dichat ngak nyahut. Hedeh... kalau emang ngak mau terima, dari awal ditolak aja, ngak usah pakai trik2 gitu. Bikin buang2 waktu gw",grab_reviews.csv,3,neutral,neutral,1.4553518664775025
Awal login kenapa muncul blank putih. Jadi ngga bisa pake.,grab_reviews.csv,1,neutral,neutral,1.0228561293820306
A very user-friendly and useful app. Highly recommended.,grab_reviews.csv,5,positive,positive,2.473007235870501
One of a kind <3,foodpanda_reviews.csv,5,positive,positive,0.6033130104552591
HELP YOUR MERCHANTS FIRST!,foodpanda_reviews.csv,1,positive,positive,0.25826854557092194
Best features app,foodpanda_reviews.csv,4,positive,positive,2.1789211787237717
Very happy with food panda,foodpanda_reviews.csv,5,positive,positive,1.311809102200894
Sate Terbaik dalam sungai buloh,grab_reviews.csv,5,neutral,neutral,0.7146785345603907
What happened to food panda?,foodpanda_reviews.csv,1,neutral,neutral,0.544885406204131
Saviour!!! Make delivery free please.. 4.5 stars,foodpanda_reviews.csv,4,positive,positive,1.3407084007406669
your scan card sucks,foodpanda_reviews.csv,2,negative,negative,1.4322575790014467
Ang daming gustong maging.,grab_reviews.csv,3,neutral,neutral,0.7731137622700692
Ini aplikasi terbagus,grab_reviews.csv,5,neutral,neutral,0.8211681848369464
"Very good application, fast and accurate.",grab_reviews.csv,5,positive,positive,2.602130571563473
I HATE IT! Too many bad experiences. Uninstall..,foodpanda_reviews.csv,1,negative,negative,2.823103991579974
aplikasiny sungguh membantu,grab_reviews.csv,5,neutral,neutral,0.7744039883385051
Yaay food!,foodpanda_reviews.csv,5,neutral,neutral,1.6111175610532962
Prices unnstable,grab_reviews.csv,2,neutral,neutral,0.268798020780056
Easy and efficieny,foodpanda_reviews.csv,5,positive,positive,2.35943251815245
It keeps on suspending my account,grab_reviews.csv,1,neutral,neutral,0.8494378347167131
clean ui,grab_reviews.csv,5,positive,positive,0.18217000625387314
So many bad habbits from driver please train they before take a job,grab_reviews.csv,1,negative,negative,0.3248209083011713
Since i updated this app. I cant order any food,foodpanda_reviews.csv,1,neutral,neutral,0.7901751730957647
Think for this app,grab_reviews.csv,5,neutral,neutral,0.7012027289034107
"Maps feature not good. I type in an address and it didn't load. Was trying to go to NUS, school of computing. Had troubles trying to locate",grab_reviews.csv,1,negative,negative,0.8016158045332142
Worst service in Karachi due to shortage of riders. The order of 15-20 minutes reached out to me after one and an half hour because rider was coming from 15 k.m away from the food collecting point. Biryani me haleem Wala wait.,foodpanda_reviews.csv,2,negative,negative,1.0879738814140416
Pathetic services. They offer deals like 20% off and they say that it will be added to the cart at lesser price however at the I had to pay extra for ordering a regular size pizza from Dominoes. Worst experience.,foodpanda_reviews.csv,1,negative,negative,1.1529264323504447
"Teruk gila, tunggu driver lambat gila. 2 minute jadi 9minit jadi 13 minute. From 5 ringgit to 8 ringgit. Bad ah",grab_reviews.csv,1,negative,negative,1.986425001221133
Push notifications are annoying,foodpanda_reviews.csv,4,negative,negative,1.5021682089334365
Har qism ki bhook ka ilaj Quick Foodpanda! ❤ Thanku for giving us such an amazing app that gives us wonderful food anytime anywhere,foodpanda_reviews.csv,5,positive,positive,2.5577016070868064
"Always cant connect to the server, rubbish apps",grab_reviews.csv,1,neutral,neutral,0.7835751577766404
"Who still believes that HipMenu should come back and FoodPanda should disappear. I think everyone. Nothing is working on this app, orders are being canceled all the time, restaurants somehow are no longer delivering at my address. All you can find here is a very lame app which could rise only by buying another one without learning anything from it. Shame! Go hide under a bridge somewhere and stay there.",foodpanda_reviews.csv,1,negative,negative,0.3098191143308966
"Delivery terlalu teruk, Rider bagi makanan dengan kotak yang kemek nak makan pun hilang selera, kalau satu je tak apa ni semua, saya cadangkan app lain je",foodpanda_reviews.csv,1,negative,negative,0.15757542201014907
"I have lost money twice becausr they messed up my address and when I talk to customer support they can't do anything about it. If that doesn't happen my food is usually late by an hour and cold, sometimes its also all messed up. I have tried to keep using it thinking it will get better, I was wrong. It's a terrible app if you want to order use deliveroo or grabfood it will ssve you money and time.",foodpanda_reviews.csv,1,negative,negative,1.5082293522828567
"Just crashed, haiz",grab_reviews.csv,5,neutral,neutral,1.2248547229094384
Pro doesnt gives you always the unli offer of free delivery.Some stores doesnt have free delivery,foodpanda_reviews.csv,4,positive,positive,0.10011948287597883
sangat memudahkan kerja,foodpanda_reviews.csv,5,neutral,neutral,0.9996105625885411
Stupid app.... Close ur company lh no use,grab_reviews.csv,1,negative,negative,2.1905312527975
"Grabe, kinansel ng rider yung order ko dahil di daw ako malocate eh sya naman mali ng dinaanan tas ako pa sinisi. Nakakailang beses na order na ako dito ngayon lang nangyari to. Tapos non-refundable ang bayad. Nakakalungkot lang kasi gutom na yung tao tapos ginanun pa ng rider. Napaka bastos. Sana naman refundable yon kahit na sabihin na 250 pesos lang ang order ko. Pera pa din yon. Di naman kami ganon kayaman para di manghinayang.",foodpanda_reviews.csv,1,neutral,neutral,0.3303021721062891
Keep up the good job,grab_reviews.csv,5,positive,positive,1.4758047524128395
It has location so i defficult tu do and can't use it,foodpanda_reviews.csv,5,neutral,negative,0.18211907970734176
Good hogya,foodpanda_reviews.csv,5,positive,positive,6.017420797684132
very nice drive and helpfull,grab_reviews.csv,5,positive,positive,1.5123667945696766
Cash on delivery ka option khidhar gya,foodpanda_reviews.csv,1,neutral,neutral,0.7436880060892944
Service is so bad that this will be my last time ordering from you.,foodpanda_reviews.csv,1,negative,negative,1.1130042758499266
Amazing service and efficient order placement,foodpanda_reviews.csv,5,positive,positive,0.5108938121388868
Worst! Worst! Worst!!! All of restaurant are closed all the time except some.. The most irritating part is it drive me crazy everytime in YouTube,foodpanda_reviews.csv,1,negative,negative,2.440652845961564
Wow Nice Goorh,foodpanda_reviews.csv,5,positive,positive,3.7604574652039826
Very inefficient service. They have no control over the restaurants. Either the order is delivered wrong or the representative calls you after 30 mins to inform that the order cannot be accepted,foodpanda_reviews.csv,1,negative,negative,0.7241820647044439
Stuck to the finding your driver screen for 3 days. Customer service is also useless. Why can't we just have Uber instead?!,grab_reviews.csv,2,negative,negative,0.8756858281588937
Selalu forced close app pas mau check out order makanan.,grab_reviews.csv,5,negative,neutral,0.5068496863673975
"সারা টা সপ্তাহ, খোদার ২৪ টা ঘন্টা জুইড়া অনলাইনে যত বিজ্ঞাপন পাই তার সব কয়টাই শুধু ফুড পান্ডার। শুধু মাত্র এই মাত্রাতিরিক্ত বিজ্ঞাপনের কারনে জীবনেও এইটা আমি ইন্সটল করবো না। না মানে না 😡😡😡😡😠 বিজ্ঞাপন নিয়া অতিষ্ট আমি",foodpanda_reviews.csv,1,negative,negative,3.478195632178441
"The app no longer works properly after an update a month ago. It hangs on the 'my location' screen. It used to only get stuck on the price screen, but has progressively gotten worse. I have tried clearing the app's cache and the uninstall/reinstall recommendations. Useless app now. I'm uninstalling it to use another service app.",grab_reviews.csv,2,negative,negative,1.4488837985090668
Simple and Easy to use Apps... Quick and Fast Respone... And Cheapest among other online booking transportation... Good Job Grab......,grab_reviews.csv,5,positive,positive,2.4062310480240843
Waste data..dont download,foodpanda_reviews.csv,1,negative,negative,0.6596934825821803
I downloaded the app because of the Free Delivery. And now all of the stores/restaurants have delivery fee. What happened?,foodpanda_reviews.csv,3,positive,positive,0.19815618537315216
It takes 20mins at times to bloody order food,foodpanda_reviews.csv,1,negative,negative,0.2929005899671262
So easy to enjoy delicious food in flexible cash delivery ...I like soo much this app💙,foodpanda_reviews.csv,5,positive,positive,2.678896398594137
Sometimes when u give promotion its useless! Better don't give any promotion if i can't use it! Fully used! Like hell. 👎 previously its work but after CNY i can't use any promotion.,grab_reviews.csv,1,neutral,negative,0.5389858615775229
Sometimes its late but i can understand it .,foodpanda_reviews.csv,3,neutral,neutral,1.2177656652295128
Such a bad experience The most ridiculous pizza burger ever I seen totally bkws service 😡,foodpanda_reviews.csv,1,negative,negative,3.428700907728007
Most annoying add ever,foodpanda_reviews.csv,2,negative,negative,1.546009189253355
"makin update makin palui , saya mau pin ruma saya d map pun nda buli meh ? Pak yu",grab_reviews.csv,1,neutral,neutral,0.9021489191935095
mudah dipakai,grab_reviews.csv,5,neutral,neutral,1.2083204944612498
It's really amazing ☺️,foodpanda_reviews.csv,5,positive,positive,1.6906073091635678
terrible gps system. i try to order my food to tropics condo and its not recognised,foodpanda_reviews.csv,1,negative,negative,0.9836964286370051
The delivery is good,grab_reviews.csv,5,positive,positive,2.510432330941038
Memudahkan saya pergi kemana saja dengan biaya yang jelas.,grab_reviews.csv,5,neutral,neutral,1.481927771453437
Vouchers are not redeemed!!!!,foodpanda_reviews.csv,1,neutral,neutral,1.0177058932261511
It's a convenient app to order food,foodpanda_reviews.csv,5,neutral,neutral,0.5464348122008331
Way better than Grab!,foodpanda_reviews.csv,5,positive,positive,1.7893190371592078
Stupid HQ.. stupid operetor.. stupid service..🖕,foodpanda_reviews.csv,1,negative,negative,2.3134298208015336
ang hirap mag register sa app na to! paulit ulit nlng.,grab_reviews.csv,1,neutral,neutral,0.8432386071684276
Must have app for all foodies,foodpanda_reviews.csv,4,neutral,neutral,1.0805237473797984
"helpfull, easy to use, thankyou",grab_reviews.csv,5,positive,positive,1.0891197520327436
User interface is simple and easy to comprehend.,grab_reviews.csv,5,positive,positive,0.873188036893066
"I jz misplaced foodpanda for self pickup,.. If I really can go self pickup why shud I order food panda? I have been order more than 10 times from same pizza hut store and I got update that ask me go self pickup... This is ridiculous... If you take me as nothing happen, well I will never use this app anymore., this is stupid. Rm20 is small matter, take it.",foodpanda_reviews.csv,1,negative,negative,0.7802253773997614
Aplikasi yg sangat membantu ketika stay at home begini dan banyak sekali promonya yg memanjakan,grab_reviews.csv,5,neutral,neutral,0.750027656764361
Very confortable.. drivers are very kind,grab_reviews.csv,5,positive,positive,0.9071426202534132
My first order with max resturant was cancelled under the promo of free delivery charge which was offered by foodpanda a while ago,foodpanda_reviews.csv,1,positive,positive,0.47962492103164744
"Go to the app, was pop up the app no longer support, Try to install, Totally not working. Play store keep stop at loading only. How to install 🤔😔. Want to book or use any of the functions.. not working",grab_reviews.csv,1,negative,negative,1.7367283165324339
Good App For Food & Drinks,foodpanda_reviews.csv,5,positive,positive,1.2383586678121705
"absolutely worst app possible. no clarity on delivery time, no pathway to contact anyone from support if order is not received. only certain faq's that provide no help at all. it does not even deserve one star but unfortunately there's no.option for that.",foodpanda_reviews.csv,1,negative,negative,1.5047876192013878
This app are very helpfully for me,grab_reviews.csv,5,positive,positive,0.7498425811792726
penipu besar.,foodpanda_reviews.csv,1,neutral,neutral,1.7214826703926702
Experience very nice always,foodpanda_reviews.csv,4,positive,positive,1.669123063109932
"Until now I had best experience in using the foodpanda app. This work really well and I recommend instead of ordering restaurents directly, use the foodpanda app. Cheerz.",foodpanda_reviews.csv,5,positive,positive,1.29956560227053
The food is really nice and on time but the delivery man is really rude and not a nice man at all. It's really shame that foodpanda has a really bad delivery men.,foodpanda_reviews.csv,3,negative,negative,1.8010261564686285
Driver too rude with the customer...,grab_reviews.csv,1,negative,negative,1.14962792282232
Very bad automatically cancelled my order without any reason or call ... I think they need more development in application.,foodpanda_reviews.csv,1,negative,negative,1.107639485416429
Its WORSTTTTTTT of worst... i have been waiting from 3.5 hours fir my food and guess what they did to me..after 3.5 hours they just cancelled my order.. wow... worst experience.,foodpanda_reviews.csv,1,negative,negative,1.7749021101025466
Nothing promotion,grab_reviews.csv,1,neutral,neutral,1.7059795585634594
Lumayan hemat banyak promonya,grab_reviews.csv,5,neutral,neutral,1.2828701401676457
Waste food dicca akn ar report korla bola bisoy ti upor aa pathano hoica then upor thaka sorry mail asa then ses....taka tho marca....chor kotha kar,foodpanda_reviews.csv,1,negative,negative,0.6107525124360613
Really love this app..mempermudah saya dlm perjalanan pergi n plg kantor,grab_reviews.csv,5,positive,positive,0.2726065581642838
One of the best hot 🔥 food delivery service in Pakistan I really love to order through food panda and get good discounts also,foodpanda_reviews.csv,5,positive,positive,3.0669187189324774
"Bal ar app akta voucher o kaj kory nah hudai marketing, food panda bad dia footpath ay jayi kabar sell koro tomra food panda 🖕",foodpanda_reviews.csv,1,negative,negative,0.26599329898055957
Some of the restaurants was not there...,foodpanda_reviews.csv,4,neutral,neutral,0.5040414102260018
Overdose awesome,grab_reviews.csv,5,positive,positive,2.1878824648458925
"Easy. But idk why my brother and sisters find it difficult to place an order, just my personal rant :')",foodpanda_reviews.csv,5,negative,negative,0.4486197348715
So badddddddd,foodpanda_reviews.csv,1,negative,negative,5.712950116399684
"good, nice, and cool",grab_reviews.csv,5,positive,positive,4.725609993027184
one of the finest,grab_reviews.csv,5,neutral,neutral,1.0198385884240362
sikretong malupet pwede pabulong,grab_reviews.csv,4,neutral,neutral,0.927378954895609
It's awesome app..,foodpanda_reviews.csv,5,positive,positive,1.3218302763590983
It's very helpful and safe,grab_reviews.csv,5,positive,positive,2.746521129094277
"My mum had to go work in the morning one day so I helped her book grab the previous day. It said it was booked and the next day, they said the drivers around were all busy. We tried again also on my phone and my dad's phone a few times and same results. My mum is going to be late for work. Why are the drivers so unwilling to accept? That's the main reason grab exist, to drive people to other places! Worst app ever.",grab_reviews.csv,1,negative,negative,0.9709905903136464
great app for food lover and hunter,foodpanda_reviews.csv,5,positive,positive,2.5179346967136036
Need to put images of the food so that customer will easy know what they are ordering,foodpanda_reviews.csv,4,positive,positive,0.33305238939960047
Notif lu suka mati ngentot,grab_reviews.csv,1,neutral,neutral,1.0195570200970123
Nice app♥️,foodpanda_reviews.csv,5,positive,positive,1.2594646684272643
"anytime only Fake voucher! Don't get this platform,,pakai platform anak Indonesia yg jelas2 tidak bohongan,terutama buat BIKE,voucher msh valid dibilang TDK bs pakai Krn blablabla...hai,, sebaiknya jgn kasi voucher kalo gak niat!",grab_reviews.csv,1,negative,negative,0.010606501147983893
Briliant app!,grab_reviews.csv,5,neutral,neutral,1.3203667601045792
Bad with refunds,foodpanda_reviews.csv,4,negative,negative,2.5783233149007754
"Version này lỗi nhiều quá,ko booking dc",grab_reviews.csv,2,neutral,neutral,0.8858769558499889
"I like the overrall service by food panda, the app is easy to use, rider also in good manner everytime when they send the food, but the refund service super duper suck.. Hope to see the improvement in refund speed and not by customer ourselves need to beg for the refund.",foodpanda_reviews.csv,2,positive,positive,0.5277441981780322
I hate that it doesn't show up any of the notifications. It's not even loading. I even receive text messages regarding promos. But I can't use them when I input the code. It always says I'm not eligible or something. I have uninstalled and reinstalled this app a lot of times already. I'm starting to hate you guys.,grab_reviews.csv,1,negative,negative,0.4736457557591145
eh kenapa deh tiba2 ga bisa diakses. menu engga tayang,grab_reviews.csv,1,neutral,neutral,1.2730774137284517
love and help full app tqsm👍👍👌👌,grab_reviews.csv,5,positive,positive,5.241012544885572
Waste of time ordering food from Foodpanda.,foodpanda_reviews.csv,1,negative,negative,1.0324571151260429
It's superb,foodpanda_reviews.csv,5,positive,positive,1.3996438968110676
Bản đồ hiện đầy xe mà đặt thì cứ hang tight cả nửa tiếng. Nạp tiền thì error r vẫn trừ tiền tài khoản. Hoàn tiền thì đợi cả tháng. Trải nghiệm siêu lởm siêu tệ.,grab_reviews.csv,1,negative,neutral,0.6224791936295568
Working good so far.,foodpanda_reviews.csv,5,positive,positive,2.4281065237320894
Very good service.and fast delivery,foodpanda_reviews.csv,4,positive,positive,2.849253248137588
Worst just worst,foodpanda_reviews.csv,1,negative,negative,4.848852052739112
not good not frendly apps,foodpanda_reviews.csv,1,negative,negative,1.9158345035389335
Good service.. I like it,foodpanda_reviews.csv,5,positive,positive,3.029161755590814
"Fell asleep waiting for the food that never came. That was almost 3hours. Ridiculously inaccurate delivery time. Did a follow up, was just told to call the fast food chain. What a useless app",foodpanda_reviews.csv,1,negative,negative,0.9078912989985759
"Gak bisa log in dan connect sama OVOnya, selalu forced close pas lagi verifikasi ovo",grab_reviews.csv,1,negative,neutral,0.4290426842471886
"fun, easy to navigate",foodpanda_reviews.csv,5,positive,positive,2.036275429286756
adds dey kar apni maa na chudvaho,foodpanda_reviews.csv,1,neutral,neutral,0.748248975254233
Clean and smell good,grab_reviews.csv,5,positive,positive,1.941064138603337
Cepet sampenya,grab_reviews.csv,5,neutral,neutral,1.5674335250575446
"In times that I would need a ride, grab is really convenient! Though there were times that it took a bit of time for a grab car or taxi to arrive, still I like the service!😀😀😀",grab_reviews.csv,4,positive,positive,0.8637858121799822
adds... ufff,foodpanda_reviews.csv,1,neutral,neutral,0.7845867738177712
"best, so far",grab_reviews.csv,5,positive,positive,3.7818474619203215
"Still, UBER is better.",grab_reviews.csv,2,positive,positive,1.4991499340039935
"Pathetic, Spamming and Paid reviews.",foodpanda_reviews.csv,1,negative,negative,1.2177353018075148
Lots of bugs. Need to restart the app constantly. Works poorly with bad data connection.,grab_reviews.csv,3,negative,negative,1.1132658085792144
I cant use this stupid advertising app anymore.,grab_reviews.csv,1,negative,negative,0.5658015208949121
Most driver are friendly & bubbly.. Keep it up! Thumb up,grab_reviews.csv,5,positive,positive,0.7000544243674462
Stupid selfie system. Its not working at all.. Take 1 hour to detect my selfie,grab_reviews.csv,1,negative,negative,2.453692182606105
Keep it up... ❤,foodpanda_reviews.csv,5,positive,positive,1.7006043629447543
Review services not good,foodpanda_reviews.csv,5,negative,negative,2.8993133876173833
"It,s really berry bad app",foodpanda_reviews.csv,1,negative,negative,2.242063879182779
Love it! Very convenient,grab_reviews.csv,5,positive,positive,1.920740291050594
drivernya suka datang lebih lama dri yg diestimasikan,grab_reviews.csv,4,neutral,neutral,0.9903689629215408
pengemudi sdh sy bayar ovo tp tetap minta biaya transportasi ke ibu sy,grab_reviews.csv,1,neutral,neutral,0.6882269459627774
Nice very good app,foodpanda_reviews.csv,5,positive,positive,4.888169237253777
Easy and better... But sometimes disappointed due to late delivery,foodpanda_reviews.csv,5,negative,negative,1.2611157647107385
"Thanks to the latest update on Grab, I can now easily order food online without any language barriers. The menu, previously only available in Thai, is now translated, making the whole process hassle-free and convenient. Highly recommended!",grab_reviews.csv,5,positive,positive,1.529225342091274
Best way to eat foods from your favorite restaurant without needing to go to them. Hassle-free!,foodpanda_reviews.csv,5,positive,positive,1.720138338099882
Food panda is a legit app,foodpanda_reviews.csv,5,neutral,neutral,0.5987633909871081
food is always delivered on time,grab_reviews.csv,5,neutral,neutral,0.7953899176737451
SELFISH! Kawawa mga rider ninyo! And also walang pake sa mga small business,foodpanda_reviews.csv,1,negative,negative,0.313115494430412
worst customer service and payment method.,foodpanda_reviews.csv,1,negative,negative,1.2705070298455663
"Baik xyah order, 1jam 20min rider bru pickup. Another 1 start",foodpanda_reviews.csv,1,neutral,neutral,0.672151169907783
AirAsia Fhmad Airadus,foodpanda_reviews.csv,5,neutral,neutral,0.7467320863303997
I am new customer with foodpanda I order for the 1st time it's a diwali session so I was not able to make any food due to too much work at home..it's gonna be 2 hours now and still I have not received the food . pathetic service,foodpanda_reviews.csv,1,negative,negative,1.398520458356748
This delivery is not available for my address I don't like this app 😒😒,foodpanda_reviews.csv,1,negative,negative,0.0536678269970976
"Makin kesini, malah makin kesana. Chat atau Call driver Grabfood sekarang uda tidak bisa dan tidak bisa tau dimana posisi driver. Itu sangat menyulitkan konsumen",grab_reviews.csv,1,neutral,neutral,0.5182037490260747
The drivers not really good,grab_reviews.csv,3,negative,negative,0.46852916349826934
banyak kemudahan... 👍👍,grab_reviews.csv,5,positive,positive,3.240687584855692
the app should seriously stop having promo for only grab pay riders. think for those who doesn't have cards for grabpay. there's a reason why ppl need promo codes!!,grab_reviews.csv,5,negative,negative,0.4631052740497563
they wont process refund even if you didnt receive any of your orders! lack of information to tell then 😡,foodpanda_reviews.csv,1,negative,negative,0.6368162567763256
Fast and so easy 🤗,foodpanda_reviews.csv,5,positive,positive,2.556067571062097
Grab drivers are getting worse each day. Disappointed with their type of service.,grab_reviews.csv,2,negative,negative,1.7782865479255152
an easy way to have a trip,grab_reviews.csv,5,positive,positive,1.3878305840752077
"""Do not cook"" foodpanda karo",foodpanda_reviews.csv,4,neutral,neutral,0.4802700450369246
Foodpanda ko vouchers pe off COD pe b Dena chahye bs online method rkha hua h jo k sb k pas Nahi hota Worst experience,foodpanda_reviews.csv,1,negative,negative,0.0732154773549083
"Aplicatia merge greu, timpii de livrare sunt foarte mari, iar daca nu va convine valoarea comenzii o anulati pe motivul ca nu aveti livrator disponibil. Dar daca intradevar nu aveti livratori suficienti ar trebui sa luati masuri in privinta asta",foodpanda_reviews.csv,1,neutral,neutral,1.04344450352842
Good and fair deals,grab_reviews.csv,5,positive,positive,2.8015115961458816
Not best app,foodpanda_reviews.csv,1,negative,positive,0.05196406710950918
Harga biasa bawah rm15 dah lama x naik grab check jadi rm20.. Agak2.. Tempat bukan jauh mana.. Pelik betul sistem dia makin hari2 check makin naik harga dia padahal pegi tempat sama je hari2..,grab_reviews.csv,1,neutral,neutral,0.5505783451774753
The most annoying thing is they always show minimum 400 more to order. I want to have one food item that costs less than 200 but they won't allow me to do so. Goddammit I don't want to order anything around 500. Poor,foodpanda_reviews.csv,5,negative,negative,1.0162785821010458
I want to order but I can't,foodpanda_reviews.csv,5,neutral,neutral,2.2445950486173394
Awesome App...totally make booking a Grab a breeze. You can pin point your own location for the driver & can track when your driver will arrive.,grab_reviews.csv,5,positive,positive,-0.050460715746449614
"Highly recommended, the missing star is just because of the poor searching mechanism.",foodpanda_reviews.csv,4,negative,negative,1.1367193712765724
"Siapapun driverx blm sekalipun dikecewakan, kalian luar biasa",grab_reviews.csv,5,neutral,neutral,0.7278448471601547
Worst app can't place my order while selecting payment method. app is showing error while operating,foodpanda_reviews.csv,1,negative,negative,1.5135402438820336
Its very gorgeous nice zabardast app for foods in life,foodpanda_reviews.csv,5,positive,positive,0.7451897508270566
Zero star rating if possible...Sometimes order gets refused by vendor...payment already done no refund...!! Lost my money ..!! Not even interested to rate this app vth zero star...the worst food app...don't try it...,foodpanda_reviews.csv,1,negative,negative,1.8962029807999272
tidak ada penyelesaian untuk masalah aktivasi OVO di app grab yg sudah berjalan beberapa bulan.... semua anjuran dan langkah dr CS Grab nya uda dilakukan.....tp ga bisa juga.,grab_reviews.csv,1,neutral,neutral,0.45500291086345124
"I'm always order Chowking using Food Panda , in my every 10 orders , 7 out of 10 either my drinks or my noodle soup spilled..very frustrating I guess their rider have poor training in handling food properly and their bag have no division to protect liquid from spilling. Just now 2 mins ago drinks nothing left spilled again.Rider just say sorry.hayz",foodpanda_reviews.csv,2,negative,negative,1.6425813029419611
Ordering here is very easy and cheaper compared with other ordering app. I,foodpanda_reviews.csv,5,positive,positive,0.7514240170913238
"Food panda Now Become Such A Sick Service Rider Charge Me More Then My Actual Bill And Argue That Your Location Was Different Then Where You Actually Are. But I Click On Use My Current Location, Should I Add Everytime New Location Even If I Click On Use My Current Location. 2nd Thing I Place Order From Dr Shamp but Rider Give Me Less Stuff Then I Ordered. 🤦‍♂️🤦‍♂️😠😡😠😡😠 Such A Bad Service. Please improve Your App Accuracy And Riders Behavior Otherwise Your Business Will be Shut Soon After.",foodpanda_reviews.csv,1,negative,negative,1.4975725953469716
I hate you🤍🖤,grab_reviews.csv,3,negative,negative,0.2502062675491179
Really helpful but sometimes the drivers are annoying.,grab_reviews.csv,4,negative,negative,1.3818941517109202
Bad experience not good support team collect order take money not send order blame customers bad,foodpanda_reviews.csv,1,negative,negative,2.2393236986025453
"why is it taking too long to call for a pick up when someone else can just order them. and get one , is it the app that's unstable? fix it now please because it's very much frustrating",grab_reviews.csv,3,negative,negative,1.1038901227119293
"*Pathetic App/Service* 😕 +System has glitches so 'NEVER' add money to wallet or pay ahead. +App is not safe for card payments. +Always pay Cash-On-Delivery, Bcz they don't refund under any circumstances, even if the order isn't placed or delivered or item-not-available or Rainy weather or app-crash. +Whatever the reason, even if restaurant is permanently closed, they don't refund a single penny back. +No complaint number, No way to contact management either!! +No Customer Service, only 'Bots'.",foodpanda_reviews.csv,1,negative,negative,1.85701636631075
I cannot log in into my account. It keeps on retrying,grab_reviews.csv,1,neutral,neutral,0.7266463087920536
helpful and good service,grab_reviews.csv,5,positive,positive,2.9613360392245145
Rider didn't deliver the food I ordered. I use voucher and yet CS can't do anything. They are useless. It was on the way and after four minutes it was cancelled by the app.,foodpanda_reviews.csv,1,negative,negative,0.9132673822187298
Cannot update bank account. Angry,grab_reviews.csv,1,positive,negative,0.7794909174169038
A must in Asia!,grab_reviews.csv,5,neutral,neutral,1.0667947611893653
Grab cần phải khắc phục lỗi không nạp tiền vào tk gấp,grab_reviews.csv,4,neutral,neutral,1.2241262240600292
Worst app and many bugs.Bad Customer service,foodpanda_reviews.csv,1,negative,negative,3.6029957715113974
"Kadang2 boleh comment slps delivery, kadang2 x boleh. Xmcm grab boleh comment all times",foodpanda_reviews.csv,4,neutral,neutral,0.922395536728797
"The map around where I live is wrong! If I type my location, it shows up on the wrong place on the map. If I place a pin, it tells the driver the wrong address. Last week I cancelled my ride because the driver got lost, and this problem with the map is probably why.",grab_reviews.csv,2,negative,negative,2.0426829709301195
"Bad apps, during payment type in otp lag, and Foodpanda rider are dishonest, it happened few times on my experience...",foodpanda_reviews.csv,1,negative,negative,1.2518938003353544
The services that convenience to me that always order take out.,foodpanda_reviews.csv,5,neutral,neutral,0.6604502902261908
Terbaik! 👍,grab_reviews.csv,5,positive,positive,1.8063875932205973
Tmhare lie free rating,foodpanda_reviews.csv,5,positive,positive,0.7391065773489534
Why do you automatically include all the plastic forks/spoons/knives etc? Surely most people have their own cutlery. This is a waste of plastic. Surely it should automatically ask if you require plastic rather than automatically give you plastic. I hope you fix.,foodpanda_reviews.csv,1,positive,negative,0.10428061324162718
Overpriced services.,grab_reviews.csv,1,neutral,neutral,0.7257822002344592
How come there's a pandago icon on foodpanda app for certain android devices only? Not all android devices have pandago icon on foodpanda app. Why is it so? Tks.,foodpanda_reviews.csv,4,positive,neutral,0.23362232193463695
Uninstalled after the latest update. Very disappointing,grab_reviews.csv,1,negative,negative,1.4871968890843434
Great love it😍,foodpanda_reviews.csv,5,positive,positive,5.202591484115254
Very helpfull... I hope grab car will keep give a lot of promo yaaa,grab_reviews.csv,5,positive,positive,0.49471524193352723
Once you order even accidentally yoh can't cancel. even if you di it immediately It sucks.,foodpanda_reviews.csv,4,negative,negative,0.7333377097255567
Poor Help Feature and Poor Grabpay Feature,grab_reviews.csv,2,negative,negative,1.0069070437677112
best giler.. bnyk mmbantu..,grab_reviews.csv,5,positive,positive,1.8999781739567536
"I've been using this app for several years, but my recent experiences with the drivers make me feel like I won't be commuting by grab fleets. They often don't receive my calls but they don't want to cancel my order either, so I have to cancel it myself. This morning I've waited for 10 minutes just to know that the driver won't accept my order, yet he is already in the front of my house. Disappointing as it is, I'm done with this fleet.",grab_reviews.csv,3,negative,negative,0.92485459689548
Whenever I order something my order gets canceled it,foodpanda_reviews.csv,1,neutral,neutral,0.6362462180183399
"Shera mama :"")",foodpanda_reviews.csv,5,neutral,neutral,1.625360330290655
1star bcoz unfair treatment for e pemula.. giving voucher that have spending limit. When tng and shopee u can scan qr get real cash Until this issue solve. 1 star rating stay forever.,grab_reviews.csv,1,negative,positive,-0.01050241880966074
Foarte promti !,foodpanda_reviews.csv,5,neutral,neutral,1.210538040850061
terrible user interface. logic/process flow of handling user action is bewildering. no way to talk to real people and the chat bot does not give all the possible options - even the most common issues. verification is epic fail due to the way the app handles uploded photo. i am just consuming the money i have in grab wallet and i'll remove every trace of this app from my device.,grab_reviews.csv,1,negative,negative,1.0907063433216506
"So far, this app is fine. I love the service. I just wish that more restaurant options will be added in our location",foodpanda_reviews.csv,4,positive,positive,1.8530678529988174
I deleted my app and cancel my account with Grab. I don't mind forfeiting all my bonuses and points. All I ever wanted was an answer why the rider left my food unattended at a lamppost and grab thinks I want a refund. Keep sending me emails and telling me no refund. I ALREADY SAID I DON'T WANT A REFUND! I want an answer! Really disappointed and to think I was a loyal customer. Really disappointed. PS : The best part is they say the have photographic evidence of delivery but they can't show me.,grab_reviews.csv,1,neutral,negative,0.31847830192769266
bad apps ever,foodpanda_reviews.csv,1,negative,negative,3.189388596964976
Still Getting Experience,foodpanda_reviews.csv,4,neutral,neutral,1.0807923573838274
For me a useless app,foodpanda_reviews.csv,1,negative,negative,2.5362215770315544
For now....,grab_reviews.csv,3,neutral,neutral,0.5736974114412933
Have to update every month Have to update 2 time a month Bad service said rider will arive in 10 minute but rider already arrive poor,foodpanda_reviews.csv,1,negative,negative,1.1035615119635702
"order missing, no avenue to pursue. voucher unable to use. fraudulent practise.",foodpanda_reviews.csv,1,negative,negative,1.4605523577024409
Very nice app for book a ride and food but can make the promo code as long available for every account so personal account who not yet used the promo code can used the promo code,grab_reviews.csv,5,neutral,positive,-0.017328017052643085
Balh abl,foodpanda_reviews.csv,5,neutral,neutral,0.8128970519824094
tankhs baro,grab_reviews.csv,1,neutral,neutral,1.116096745987472
"They have poor service quality, they have riders who scam people, and I had 5+ experiences where the help center agent couldn't do something about the issue their rider has done.",foodpanda_reviews.csv,1,negative,negative,0.6160121418926954
Salamat shopee❤,foodpanda_reviews.csv,5,positive,positive,1.210048471322598
24 hrs. Search for cheap and best,foodpanda_reviews.csv,5,positive,positive,1.2826321256899285
Very help us,grab_reviews.csv,5,positive,positive,1.0092707330202935
satisfied service,grab_reviews.csv,4,positive,positive,1.6251907785502901
Nice App... I have better experience when it comes to a food delivery 🥰🥰🥰,foodpanda_reviews.csv,5,positive,positive,2.0387755065765107
i exited this app,foodpanda_reviews.csv,5,neutral,neutral,1.4780428017708829
Its easy to use this app..for food delivery👍👍👍👍👍,foodpanda_reviews.csv,5,positive,positive,4.198476451618237
I got logged out from the app for no reason at all & I can't log in back. I even try to use my Facebook account but I still can't log in. I'm very frustrated. Please fix this issue ASAP!!!,foodpanda_reviews.csv,1,negative,negative,-0.08471697903488895
"Please and I mean please update your map... Even though I can pin point my current location on your map, but the address shown is not correct at all. Sometimes your rider arrive at wrong house due because of the un updated map.",foodpanda_reviews.csv,3,negative,negative,0.3706556234081688
Itsvgood,foodpanda_reviews.csv,5,neutral,positive,0.32786543574118254
Force close,grab_reviews.csv,1,neutral,neutral,1.081200461622037
Awesome! Very fast service.,foodpanda_reviews.csv,5,positive,positive,2.575783916283986
"Worked well six months ago, and works pretty flawlessly in Malaysia, however here in Thailand recently the app has become polluted with pop-ups. They block the booking screen, they block the confirmation screen, and when I'm under way they block the in-transit screen. It's extremely frustrating, and poor marketing to bombard a current customer with advertising. I'm waiting for the day when a rival to grab arrives in Thailand and they can't abuse their monopoly.",grab_reviews.csv,2,negative,negative,1.0896921075453667
G pernah dpt driver,grab_reviews.csv,1,neutral,neutral,1.209695867689046
Order nai ata jab b mangwao 😡,foodpanda_reviews.csv,2,negative,negative,1.2713832698421914
Why And Why Always The System Down Like WHAT THA HELL. I ORDERED A FOOD AND IMMEDIATELY TOOK THE MONEY WITHOUT CONFIRMING THE ORDER .,foodpanda_reviews.csv,1,negative,negative,0.2591485308198107
The cod method was disabled in my account. They're claiming that i had many cancelled orders before and requested refund. But i haven't done that yet. So frustrating.,foodpanda_reviews.csv,1,negative,negative,1.5213836228444504
Bug notifikasi grabhitch Notifikasi hilang sndiri,grab_reviews.csv,3,neutral,neutral,1.1275796027091611
"If only I could give zero stars, their customer service is pathetic",foodpanda_reviews.csv,1,negative,negative,0.6266791089281836
Best transportation ever!!! Love this app,grab_reviews.csv,5,positive,positive,3.209857097830583
Awesome food awesome service awesome experience,foodpanda_reviews.csv,5,positive,positive,1.7455909570598058
mantappuu,grab_reviews.csv,5,neutral,neutral,1.2200376647272024
Foodpanda terbaik,foodpanda_reviews.csv,5,neutral,neutral,0.9646101857305222
Edit: there's a bug in the app. I will only change this once the issue has been resolved. I ❤️ food panda! Especially the discount coupons! 😂,foodpanda_reviews.csv,5,positive,positive,1.9603919248909205
"kenapa promo langganan grab semakin kecil aja, d turunain mulu nominalnya. hadeuhhh....",grab_reviews.csv,3,neutral,neutral,0.5758524807494096
"This App didn't give a car following Odd-Even policy. Once I cancel the order due to Odd-Even policy for 3x, it doesn't give me any car!",grab_reviews.csv,1,negative,neutral,0.23408530687614326
them make easy go anywhere m cheapest,grab_reviews.csv,5,positive,positive,0.6032401512224594
Music Videos အကူညီေကာင္းဆံုး,foodpanda_reviews.csv,4,neutral,neutral,0.8265630751316052
Would be better if the drivers don't cancel trips that often.,grab_reviews.csv,5,positive,positive,0.7631465600463863
Best option for foodies :),foodpanda_reviews.csv,5,positive,positive,1.2172595732681633
"Fast delivery and the driver has a good moral support,thank you Foodpanda 💕💕💕",foodpanda_reviews.csv,5,positive,positive,1.5925138328329116
One of the Leading Rent a Bike or Car Service in Vietnam expanding very Quickly and the best in Vietnam :),grab_reviews.csv,5,positive,positive,1.2035007120867
So prefect!,grab_reviews.csv,5,neutral,positive,-0.10263143717372092
Nice app very fast delivery and cheap delivery 😊👍,foodpanda_reviews.csv,5,positive,positive,3.238880558321812
Dispatch team me gandy kutty mojud hen jo ke wallet se pese kat lety hyn or refund nahi karty jab ke order ghalat bheja hota hy khana bhi wapas le jaty hn or refund bhi nhi krty,foodpanda_reviews.csv,1,neutral,neutral,0.04738213938419045
Kalau kasih notifikasi promo tu yg tepat sasaran.. ni sy sering dpt notif promo.. tp khusus pengguna baru.. gmn sih.. emg gak bisa bedain ya pelanggan lama sm baru? sy kan sudah lama pakai grabfood. Ni IT nya suruh perbaiki lagi.,grab_reviews.csv,1,neutral,neutral,0.7493270851784227
Best app in delivery,foodpanda_reviews.csv,5,positive,positive,2.1152413731269615
Very bad apppppp 😠😠😠😠😠😠😠😠😠😠😠😠😠😠😠😠😠😠😠😠😈😠😠😠😠😠😠😠😠😠😠😠,foodpanda_reviews.csv,1,negative,negative,3.7474826056806605
They sended me worst food and on complain wrote a cut copy paste mail. Zero start could be given if there was a option,foodpanda_reviews.csv,1,negative,negative,1.1336565783304704
timepass,foodpanda_reviews.csv,2,neutral,neutral,1.2826880886716752
"With EQL right now, food panda would have been a great convenience but unfortunately choices of food within my area is very very limited. Im not happy.",foodpanda_reviews.csv,1,negative,negative,1.0987774012070375
This is stupid app my location accpat he nhi kr rhe 5 mobile se use Kiya hai so koi faida nahi eska yeh poodpanda wale apna faida sochy hein stupid app 📢stupid app poodpanda,foodpanda_reviews.csv,1,negative,negative,2.279731781743575
why are u forcing me to tk a selfie n the option din work at all n i cant book a ride!!!! hv to use MULA n if u dun fix this asap alot is going to uninstall this,grab_reviews.csv,1,neutral,neutral,-0.03149597913112734
Very bad service order was not on time to cold not a aingle packet of souce no tissue,foodpanda_reviews.csv,1,negative,negative,1.6544945810867135
I'm really disappointed!these past few days booking is difficult and i end up always looking for metered taxi in our place..not able to connect to the server and try again in few minutes!Location is on but still cant and i just get pissed off!though i updated it but it happens always..,grab_reviews.csv,2,neutral,negative,1.5284788203799637
Love the service:),foodpanda_reviews.csv,5,positive,positive,2.1352456517038334
Great on time service,grab_reviews.csv,5,positive,positive,2.142823515500316
Absolutely Love It !!! 💋💋💋 Food delivery was alway on time & many varieties of food for selection. 👍🏼👍🏼👍🏼 Yeah !!! 1000 reasons for me not to cook at home. Very convenience & fabulous experience. Just don't forget to tip the hardworking driver. Thank you very much !!! ❤❤❤,grab_reviews.csv,5,positive,positive,2.8072083581519385
"Asyik kena cancel je. Apa masalah ye? Penat tunggu lama2, tahu2 order cancel!😪😡 dah 2 kedai tau!",foodpanda_reviews.csv,1,negative,negative,1.2428270194456839
MuhammadAfzal,foodpanda_reviews.csv,5,neutral,neutral,1.1411358443928563
superb tym of delivering,foodpanda_reviews.csv,5,positive,positive,0.6529514966285217
Useless apps.. rider cannot deliver to my address but the restaurant is just 5km+ away.. useless foodpanda,foodpanda_reviews.csv,1,negative,neutral,0.4087217117970945
3rd class app always payment is gone order not confirmed what the hell they do with our money for 7 days,foodpanda_reviews.csv,1,negative,neutral,0.45230258911629106
Grabfood nya udah sampah banget. Ga ada alasan buat install ini aplikasi. Mending pake Gofood. Promo nya lebih menarik dan lebih banyak..,grab_reviews.csv,1,neutral,neutral,0.27582426473916577
Address/ location need improvement,foodpanda_reviews.csv,3,neutral,neutral,1.0732670426651714
To lat brig as food,foodpanda_reviews.csv,1,neutral,neutral,0.25704883667833767
"Since only left grab in asia market, offer lesser, which i can understand abt that. However, just notice that recently point earning system changed. It is very disappointed. I spend, i earn, but now with lesser point earning, really discourage user to continue using.",grab_reviews.csv,2,positive,negative,-0.23801336091794134
Aplikasi yang bagus dan membantu saya dalam hal transportasi alternatif.,grab_reviews.csv,5,positive,positive,0.3588426167902765
App still can update but pickup location still some once put incorrect location.,grab_reviews.csv,5,neutral,neutral,1.5616193157438805
excelentttt,foodpanda_reviews.csv,5,neutral,neutral,1.2699564622813089
Pathetic service from food panda.. Wanted to give 0 stars.. App is useless because the service backing it is terrible. Do not waste your time ordering through foodpanda,foodpanda_reviews.csv,1,negative,negative,2.800934546793862
It was very good app but now it becomes worst one voucher cannot applied always says this voucher cannot apply to your account then why you peoples issued us?? To make fool is?? Is this a prank application??,foodpanda_reviews.csv,1,negative,negative,0.322419534232639
delivouse taste,foodpanda_reviews.csv,5,neutral,neutral,1.048544029250833
"its good! sometimes food amount is less, other than this problem, its service is good!",foodpanda_reviews.csv,5,positive,positive,0.4003673291229841
Tapi kenapa skrg kalau pakai promo harga nya ga langsung ketauan. Walau ada notif dpt disc tp kan jadi agak ragu karna harga yg tertera tdk berkurang. Jd ga enak kalo mau ksh harga promo. Kadang drivernya jg ga blg.,grab_reviews.csv,5,neutral,neutral,0.6138238809237511
Do not download this app. As of today. January 2023. They are not giving back my refund. Do not download this app. The worst ever. Obviously it is scam. I placed an or order through their apps but after i paid it. I received that my order was cancelled from their part. Now ask for the refund but 5 days already still they are not returning my refund. They have customer support but they using automated reply. So apparently its useless. I suggest not to use this app. !!👎👎👎👎👎👎👎👎👎👎,foodpanda_reviews.csv,1,negative,negative,2.812763861603145
"Hi,i am a Grab fan and thank you grab.Need to feedback hope that all Grab drivers wont reject if we dont have a change of 50dlrs note.And hope that they did not tarnish the Well Customer Service that Grab have rendered.Couple of incidents with two Old uncle driver who were lack of respect and nt Customer Service Oriented but more to selfish.Hope they dont make this as a nuisance and Lame excuse my saying ""Oh i just started shift sorry horr no change!""BLESS U UNCLE",grab_reviews.csv,5,negative,negative,0.7976232990992811
"Riders are scammers. Caustomer serbice is unhelpful. They'll camcel your order. This means your payment will not be refunded. And then the rider will text you after 10 minutes of cancellation that he's at the pick up area. But when you go there, there's no one. Waited twice more than 10 minutes. No food No refund. 😡😡😡",foodpanda_reviews.csv,1,negative,negative,1.4715507951688984
Never had to complain about anything. Satisfying!,grab_reviews.csv,5,positive,neutral,-0.08509658171998291
Search result is totally useless,foodpanda_reviews.csv,1,negative,negative,1.3060499720810657
Ossem app,foodpanda_reviews.csv,4,neutral,neutral,2.0398665983010034
Amazingly amazed by FP service.,foodpanda_reviews.csv,5,positive,neutral,-0.12080892913256447
The vouchers are not working 😕,foodpanda_reviews.csv,1,negative,negative,2.2069457505747785
My go to app for everything,grab_reviews.csv,5,neutral,neutral,0.7630969616733507
How frustrating!,foodpanda_reviews.csv,3,negative,negative,1.8019316405845864
Best app for ordering food. I really liked it.,foodpanda_reviews.csv,5,positive,positive,2.6903613440241108
Love this app also all grab' drivers. Very humble and friendly. The payment was very cheap and helpful with it's promotion. For suggestion add many food menu so as customer we can grab it as much as possible. Thank you grab for taking us everywhere.. God bless u all people who work by this app.. Keep fire 😇😇😊😊😊,grab_reviews.csv,5,positive,positive,2.1567679997007447
tolong buat appnya agar tidak otomatis memilih lokasi saya sudah malas dengan kesalahan lokasi ini,grab_reviews.csv,4,neutral,neutral,0.6697402404868276
Mabilis dating agad..,foodpanda_reviews.csv,5,neutral,neutral,0.5398893183475184
Very bad poor,foodpanda_reviews.csv,1,negative,negative,6.574352873159468
I cannot tag my house correctly on the map,foodpanda_reviews.csv,2,neutral,neutral,0.7762156407652085
Grab food is better.,foodpanda_reviews.csv,1,positive,positive,1.5677146217554376
"Everytime Im in a hurry this app makes it difficult. After the last update Nov 11 it could not verify my VISA Debit. As if forcing me to cash-in to Grab Pay. You are so so SELFISH Grab always thinking of your income. And your drivers are very very LAZY not reporting to avoid rush hour. You were trying your best when UBER was around. BUT now, you are worse than ever.",grab_reviews.csv,1,negative,negative,2.018425086655147
Good job foodpanda 👍,foodpanda_reviews.csv,4,positive,positive,2.7908371978662023
Punctual and profesional riders.,grab_reviews.csv,5,neutral,neutral,0.7493043446328501
Shd not hv IC to be captured,grab_reviews.csv,2,neutral,neutral,0.7312354358510058
We can arrive at the destination faster,grab_reviews.csv,5,neutral,neutral,0.5950407751093998
One of the worst things I've seen in my life is foodpanda app 👎,foodpanda_reviews.csv,1,negative,negative,2.0843388733570025
"Setiap kali chat dgn pihak CS GRAB chat yg sy ketik selalu tdk keluar, sy tidak Akan memberikan bintang 5 sampai masalah teratasi, pdhal sy mau tnya perihal Dana OVO sy selalu ad penarikan tnpa sy ketahui untuk transaksi apa..Makin lama Makin aneh sy perhatikan aplikasi ini, selalu d update tapi malah Makin melempem pelayanan nya, TOLONG DIPERBAIKI..makasih",grab_reviews.csv,1,neutral,neutral,1.1738850977454032
Very bad experience they are thief,foodpanda_reviews.csv,1,negative,negative,1.9174773474902502
Very nice 👌👍😍,foodpanda_reviews.csv,5,positive,positive,6.818441205703292
Now i can't use the apps,grab_reviews.csv,5,neutral,neutral,0.43423075832353786
Thanks foodpanda for on time delivery 🚚,foodpanda_reviews.csv,5,positive,positive,1.0276464096633686
Worst app ever jab bhi order kro kuch na kuch issue kabhi expired food kabhi missing item kabhi Jala Howa Khana,foodpanda_reviews.csv,1,negative,negative,0.9771194992211996
"Can't rely on this application since I couldn't make it when raining in the morning. This is not just one time, it always !! The app shows many cars are driving around, but no one accept to my request. Very disappointed. Uber is much more convenient. This used to be my fav app. Since I got activation failed on my number, I decided to remove it and looking for another app. There is no reason why activation should be failed so many times even I repeat.",grab_reviews.csv,1,negative,negative,1.4753018228060566
#RideorDine,grab_reviews.csv,5,neutral,neutral,1.0579556093935552
"Very bad service. first time order wanted to use RM 10 voucher, seller cancel order and they refunded 7-14 days into your account because there is no wallet in food panda. Then they only replaced with RM 5 voucher instead of RM 10. it's not my fault that the seller cancel my order. so stupid and unprofessional. anyway after few reports and emails they refunded after 2 days. I don't recommend guys. better use grab or dahmakan..as long as not food panda..even in FB so many people are complaining",foodpanda_reviews.csv,1,negative,negative,2.4636128581904577
Never got into any issue.,foodpanda_reviews.csv,5,neutral,neutral,1.2743899264224456
Company yahudi kedai lembap,foodpanda_reviews.csv,1,neutral,neutral,0.5703950778288053
"the worst experience, annoying interface, buggy alot of delay and no easy way to rate the restaurants",foodpanda_reviews.csv,1,negative,negative,2.326727714302685
"It's quite a useful apps. I just found it a bit difficult when I had to take a selfie to verify my account, sth like that. Overall it's been good.",grab_reviews.csv,4,positive,positive,0.7564441082825544
Your delivery boys should check the food before picking up from restaurants because multiple times they send me wrong stuff....they replaced it from another thing..!!,foodpanda_reviews.csv,1,negative,negative,0.5871267896964616
"Group order di Grab food bikin tambah lama dtgnya krn msh hrs kirim dahulu orderan org lain .... Mana makanan jadi dingin , minuman esnya jadi mencair 👎",grab_reviews.csv,1,negative,negative,0.20807037091328717
"Nice Foodpanda, keep up the good app.. May feature na kasi free delivery.. galing!!",foodpanda_reviews.csv,5,positive,positive,3.2110350748506624
Fooooood is life,foodpanda_reviews.csv,5,neutral,neutral,0.9132858642819581
Very very very Bad Taste Of Foods From Restraunts Very Disgusting,foodpanda_reviews.csv,1,negative,negative,2.2657769200223634
Money wasted app. And worst App . I had ordered so many time but every time problem and issue faced. I contact them they just said next time. And they nothing do. This app waste my money and time. They tell me we will give you voucher because my ordered arrived was wrong. But they never send money and nothing send me anything.,foodpanda_reviews.csv,1,neutral,negative,0.9229945240425934
Sangat terbantu dengan adanya Grab saat tidak ada yang bisa jemput aku.,grab_reviews.csv,5,neutral,neutral,0.9135152185748087
Panget ng serbisyo nyo mag indian tlga pak u,foodpanda_reviews.csv,1,neutral,neutral,0.9096799265961718
Nice and safe ride...,grab_reviews.csv,5,positive,positive,3.1673134344006124
🇵🇰🇵🇰🇵🇰🇵🇰🇵🇰🇵🇰🇵🇰🇵🇰🇵🇰🇵🇰🇵🇰زندہ باد پاکستان,foodpanda_reviews.csv,5,neutral,neutral,0.5832265192281108
"Sometimes the app just keep lagging in the middle of choosing menu, then it says the payment was failed yet the restaurant already start preparing the food. And some restaurant eventhough clients keep complaining how their food goes, they still does not do any improvement at all. Still a good choice for food delivery though compare to other app since foodpanda always give free delivery. Thank you.",foodpanda_reviews.csv,4,positive,positive,0.4556026010707226
Worst food delivery app They've removed live chat option (or made it hard to connect with them) so you can sit and be frustrated and wait for them to respond because this company don't care about their customer and only cares about getting your money. Worst customer service. Worst app interface. Disappointing service. 1 star is the best that this app should get.,foodpanda_reviews.csv,1,negative,negative,2.474109468549814
App ta valoi but adress khugte plm hoi,foodpanda_reviews.csv,4,neutral,neutral,1.5991602100973146
Not even worth 1 star.. Earlier it was working fyn.. But the vouchers just dont work.. AT ALL.. It keeps on sending mails n msgs about 50% off.. But the vouchers r useless,foodpanda_reviews.csv,1,negative,negative,0.22013898616053784
You don't have group orders and you have some issues with delivery guys on bicycles,foodpanda_reviews.csv,1,neutral,neutral,0.32089020195211915
Too many promotions but the time declared for orders are not credible. Don't use this app. Terrible.,foodpanda_reviews.csv,1,negative,negative,0.9096380048661379
it's good yunoo,foodpanda_reviews.csv,5,positive,positive,2.131843932143142
"Really very dangerous journey. Driver's phone was broken and he knew this at the start of the journey. Drove whilst trying to fix it at the wheel. Got completely lost and took 3 times the amount of time it should. Grab's follow up has been terrible. No offer of help / apology / refund. Apparently because he got us there in the end it's ok! The dangerous driving is terrible, but Grab not caring is even worse.",grab_reviews.csv,1,negative,negative,2.4190072012207233
worst food delivery app ever. what is the meaning of delivering a food after more than 1 hour,foodpanda_reviews.csv,1,negative,negative,0.8025165432674832
😍Awesome service,grab_reviews.csv,5,positive,positive,3.818206712899986
Wish I can order from restaurants far from my area too.,foodpanda_reviews.csv,5,positive,positive,0.449098445003014
"Services teruk, layanan tidak baik!",foodpanda_reviews.csv,1,negative,negative,1.1288512838095133
Excellent 👍👍👍👌,foodpanda_reviews.csv,5,positive,positive,5.1400909460373905
Ovo is still not working in Grab app,grab_reviews.csv,1,negative,negative,1.4377269638531658
They give used things my experience was really bad I don't recommend you foodpanda,foodpanda_reviews.csv,1,negative,negative,1.9929347969858346
Pelayanan nya kurang,grab_reviews.csv,1,neutral,neutral,1.4000068295591892
very bad service wrost😡 app.,foodpanda_reviews.csv,1,negative,negative,4.194611314247371
I give this app 1 star because Always many restaurants are closed (temporarily unavailable) and those who are open are worst. this the worst app I used in my life. Now I will never use this app again and recommend my friends to uninstall it ASAP.,foodpanda_reviews.csv,1,negative,negative,1.1468469536013721
good but your rider behaviour is very bad he annoying the custumers..,foodpanda_reviews.csv,2,negative,negative,2.461305627778
"App is good if you could just implement satellite mode on the map to point the location more accurately. Edit: as of may 7, 2021: app is broken. can't process order. 12/21/21: App Improved.",foodpanda_reviews.csv,5,positive,positive,0.4585438538127631
Masst hai,foodpanda_reviews.csv,5,neutral,neutral,1.1662673480821835
Very bad no restaurant available,foodpanda_reviews.csv,1,negative,negative,1.821322879633597
I love FOODPANDA......,foodpanda_reviews.csv,5,positive,positive,2.066114534083492
"after pedemic, difficult to get a grab at perlis area.",grab_reviews.csv,4,negative,negative,0.747663014893984
Where the hell is your support services? You added the option about contactless delivery and your rider still didn't delivered my order when i wasn't able to pick call that's why i choose that damn option. You support service person sent me this notification that i am not able to refund because I didn't collect my order i mean what the hell?,foodpanda_reviews.csv,1,negative,negative,1.0353161109874383
gginthechat,grab_reviews.csv,2,neutral,neutral,1.0577469451777401
Its very amazing.. Hand tu hand and mouth tu mouth..,foodpanda_reviews.csv,4,positive,positive,1.071570923209418
I like to using this app for my transport but just bcs i entered the wrong location they just banned me or what . Im late to work bcs of this,grab_reviews.csv,2,negative,negative,1.030504400601047
Kenapa ya klo grab now drivernya ga boleh setiap hari sama? Kenapa harus tunggu 5 hari dlu?,grab_reviews.csv,3,neutral,neutral,0.8507427605440695
"My account randomly stopped working. I place an order, but no driver ever accepts, this has been going on a week now. The phone number is just an automated voice message, and there isn't even a chat option available. No help at all. So disappointing",grab_reviews.csv,1,negative,negative,1.317247648550535
Boikot foodpanda.,foodpanda_reviews.csv,1,neutral,neutral,1.1091078037195734
สั่งไปตอนทุ่มครึ่ง หักเงินไปแล้ว ซักพักแจ้งว่าร้านปิด ซึ่งข้อมูลร้านแจ้งว่าปิด4ทุ่ม เลยลองสั่งร้านอื่น โดยที่ฟู้ดแพนด้ายังไม่คืนเงินให้ ก็เป็นเหมือนรอบแรก คือถ้าร้านจะปิดไม่ตรงเวลาก็ควรแจ้งไรซักอย่าง ไม่ใช่ให้สั่งแล้วรอๆๆๆๆๆ สุดท้ายแจ้งร้านปิดดื้อๆ คนหิวเข้าใจบ้างป้ะ แล้วเงินกว่าจะคืน นี่ก็ต้องเติมเข้าบัตรใหม่เพื่อจะสั่งร้านใหม่ หักไวแต่คืนช้า ปรับปรุงหน่อยเหอะ หลายรอบแล้วนะ,foodpanda_reviews.csv,1,neutral,neutral,1.353587018266046
Pertahankaan..👌,grab_reviews.csv,5,positive,positive,1.187328144509787
"I like how this work but, why isnt the Grab Bike working in Singapore? Can you fix it? :)",grab_reviews.csv,3,neutral,neutral,0.9881474300420484
Tidak bisa merubah nomor telepon,grab_reviews.csv,1,neutral,neutral,1.431276172638173
Excellent taxi service in Malaysia,grab_reviews.csv,5,positive,positive,0.9364855565140668
Great and easy to use,grab_reviews.csv,5,positive,positive,4.52010241898869
👍🏻 Dgn grab lbh mudah,grab_reviews.csv,5,positive,positive,1.1210429008489358
tq sbb mudahkn perjalanan saya... malaysia,grab_reviews.csv,5,neutral,neutral,0.6363524694858981
Please add advanced booking feature :D It'll be so much more convenient.,grab_reviews.csv,4,positive,positive,1.1907081065937872
Useless App! I subscribed to FoodPanda Pro and I can't even use it because your App always crash!,foodpanda_reviews.csv,1,negative,negative,0.8544673864967125
It kinda sucks that the app lets you book multiple times with out warning you. It just creates confusion for both driver and passenger.,grab_reviews.csv,3,negative,negative,0.834861563798627
beautiful great awesome app,foodpanda_reviews.csv,4,positive,positive,4.020297798033807
"Its the best now. I can go anywhere easily , hassle free",grab_reviews.csv,5,positive,positive,2.8889971845234204
The drivers has not good attitude,grab_reviews.csv,2,negative,negative,1.3997923494628304
"your ads very mistake in my device, but i already uninstall this apps",foodpanda_reviews.csv,1,neutral,neutral,0.8026900652059217
"Not good , no discounts , no promos and restraunts not committed providing stale food",foodpanda_reviews.csv,1,negative,negative,1.9985113537934716
"Just add the cancel order option for the ones who order, it's getting annoying to wait 40 minutes for the restaurant to cancel or confirm.",grab_reviews.csv,2,negative,negative,0.7442092494327928
Very good service and voucher packages Thank you Foodpanda,foodpanda_reviews.csv,5,positive,positive,2.026399949631064
"Lousy apps. I don't know since when but recently I'm not able to order breakfast from the fastfood restaurants anymore. For eg., if I want to order long john silver for breakfast in advance @ 11pm for next morning, there is no breakfast in the menu!! This happens to all the restaurants!",foodpanda_reviews.csv,1,negative,negative,0.19396589060873026
Service is good but sometimes delivary men are rude and cannot read address.,foodpanda_reviews.csv,3,negative,negative,0.43614878552242087
Unable to fix the issue. Takes time to reply to concern. Very disappointed.,grab_reviews.csv,1,negative,negative,1.3174005760390988
"Terrible experience!!! I had a problem with a cancellation of order, my order was not delivered amymore and I was also not allowed to refund. So I paid a big amount and got nothing but a headache and disappointment :(",foodpanda_reviews.csv,1,neutral,negative,0.9078980758723985
Fast and easy. Great UI and service.,foodpanda_reviews.csv,5,positive,positive,3.696760853064461
"very weak options for rural area, especially for resorts. especially from mc donald's or kfc. neither delivers by food panda. useless ad-spam. useless app for hungry rural people from resorts.",foodpanda_reviews.csv,1,negative,negative,1.3461941783713485
"I CAN'T MAKE A PURCHASE BECAUSE THIS STUPID APP KEEPS SAYING MY PHONE NUMBER IS ALREADY REGISTERED... THERE SHOULD BE A WAY TO RECOVER MY ACCOUNT LINKED TO THAT NUMBER. OR AT THE VERY LEAST ALLOW CHECKOUTS WITHOUT NEEDING AN ACCOUNT. THERE'S ""NO CONTACT"" SUPPORT OPTION WITHIN THE APP EITHER. WORST EXPERIENCE EVER!!!!",foodpanda_reviews.csv,1,negative,negative,2.0638143732
Forced update while waiting for an order. Fail. Move to Gojek,grab_reviews.csv,1,negative,negative,0.8340037868381196
"Lousy app, crash and many restaurant arent available. Uninstall!",foodpanda_reviews.csv,1,negative,negative,0.783216107543784
Puas sejauh ini. Tapi selalu ada ruang utk perbaikan. Sy pernah ada kasus grabfood motornya mogok tdk bisa antar sampai ke rumah. Sy rugi uang & makanan pun tdk diterima. Sy tidak menyalahkan driver. Memang mungkin keadaan seperti itu. Kala itu hujan dan sekitar jam 7 malam. Hanya saja kami sekeluarga hrs cari alternatif beli yang lainnya belum lagi wkt mkn semakin telat. Utk kemudiannya mohon dicari solusi supaya driver bs menitipkan ke driver lain dan tetap bisa menuntaskan pesanan pelanggan.,grab_reviews.csv,4,neutral,neutral,0.6805058462535193
"Doesn't make any sense it so expensive even after discount.. Old town nasi lemak after discount rm8.xx when check out it rm 19.. are you fair with your pricing ! Packaging, service tax",foodpanda_reviews.csv,1,positive,negative,0.39450812120058765
its worse apps..it keep on cancelling order. once i give it a chance to redeem it self then it still cancel my order. and rider if u cancel the order give it back to the shop la ni go and eat the order..,foodpanda_reviews.csv,1,negative,negative,0.6894207659270069
Great app fast free food,foodpanda_reviews.csv,5,positive,positive,4.453565384194447
"The app doesn't work for me anymore after the update, it's just stuck on the loading animation or a blank screen.",foodpanda_reviews.csv,1,negative,negative,0.8434819641243894
bagal mga 2hrs ko nakuha pagkain ko,foodpanda_reviews.csv,3,neutral,neutral,1.0143048488018602
"the system to search driver was fast. you don't need to wait too long. the driver n services were good. it""s comfortable 😊",grab_reviews.csv,5,positive,positive,1.6537539559695376
Best because always have voucher. Will repeat order with Foodpanda if have a lot of voucher,foodpanda_reviews.csv,5,positive,positive,0.7682137085345662
"De câte ori pe săptămână trebuie să dezactivez notificările, nu de alta, să știu și eu să-mi pun memento să nu uit să le dezactivez iar și iar.",foodpanda_reviews.csv,1,neutral,neutral,0.7325982412668776
So important,grab_reviews.csv,5,neutral,neutral,0.937151654672678
Really I liked should be bought,foodpanda_reviews.csv,4,positive,positive,0.5143805208899364
This app not have all of shop I want to order but it's easy to use and you can cash by credit card.,foodpanda_reviews.csv,4,positive,positive,0.40555335527623737
Apps doesn't run properly,foodpanda_reviews.csv,1,neutral,neutral,0.9709986316399508
Ang angas! Si Kiko Matos nag deliver ng food ko 👌,grab_reviews.csv,5,positive,positive,0.34324741833460926
Its good for ordering,foodpanda_reviews.csv,5,positive,positive,1.7252500406336917
Cea mai proasta aplicatie de comandat mancare nu mai comand niciodata de pe aplicatia asta,foodpanda_reviews.csv,1,neutral,neutral,1.2980677227824962
"Aplikasinya buruk, niat bikin promo apa tidak sih? Kenapa kode promonya kadang bisa dipakai kadang tidak, padahal customer sudah memenuhi syarat. Sangat buruk",grab_reviews.csv,2,neutral,neutral,1.1042617618458164
I would have rate it 5 but gcash not working.,grab_reviews.csv,4,negative,negative,1.2747045966995136
send food to me,foodpanda_reviews.csv,4,neutral,neutral,0.42897571375909593
fix connection on android device. i thinks its ip problem. im using vpn to see shops and other courses,foodpanda_reviews.csv,1,negative,negative,0.008326670977448991
good for those who have lots of money,foodpanda_reviews.csv,4,positive,positive,0.7135770828895753
Saved so much money when I switched from Grab to FoodPanda.,foodpanda_reviews.csv,5,positive,positive,-0.03447478039215501
How can I choose the grab bike? Its not in the option menu,grab_reviews.csv,1,neutral,neutral,1.1772392864963628
selalu yg terbaik,grab_reviews.csv,5,neutral,neutral,1.273164216678917
Easy and convenient service.,grab_reviews.csv,5,positive,positive,0.8789035186790215
Iii hui ink theiuy,foodpanda_reviews.csv,1,neutral,neutral,1.2312795653783928
Very easy and cheap!,grab_reviews.csv,5,positive,positive,2.1976074866090425
foodpanda is such a fraud. multiple times they have cancel your order and inform after 1 hour. Worst service.,foodpanda_reviews.csv,1,negative,negative,1.6620925940092328
Very nice thanks.,grab_reviews.csv,5,positive,positive,5.179899541108216
"Notification doesn't work anymore, so no promo notification...",grab_reviews.csv,5,negative,negative,1.3842760672582668
Hope your Services to people will continue and become better,grab_reviews.csv,3,positive,positive,1.161584263114048
App crash!! Negative star!!,grab_reviews.csv,1,negative,negative,1.277643969520085
Stupid runner,foodpanda_reviews.csv,5,negative,negative,2.3877465075307334
Efficient n covinent.,grab_reviews.csv,4,neutral,neutral,0.16164211520079674
awesome cheap and 5star quality,grab_reviews.csv,5,positive,positive,1.3066714564993458
"Cancel karena Odd-even policy, tapi tetap diberikan plat yang tidak sesuai",grab_reviews.csv,1,neutral,neutral,1.3899076357662339
"I love your service 🤗 Your delivery crews are so nice and fast, responsive that I can't order without giving them post-tip because of how nice they're. Please keep up the good service Foodpanda! Also, other mode of payments will do great! Hope you can work with the most used other payment services locally here in Philippines ❤️🙏",foodpanda_reviews.csv,5,positive,positive,3.295925695874743
It's been good so far,foodpanda_reviews.csv,4,positive,positive,2.0942114917401176
nice. recommended.,foodpanda_reviews.csv,5,positive,positive,2.211557516189149
They have very good service recovery. Doesn't leave u unhappy with any hiccups... They make u leave with a smile on Ur face even tho u called in the first place to complain,foodpanda_reviews.csv,5,positive,positive,0.7632003237588425
"The new update has ruined the app. It's now horrible to use. When I put where I want picking up, it deletes my choice out when I press book so no drivers know where I am.",grab_reviews.csv,1,negative,negative,0.9482115239316964
"I hate it when the pin auto fix it self to other location, pls remove that feature. And pls start using google maps source",grab_reviews.csv,1,negative,negative,0.644227790597502
Till not check,foodpanda_reviews.csv,5,neutral,neutral,0.8896871582053427
Sering crash dan force closed sendiri,grab_reviews.csv,1,negative,neutral,0.5707543482972353
I have changed phone with use same phone numbr unable to log in... worse apps,grab_reviews.csv,1,negative,negative,0.9276117995196436
loved it! ♥,foodpanda_reviews.csv,5,positive,positive,0.8993273303229918
nice food deliver link,foodpanda_reviews.csv,5,positive,positive,0.980131783054041
One of the worst customer service. I ask to refund my money from grab pay wallet since I cannot use it at all (1 person can only have 1 grab pay wallet). Haven't got any reply from the company customer service at all plus it almost 2 week.,grab_reviews.csv,1,negative,negative,0.4166758620744444
time punctuality,grab_reviews.csv,3,neutral,neutral,1.1262817909737384
"After updates its become worst app, can't find my location even its exist in waze or in Google map,",grab_reviews.csv,1,negative,negative,0.7752552498827696
Go & Best App,foodpanda_reviews.csv,5,positive,positive,2.6488319969934526
"Good, amazing experience with this apps and the deliverier also good . Just sometimes what we odered not same as the food was delivered .",foodpanda_reviews.csv,4,positive,positive,1.4388875041901203
sai hai bhai ghur mai mazy ka na ho to yahan mangwa lo bus bagum b khush bachy b razi,foodpanda_reviews.csv,5,neutral,neutral,0.942494554025339
loyalty means nothing to them😭 I was their silver client then gustu ko lang mag ride worth 90php no driver is accepting..Ive been waiting for 2hours all drivers pretend to be busy...so ugly heartless poor cars.,grab_reviews.csv,1,negative,negative,1.8740848718986185
Vary good,grab_reviews.csv,2,positive,positive,2.152897333872347
Map nya sering lemot,grab_reviews.csv,3,neutral,neutral,1.3496140084214772
Timely pick-up.,grab_reviews.csv,5,neutral,neutral,1.017908380766146
The worst taxi booking app ever!!,grab_reviews.csv,1,negative,negative,1.7098613263400058
Thanks for help us,foodpanda_reviews.csv,5,positive,positive,2.5624985012293378
.not use this app,foodpanda_reviews.csv,5,neutral,neutral,0.8698529900424403
Excellent app for buying meals and groceries. One important thing is it helps a lot of people to have a job.,foodpanda_reviews.csv,5,positive,positive,0.8941831032665186
Covenience at the tip of your fingertips. Good app.,foodpanda_reviews.csv,5,positive,positive,0.8919406634599596
"saya sangat terbantu dengan aplikasi ini. ketika saya mendapat pengalaman buruk pun, complain saya ditanggapi dan diselesaikan secara cepat. sayangnya kemarin ketika saya melakukan order grab bike entah mengapa jalur di aplikasi dibuat berputar, padahal ada jalur yg lebih pendek dan tidak macet sama sekali. alhasil nominal yg tertera di aplikasi jauh lebih mahal dari biasanya.",grab_reviews.csv,4,negative,neutral,-0.08773164373312725
Bhok lagi ha tw foodpanda karo❤❤,foodpanda_reviews.csv,5,positive,positive,2.0057980884158173
Very nice app for deliveries!,foodpanda_reviews.csv,4,positive,positive,1.5602913408815777
Good apps. Save me every time,grab_reviews.csv,5,positive,positive,1.669111451574073
worst app ever..trying to make an account but didnt go through! sucks app.waste of time!! i rather not give a star of this app if i possibly could!,foodpanda_reviews.csv,1,negative,negative,1.773232320969774
Cagayan deoro,grab_reviews.csv,5,neutral,neutral,1.2429884018720678
"Saya edit rate aplikasi karena update terakhir really sucks, setiap mulai chat dng driver atau ada update orderan aplikasi lsg ngelag habis Update: Alamat rumah saya sejak upgrade aplikasi jadi ngawur, gak bisa pointing ke titik yg pas, jadinya driver muter² cari alamat rumah saya. Barusan sy hubungi CS dan dia bilang dibuatkan laporan, tp percuma kalau tidak ada follow up krn yg komplen ttg alamat yg error sy liat sdh banyak di review Google Play ini",grab_reviews.csv,1,negative,negative,0.4157359836507626
"i change phone and forgot password, i go to reset password but its not my phone number that i registered with FP.. FYI, i never change number and already using it for 15years.. im login with my email but why cant send recovery password to email? why need to use phone only? sudahlah salah no phone sdgkan kita selalu ja beli guna FP,.. failed apps..",foodpanda_reviews.csv,1,negative,negative,-0.01670950062410803
Really impressed with kababish food club,foodpanda_reviews.csv,5,positive,positive,0.40112012739698466
Driver tak nak accept kalau 3km ke bawah melain kan hari hujan👎,grab_reviews.csv,1,negative,negative,0.4048268200166383
What id do without uuuyyyyy,foodpanda_reviews.csv,5,neutral,neutral,0.780571643621524
the delivery was not upto mark.incomplete order was delivered,foodpanda_reviews.csv,1,neutral,neutral,0.19472639383605306
I really like to use this apps. It save my time to get food. And I can do many other thing while waiting the food. good job 👍,grab_reviews.csv,5,positive,positive,2.3287686556872984
Wonderful platform where you get everything in best prices highly recommended ❤️,foodpanda_reviews.csv,5,positive,positive,2.9057530384768544
I like grab in Cambodia. ❤❤❤👌👌👌,grab_reviews.csv,5,positive,positive,3.196084020754564
Sobrang hirap mag book ng grab car!!!,grab_reviews.csv,2,neutral,neutral,0.6609142642284989
Sometime good sometime not.,foodpanda_reviews.csv,4,positive,positive,0.6501278514864848
Worst service ever. I have ordered twice a time and in both cases I got incomplete items and when I called back to riders or helpline they didn't give any response.,foodpanda_reviews.csv,1,negative,negative,0.7430368093488524
Superb app😙,foodpanda_reviews.csv,5,positive,positive,1.3100626451210815
fabulous service....,foodpanda_reviews.csv,5,positive,neutral,0.2523331487479199
I order 1 Small Pizza 🍕 is 80 rs showing when the pizza boy come he sad 189 Rs,foodpanda_reviews.csv,1,negative,negative,0.7542463211904309
my order have been cancelled but i already paid it using online banking,foodpanda_reviews.csv,5,neutral,neutral,1.0192542698031164
"Payah nihh.. voucher grabike nya ga pernah bisa dipake, selalu aja fully.. pdhl satu kalipun belum dipake.. kaga niat kasih promo kayanya... mending tetangga sebelah, ngasih voucher tp bisa digunain.. perbaiki lagilah sistemnya kalo ga mau ditinggalin pelanggan..",grab_reviews.csv,1,neutral,neutral,0.6894708702115142
Absolutely makes life easier!,grab_reviews.csv,5,positive,positive,0.39218918198538755
Really bad. Grab user for years. Send discount codes that you can't use. Prices go sky high when busy - SO WRONG. Looking for an alternative. 👎👎👎👎👎👎👎,grab_reviews.csv,1,negative,negative,3.7322647665709217
I need this app to call transport,grab_reviews.csv,4,neutral,neutral,1.0179113193310538
Uber replies within the day!!,grab_reviews.csv,1,neutral,neutral,1.0096270819199387
senang... mudah...,foodpanda_reviews.csv,5,neutral,neutral,1.0838960656858232
Poor service with poor solving solution from the helpdesk.,grab_reviews.csv,1,negative,negative,1.2564877319232872
Bad service bad mojo,foodpanda_reviews.csv,1,negative,negative,4.287293067346585
"We share foodpanda app to everyone but no one got 300 off, its just a joke",foodpanda_reviews.csv,1,neutral,neutral,1.5797998502282753
doesn't detect my location correctly.,grab_reviews.csv,1,neutral,neutral,0.514271004875536
Suspended my account without stating the reason behind.,grab_reviews.csv,2,negative,negative,0.3214797997789116
Food panda ay maurag minsan makaurag urag,foodpanda_reviews.csv,5,neutral,neutral,1.645819847350186
I'm enjoying ordering food here😍,grab_reviews.csv,5,positive,positive,2.333995072385002
sngt baikk,grab_reviews.csv,5,neutral,neutral,1.214608058555799
"Pathetic app it is. I had an account and I tried my best to get to it while placing order but they continuously said that username and password do not match. I reset the password, again it gave the same error and I wasn't able to place an order. Secondly it delivers to few parts of Islamabad and has no delivery service towards Chak Shezad which is absurd.",foodpanda_reviews.csv,1,negative,negative,1.0352792861969893
Where's the menu gone to? Why is this app so difficult to use? unbelievably difficult to use. and where is the menu? Why do I need to launch location services to check my grab credit balance? Why are drivers not penalised for cancelling bookings they accept? the service and this crappy app makes me really miss Uber!,grab_reviews.csv,1,negative,negative,1.325156424876377
I ordered kfc and after 1 hour they called me and said that they will not deliver it and when i asked the reason they ended the call.its a great app but the staff is too rude.,foodpanda_reviews.csv,2,negative,negative,0.5805125242177644
It really helps me to fulfill my cravings,foodpanda_reviews.csv,5,positive,positive,0.44532108657005254
easy to use and reasinable price on delivery,grab_reviews.csv,5,positive,positive,1.153302154972356
I do not recommend! The customer service is absolutely horrible. They have delivered an incomplete order while I paid full amount was told to wait for refund .... after a week still no refund... Was told by the customer service that it was too late to get a refund from products I have never received! They were informed by the delivery guy AND the shop making the delivery that these items were missing and still nothing!!!!! They are thief! BEWARE!,foodpanda_reviews.csv,1,negative,negative,1.4730158053415434
It doesnt work there's no food selection,grab_reviews.csv,1,negative,negative,2.3683584194559124
Benerin keamanan sistem dan beresin bugnya dulu ya baru saya kasih bintang 5,grab_reviews.csv,1,neutral,neutral,1.2294490280450423
Super fast delivery awesome!! 🥇🥇🥇,foodpanda_reviews.csv,5,positive,positive,1.4605157978940262
Still haven't received my refund.,foodpanda_reviews.csv,1,neutral,neutral,0.9451833382871965
Ok good excellent service,foodpanda_reviews.csv,5,positive,positive,4.214526294193065
Aplikasi Grab better banyak peningkatan gk banyak hank lagi..,grab_reviews.csv,4,positive,positive,0.31744490117748314
!oij iooo,foodpanda_reviews.csv,4,neutral,neutral,1.2880373786031942
The app is very user friendly and just got my favourite food within minutes gr8 job foodpanda🐻,foodpanda_reviews.csv,5,positive,positive,0.5703568833785353
Gak update saat restoran tutup. Aplikasi sebelah bisa langsung update saat restoran libur atau tutup.,grab_reviews.csv,1,neutral,neutral,1.0129727598276965
"Too bad, Grab service in Malaysia same as Taxi the fees is too high, can't even compare with neighborhood country Grab's service (Thailand). Unbelievable experience!!!",grab_reviews.csv,1,negative,negative,0.6657629307210087
"The worst food. I want to order via credit card not working. Only cash payment. I mean, the basic facility is not there. Are we living in 1900..",foodpanda_reviews.csv,1,negative,negative,2.1010077298346177
Baqwas app ghatia app,foodpanda_reviews.csv,5,neutral,neutral,1.017128181610189
"This app boom the restaurant business in Sylhet,",foodpanda_reviews.csv,2,neutral,neutral,0.8395858917500651
terbaik setakat ni,grab_reviews.csv,5,neutral,neutral,0.7358002468911389
Be friendly.,grab_reviews.csv,5,positive,positive,2.1587006642233577
nice apps very useful and helpful,grab_reviews.csv,5,positive,positive,3.314224163901173
Nice services thanks 😊,foodpanda_reviews.csv,5,positive,positive,2.7795790602641857
Am instalat pentru a comanda de la KungFu King și Victoriei e prea departe de Lujerului. Serios? Vreți să-mi livrați mâncarea de la colțul blocului?,foodpanda_reviews.csv,1,neutral,neutral,0.9432569726710366
The GPS of the app sucks. Also the time for the food to arrive extremely inconsistent.,foodpanda_reviews.csv,3,negative,negative,0.4415566751112292
Nc my to me,foodpanda_reviews.csv,5,neutral,neutral,0.8886411328195661
COD should be applies on Resturants,foodpanda_reviews.csv,2,neutral,neutral,1.156720329287889
"Everyday it keeps showing ""It is very busy today that's why you are seeing fewer option"" and doesn't show any restaurant. Very much disappointed for their this kind of joke.",foodpanda_reviews.csv,1,positive,negative,0.5987558260426318
"Apakah saldo ovo bisa ditransfer ke pengguna grab lain? Andaikan bisa, bagaimana caranya?",grab_reviews.csv,1,neutral,neutral,0.9403198721887792
harga yahudi naya pekerja ngn peniaga,foodpanda_reviews.csv,1,neutral,neutral,0.9693547115224315
first time for using thisa apps. hope it well,foodpanda_reviews.csv,5,positive,positive,0.8563468055361765
I had a very bad experience to use Foodpanda app coz I order the meal and rider doesn't bring the order whereas they also cut my double payment and restaurant will be closed during the period of order the food,foodpanda_reviews.csv,1,negative,negative,0.5731492239308098
"Bad ad, Spoiling children. Overcharging, poor quality",foodpanda_reviews.csv,1,negative,negative,2.5453070917984966
It is very easy to use,grab_reviews.csv,5,positive,positive,2.2859410617591776
Worst application in the world,grab_reviews.csv,1,negative,negative,1.5130569726090077
"Why is it way too expensive when peak hour- so terrible pricing- plz calculate back ur price- somemore, nowdays..when peak hour..so troublesome to have a driver .. sometimes have to wait almost 1hour...in KL area, PJ also ..i bet many area.. what happened- plz fix it..",grab_reviews.csv,2,negative,negative,1.1846457405912094
A lot of location don't show or inaccurate choices,grab_reviews.csv,1,neutral,neutral,0.29050565504945847
good i like grab,grab_reviews.csv,5,positive,positive,3.1213066840468002
Waste app don't use plz plz plz plz,foodpanda_reviews.csv,1,negative,negative,0.17500145818958113
Nice app i love it🌹😘😍,foodpanda_reviews.csv,5,positive,positive,3.3029386949727613
Drivers must have to know bout how to use WAZE or MAPS to the Correct place and Correct Road Thankyou,grab_reviews.csv,4,neutral,neutral,0.20285288955045222
Super hassle free,foodpanda_reviews.csv,5,positive,positive,2.8611494439896292
Always update 😒,foodpanda_reviews.csv,1,neutral,neutral,0.7544604388503743
Im trying to order food and when i press order it says that your password is wrong the password is correct but im using a new phone so its thinking the phone has been stolen or someone has hacked my sign in id and is trying to log in from another device please do something about this i was not able to order food for few weeks,foodpanda_reviews.csv,1,negative,negative,0.8916603990650338
"I love this app, user friendly and easy to use. Thanks",grab_reviews.csv,5,positive,positive,5.222528080792378
very nice app. very helpfully,grab_reviews.csv,5,positive,positive,2.478381969460691
"Bad experience ordering, bad experience with customer support. Updates dont contain enough info and they dont pay the drivers/couriers properly",foodpanda_reviews.csv,1,negative,negative,1.452653680182539
fhsj res,foodpanda_reviews.csv,5,neutral,neutral,1.223609434209357
"Horrible app, they cancelled our order after waiting for half an hour, left us with no options for dinner. Do not recommend to anyone, compare this to something like Uber Eats and this is laughable",foodpanda_reviews.csv,1,negative,negative,1.5045657735364997
promonya banyaaaakkkkk,grab_reviews.csv,5,neutral,neutral,1.3003421777627795
Baaaaaaaaaaaaaaaaaad,foodpanda_reviews.csv,1,negative,negative,8.673869604824286
I can't topup my prepaid using grabpay wallet. I've tried several times but still can't.,grab_reviews.csv,1,neutral,neutral,1.625064557185616
It's efficient,foodpanda_reviews.csv,5,neutral,neutral,0.6489093412984098
Apps babi,foodpanda_reviews.csv,1,neutral,neutral,1.0462939438641454
Apps unstable. Keep on crashing. Unable to register. Had to uninstall. Sori.,foodpanda_reviews.csv,1,negative,negative,0.3335871410878768
Kejap kata voucher ada.. then habis... Tiba2 ada balik.... Tak paham lah??,foodpanda_reviews.csv,3,neutral,neutral,1.0849790071722256
Awesome! Dameng discounts!,foodpanda_reviews.csv,5,positive,positive,1.1853171943632892
a very good driver,grab_reviews.csv,5,positive,positive,3.367024153633026
Why don't have all items?,foodpanda_reviews.csv,4,neutral,neutral,1.1486133451683609
Delivery charges increase day by day..this is disgusting,foodpanda_reviews.csv,2,negative,negative,1.0079771154819617
All my promotion code is saying you are eligible. Soo grab memberships are not good but they are bad . I HATE & DISLIKE GRAB.,grab_reviews.csv,1,negative,negative,3.165827333537504
just makes me happy all the time!,foodpanda_reviews.csv,5,positive,positive,0.5617628913098645
Not worth ordering from fp anymore. It was very good in past. Now no discount exorbitant delivery n parcel charges. Better to call restaurants and order.,foodpanda_reviews.csv,2,positive,positive,0.821791529119938
At this moment this app was very useful,foodpanda_reviews.csv,5,positive,positive,0.0852319045751806
"sangat membantu, tolong apknya diperbaiki krn sy sering payment non tunai jd sk bingung ksh tip saat gf. lbh baik lg ksh opsi tip setelah trx gf ya.terima kasih",grab_reviews.csv,5,neutral,neutral,0.8996890331270503
"Very good,very friendly and fast Delivery.",foodpanda_reviews.csv,4,positive,positive,3.6828341637839284
sarap.kasi,foodpanda_reviews.csv,5,neutral,neutral,1.146422582408245
it easy my travel,grab_reviews.csv,5,positive,positive,1.1217191064506744
I cannot use my phone and email to register Grab. I hav tried thousands time. Sad,grab_reviews.csv,1,negative,negative,0.7607882596233129
Its a decent app,foodpanda_reviews.csv,4,neutral,neutral,1.3258996729515675
lab this app,grab_reviews.csv,5,neutral,neutral,1.2428088404615496
foodpanda locks my kitchen. 😉😆😍😍,foodpanda_reviews.csv,5,positive,positive,1.668080162855291
Keep on improving! This is a great help for us commuters :),grab_reviews.csv,5,positive,positive,1.8331813651568212
Waste money,foodpanda_reviews.csv,1,negative,negative,2.0811554308021845
Nice food.. like it!,foodpanda_reviews.csv,5,positive,positive,2.607838120694998
Maping is not good,grab_reviews.csv,1,negative,negative,3.833917072845011
Serves several purposes,foodpanda_reviews.csv,5,neutral,neutral,1.4565878218802246
egg-sellent,grab_reviews.csv,5,neutral,neutral,1.6122466458516909
Very helpful but some features are not usable for me.,grab_reviews.csv,4,neutral,neutral,0.885997643152622
duck u gran owner,grab_reviews.csv,1,neutral,neutral,0.5060318398696091
Nagoorder ako taz nagloloko.,foodpanda_reviews.csv,1,neutral,neutral,0.6076988425347856
Very bad service. I'm so disappointed that their qualify has decreased. I ordered from them before but from now on I'm not ordering from them anymore. This is very sad.,foodpanda_reviews.csv,1,negative,negative,1.8434117747204453
Slow delivery 😡,foodpanda_reviews.csv,1,negative,negative,2.795111607265311
Having trouble with the location.,foodpanda_reviews.csv,4,negative,negative,0.9987336369383231
"Honestly, foodpanda needs to do something about late deliveries and services. On the other hand ,I order via grabfood ,it comes on time or sometimes faster than expected. This is 4th time I order with foodpanda, and 3 out 4 times was a terrible experience, which 75% of the time disappointed. I now remember why I and everyone else prefer using grabfood instead coz foodpanda sucks.",foodpanda_reviews.csv,1,negative,negative,1.7548841467303657
I don't want myanmar brand ambassador,foodpanda_reviews.csv,3,neutral,neutral,0.557988787617838
"Sucks a lot, driver over charged with out customer notification. I don't know how this app allows to over charge without notification.. this app only money minds not a customer satisfaction.",grab_reviews.csv,1,negative,negative,0.8936442808940965
Great app choice wise and efficiency wise!,foodpanda_reviews.csv,5,positive,positive,3.1646609252806037
"It really sucks big time. We place order on LJS outlet in CCK Lot 1 for breaking our fast, halve of our order delivery arrived. Another halve not arrive. Delivery guy says he will check but no news from him then. We lodge complaint to Food panda Help centre but they insisted of refunding within 24 Hrs. Itz been 48 hrs now but still haven't received. Tried again to contacting their help centre again three staff shut our text just like that. It really sucks and unprofessional 😡😡😡",foodpanda_reviews.csv,1,negative,negative,1.6069741563873938
The customer service very bad,foodpanda_reviews.csv,1,negative,negative,2.4145660328712166
Report grab i hate grab starting tomorrow,grab_reviews.csv,1,negative,negative,1.0261314939704507
harga tidak berbaloi. sebab bila saya sendiri request fare tinggi . dan bila saya suruh anak saya req fare rendah.,grab_reviews.csv,1,neutral,neutral,0.8136725993156757
Dur fitte muh,foodpanda_reviews.csv,5,neutral,neutral,0.5266543413653297
Semoga kenyamanan penumpang semakin di jaga dan jadi prioritas utama. O:),grab_reviews.csv,5,neutral,neutral,0.854176082693659
Very lazy delivery boys,foodpanda_reviews.csv,1,negative,negative,1.1323831397069277
Menolongku ketika laperrr,foodpanda_reviews.csv,5,neutral,neutral,1.309106099592499
it's okay. food gets delivered. but it's annoying that some vouchers don't work on any mode of payment.,foodpanda_reviews.csv,3,negative,negative,-0.017107726422107117
Aplikasinya susah dipakai.kirim chat k driver aj ga nyampe2..selalu tanda seru merah,grab_reviews.csv,1,neutral,neutral,1.0030827581075388
Slightly better than deliveroo..,foodpanda_reviews.csv,3,positive,positive,1.2385470570688148
Teruk. Tolong sediakan talian untuk customer service bagi menyelesaikan setiap permasalahan secara terus. Pesanan yang telah dibatalkan seharusnya mendapat refund automatik.,foodpanda_reviews.csv,1,negative,negative,0.1677704394055053
bagus kl bs dperkecil agar tdk makan memory,grab_reviews.csv,5,positive,positive,0.7947025097584322
Useless app... making people pay for cancelled order... the order was not even confirmed yet.😡👎,foodpanda_reviews.csv,1,negative,negative,4.640521791416644
"I have waited for my order for hours! The app is not working, not able to track my order status? No one pick up call from Food Panda. Chat service? Waited 20 mins, still waiting. No more Food Panda.",foodpanda_reviews.csv,2,negative,negative,1.5781537275760011
The app is really bad.,grab_reviews.csv,1,negative,negative,2.769988423064649
Forcing user to install every update,foodpanda_reviews.csv,1,neutral,neutral,1.0924596756245653
Very practical and convenient. Great value of money.,grab_reviews.csv,5,negative,positive,0.09999118712121535
Easy to use app and very quick response,foodpanda_reviews.csv,5,positive,positive,1.8123676152642683
ang pangit !! hindi ako mka pag order kasi hindi daw pwede ang location ko ! kainis,foodpanda_reviews.csv,1,neutral,neutral,0.6816316823960686
Tum logo kya hai sukoon sy video dekhny nhi dty han pata chal gya hai tu khany ka chamber per.humko chain sy video dkhny dey tare waja sy video2min ki jaga 5min hjati hai ad py ad,foodpanda_reviews.csv,1,neutral,neutral,0.7392832065036264
"its good thought, but i hate when they didnt give any warning about it isnt a halal restaurant",foodpanda_reviews.csv,3,negative,neutral,-0.04779369119707311
"Saya pesan dan bayar via mbanking, tp saya camcel pemesanan karena driver terlalu jauh. Dan saya kecewa karena tidak ada pengembalian saldo mbanking meskipun pemesanan dibatalkan",grab_reviews.csv,1,neutral,neutral,0.5275523743266812
"I AM SO SICK OF FOOD PANDA. ON HOME PAGE IT SAYS ""398 RESTURANTS IN YOUR AREA"" BUT AS SOON AS I SEARCH ANYTHING, IT SAYS "" WE'RE NOT IN YOUR AREA YET""!! WORST APP EVER",foodpanda_reviews.csv,1,negative,negative,1.4784474627536932
Easy to use. Madaming stores ang pagpipilian sa free delivery.,foodpanda_reviews.csv,5,positive,positive,1.555774516779939
"Great app, very helpful.",grab_reviews.csv,4,positive,positive,3.4670885942403302
"Food Panda sends a msg saying that for discount use the code and when we try to use it on the same time it says not valid. Tried live chat with customer service but trust me it is not at all helpful and the second thing is that the Menu is not updated in the app, delivery is late most of the time. Hate it.",foodpanda_reviews.csv,1,negative,negative,0.8470034029232139
Nyc app.. u have an easy acess to every restaurant,foodpanda_reviews.csv,5,positive,positive,0.6173701677438259
Easy. Fast.,grab_reviews.csv,5,positive,positive,3.076352053788357
Good driver polite and cheerful,grab_reviews.csv,5,positive,positive,1.8155123886890279
I hate it.... Its always loading 👿,foodpanda_reviews.csv,1,negative,negative,1.9144097861139477
good to have GRAB😁,grab_reviews.csv,5,positive,positive,2.015806337808062
Food panda 1/10/2021 aku buat payment order makanan tolak dari boots bayaran kena tolak tapi order tak jalan dan tak process untuk 2 order..,foodpanda_reviews.csv,2,neutral,neutral,0.9224777175132656
I get connection lost so the app isn't working anymore,foodpanda_reviews.csv,1,negative,negative,1.7976125618785623
Superb service..love it..,foodpanda_reviews.csv,5,positive,positive,3.2615584063366203
The driver was so niceee i love it,grab_reviews.csv,5,positive,positive,3.726532998705311
Won't change this 'til you remove the batch order!!!,grab_reviews.csv,1,neutral,neutral,0.7490798389939788
Quite reliable. Except that there are some drivers who asks to have the request canceled.,grab_reviews.csv,5,neutral,neutral,0.3572251585106252
Happy order happy deliver,foodpanda_reviews.csv,5,positive,positive,1.6508492453313621
優惠突然不能用，不然就是優惠已達上限。那就別寄email來煩我！,foodpanda_reviews.csv,1,neutral,neutral,1.2791724733966459
Favorit ❤️,grab_reviews.csv,5,positive,positive,3.809103693578793
Always the best app for the people who r living without there families and can't get home cooked food. Also very nice services for all people . Hoping that your app grows more!,foodpanda_reviews.csv,5,positive,positive,2.000998399500065
knp saya tidak bisa daftar baru ya..? stiap mau masukin kode verifikasi selalu dibilang salah. padahal sudah benar sesuai dengan yg saya trima dari sms,grab_reviews.csv,1,neutral,neutral,1.1447785351703395
Last delivery was worst. Given order full biriyani.. delivered half..,foodpanda_reviews.csv,3,negative,negative,1.0779555052973877
disuruh uodate terus . padahal uda update. jadi ga bisa subscribe paket . parah!!!,grab_reviews.csv,1,neutral,neutral,0.956056361616888
Maganda ung app. Sana mas more free delivery pa at more discount pa.,foodpanda_reviews.csv,4,positive,positive,1.522654062248509
app cracks all the time,grab_reviews.csv,1,neutral,neutral,0.7814658182182692
Not satisfied at all. Worst experience,foodpanda_reviews.csv,1,negative,negative,3.150653891461429
Must try this apps,grab_reviews.csv,5,neutral,neutral,1.139831941608012
I give order to food panda and give payment via atm card. And food panda does not give my order delivery In my home . My first experience is very poor for it.,foodpanda_reviews.csv,1,negative,negative,0.6601055134515961
Update after update it getting worse,foodpanda_reviews.csv,1,negative,negative,0.9106033824804554
"Good apps, answer to everyday need",grab_reviews.csv,5,positive,positive,1.0274145882437786
I haven't received my order even after 2 hours of waiting. Worst experience ever.,foodpanda_reviews.csv,1,negative,negative,1.2326711398050283
aplikasi ini sangat membantu dalam kegiatan sehari-hari.,grab_reviews.csv,5,neutral,neutral,0.7094239978720547
"My problem is , everytime I press Find Restaurant, my foodpanda app says ""IT SEEMS YOUR COUNTRY IS NOT SUPPORTED"". But I'm here in the Philippines though.",foodpanda_reviews.csv,1,neutral,neutral,0.507783105370622
couldn't place an order keep showing that change payment method,foodpanda_reviews.csv,1,neutral,neutral,0.800769076422031
I used foodpanda after a long time and they gave me a voucher. What a welcome back ♥️,foodpanda_reviews.csv,5,positive,neutral,-0.07744866796800332
It's really convenient and very user friendly!!!!! Easy way to order food....... :),foodpanda_reviews.csv,5,positive,positive,0.6358553529397122
the app cannot trace my place! bad apps,foodpanda_reviews.csv,1,negative,negative,0.7977981077142453
Filter out Non-Halal food will be very helpful. I know there's a feature can filter choose Halal dietary. But some restaurants do not tag as Halal where in fact they are. But those restaurants that already categorized Non-Halal it will good if can filter them out. Thanks.,grab_reviews.csv,4,positive,positive,0.9583861529657536
"I purchased for a voucher and it didn't work well. When i contacted Grab customer service, I got nothing. So, its service is so terrible.",grab_reviews.csv,1,negative,negative,1.6456892971002999
mempermudah...hore,grab_reviews.csv,5,neutral,neutral,0.9561722618173516
Good app no any bugs and error. A great invented app ...,foodpanda_reviews.csv,3,positive,positive,1.5343117790215601
"Amazing, first I thought this app was nuts. Because i ordered something thhey gave me something else. Then i sent feed back then they gave my money back and apologised to me. After that if order something they give me the best quality food",foodpanda_reviews.csv,5,positive,positive,0.7808553258248907
It's good and amazing,foodpanda_reviews.csv,5,positive,positive,3.3151121249954967
I ordered food lot of times. Food quality and quantity is absolutely awesome. Delivery is fast,foodpanda_reviews.csv,5,positive,positive,1.0550627740365612
chat history is not maintained against each order.,foodpanda_reviews.csv,2,neutral,neutral,0.418087379254954
Not good much..took few money,foodpanda_reviews.csv,5,negative,negative,2.594540998264842
patutnya bila update menyenangkan..ni lg menyusahkan..aptb,grab_reviews.csv,1,neutral,neutral,1.4017676817158622
Very worst. Raining cant work? My area cant found a driver order two time from different stall cant found a driver. Better dont work.,grab_reviews.csv,1,negative,negative,-0.01696694070860061
Exeptional at all times,grab_reviews.csv,5,neutral,neutral,0.47951066306079304
How to cancel when the estimated time is around 5 minute but I waited for 20 minute ?,grab_reviews.csv,1,neutral,neutral,0.5502253179258477
"The worst food delivery app. Drivers get lost, overcharge, late deliveries, wrong orders and the list goes on.",foodpanda_reviews.csv,1,negative,negative,2.7557060868367693
"cant even use my ovo to order food, and i cant even get my money back",grab_reviews.csv,1,neutral,neutral,0.9459884387157107
very excellent service 👍,grab_reviews.csv,5,positive,positive,2.170208154933947
Imcredible,foodpanda_reviews.csv,5,neutral,neutral,0.4507393184294419
This app never works when i need. Hate this app. No good restaurants No good deals ☹️😒,foodpanda_reviews.csv,1,negative,negative,1.3365509945226353
Uber! Why are you doing this to us?!Can never get a driver in Manila. Horrible experience!,grab_reviews.csv,1,negative,negative,0.5990627734935003
Great discounts...and fast order,foodpanda_reviews.csv,5,positive,positive,2.110541140315605
Not working on vivo v5,grab_reviews.csv,1,negative,negative,2.2358109702351427
Cant get it going,grab_reviews.csv,1,neutral,neutral,1.3508801248843851
Easy to navigate. Very useful especially during these times.,grab_reviews.csv,5,positive,positive,2.2644595253278137
Loooovvvveeeedddd iiittttt,grab_reviews.csv,5,positive,positive,1.8612763143449638
It's one of the best! Thanks for saving me money with parking and petrol hike,grab_reviews.csv,5,positive,positive,2.793767963618744
Really bad experience from last few days it keep showing loading loading and after 5mints screens got blank really annoyed,foodpanda_reviews.csv,1,negative,negative,1.7073212693262043
thanks very accommodating,grab_reviews.csv,5,positive,positive,1.4050670172565185
"Maaf saya barusan mengalami kejadian yg kurang mengenakan pada saat mengorder grabike. Driver membuat saya kurang nyaman karena secara tidak langsung mengintimidasi saya supaya memberi nya bintang 5.bahkan sampai di tanya mana hp saya,tau tidak cara nya",grab_reviews.csv,1,neutral,neutral,0.5982960313376178
if only there are better option than your stupid stupid app,grab_reviews.csv,1,negative,negative,1.4572717290675614
masyadong makulit!!!,foodpanda_reviews.csv,1,neutral,neutral,0.8155459416874454
BASURA KAYONG PUTANGINA KAYO MAGSARA NA KAYO,foodpanda_reviews.csv,1,neutral,neutral,1.1390386295131707
Disappointed u people don't refund money after paying online and cancel my order... Nonsense,foodpanda_reviews.csv,1,negative,negative,1.4773619613783038
I luveeeee it . It is the best app u could ever eat or drink. Don't neeed to go out side to huy food just ordered it here in this appp and the wala bebammmm!!! Food has done!!!,foodpanda_reviews.csv,5,positive,positive,-0.022482725328905495
sangat membantu dalam kebutuhan sehari hari.,grab_reviews.csv,5,neutral,neutral,1.0759289775781142
"Very good work,,❤",foodpanda_reviews.csv,5,positive,positive,5.214052217962999
Pangit ng service. Lagi pa galit nga delivery man 🙄 Di makita kung saan ang pin post.,foodpanda_reviews.csv,1,neutral,neutral,0.30244558955648926
on time at mababait ang riders,foodpanda_reviews.csv,5,neutral,neutral,0.7314809625291221
"The riders are terrible. For 2 orders in a row, either the order was delayed for an hour or there was no order showing up.",foodpanda_reviews.csv,1,negative,negative,1.4516973778679723
Worst app ever. Never shows my correct location.,foodpanda_reviews.csv,1,negative,negative,1.1231492337962252
Goooooooooooo,foodpanda_reviews.csv,1,neutral,neutral,1.4303516985291886
i haven't try yet but i think this application is useful esp to those who don't have time to eat in restaurant..and nice because they have discounted vroucher and promos.,foodpanda_reviews.csv,3,positive,positive,1.0411724480751994
Very poor service I experience bad at this app,foodpanda_reviews.csv,1,negative,negative,3.8205970732730266
Very bad as a whole,foodpanda_reviews.csv,5,negative,negative,2.0338614780166075
very easy to use and efficient,grab_reviews.csv,5,positive,positive,1.7887508341131582
Loosi App Aa,foodpanda_reviews.csv,1,neutral,neutral,0.9111853816484353
One of the worst food delivering apps they always deduct the payment and later they send mail and cancel the order bullshit,foodpanda_reviews.csv,1,negative,negative,1.3151148271659152
Always use this app. So useful nowadays,foodpanda_reviews.csv,5,positive,positive,0.021805364149326545
food panda app is not working properly very disappointed!,foodpanda_reviews.csv,1,negative,negative,2.891005306175543
Wala na talaga.,grab_reviews.csv,1,neutral,neutral,1.3828950143408205
I hope you put a review box as well for each restaurant/shop. That would be more helpful to your consumers.,foodpanda_reviews.csv,3,positive,positive,1.4730013237466497
About 1 hour waiting. SO TERRIBLE.,foodpanda_reviews.csv,1,negative,negative,1.4760479678687903
"Payah, pesen grabcar ngak nongol2 sampai 1jam.",grab_reviews.csv,1,neutral,neutral,0.7853299582473188
"Lelet banget aplikasinya, trus harus diupdate terus""an",grab_reviews.csv,1,neutral,neutral,0.34155070170732427
",😡 this app not working on work so I can not believe it",foodpanda_reviews.csv,1,negative,negative,2.3344938966987163
"Fantastic service, skilful and safe drivers.",grab_reviews.csv,5,positive,positive,1.8700136308388349
WHAT THE,foodpanda_reviews.csv,5,neutral,neutral,1.2390532064723694
+ayy azrillya mungkin mba gak bilang pak saya pakai promo grab car ya harusnya bilang begitu mba,grab_reviews.csv,5,neutral,neutral,0.7340553127375226
The promo code should be automatically applied every time we logged in.,grab_reviews.csv,4,neutral,neutral,0.4322713647498495
I like it it amazing,foodpanda_reviews.csv,5,positive,positive,1.9484868045588255
Buuutoooo telan duit aku,foodpanda_reviews.csv,1,neutral,neutral,1.4598164887153662
Very bad customer service especially from Allex Albert. Rain water was inside the food container already but reject to proceed refund or no compensation for this issue. Will not use Grab Food again due to this issue.,grab_reviews.csv,1,negative,negative,0.6982292105007146
HIz customer service,foodpanda_reviews.csv,1,neutral,neutral,0.7328280823707782
Loads of variety and excellent service,foodpanda_reviews.csv,5,positive,positive,1.2403724177193973
Cancel order cust but refund need to wait 14days..,foodpanda_reviews.csv,1,neutral,neutral,1.0142857044381848
"worst taxi app I've ever tried to use. demanded me to indtall facebook to get a ride , refused my cc, and wouldn't let me use cash. Uber, we need you here in Malaysia.",grab_reviews.csv,1,negative,negative,0.4492562436574279
easy and convy,foodpanda_reviews.csv,5,positive,positive,2.071711408294849
Grab is way better,foodpanda_reviews.csv,1,positive,positive,1.814412056395286
"Too bad So rude, this application",foodpanda_reviews.csv,1,negative,negative,3.3803206862644166
Update terus yha kzl,grab_reviews.csv,2,neutral,neutral,0.8108970452278585
"Feels like I have my own private Kintoun. Affordable, fast, and made my daily life far easier than before. Keep up the good work, guys! (^^)",grab_reviews.csv,5,positive,positive,2.3225857968195447
"First time order guna apps food panda..Menu KFC..before this penah install tp ade dominos shj..then uninstall..skrg install smula sbb dh byk kedai yg buat delivery dgn food panda..Tq food panda Bandar Putra , Bandar Putri , Bukit Mahkota 😊",foodpanda_reviews.csv,5,positive,positive,-0.027787747719086875
"Sumpah kesel banget, ada kode promo tapi gak bisa dipakai. Keterangannya fully used, padahal belum pernah dipakai.. sampai expired deh. Udah install ulang tetep aja sama. Grab kalo gak niat bikin promo mending gak usah bikin. Ini udah terjadi sama saya berkali-kali.",grab_reviews.csv,4,neutral,neutral,0.7088020680520333
Worst experience . Ordered frozen items today and the taste was so bad . Wastage of money👎👎👎,foodpanda_reviews.csv,1,negative,negative,4.0416026155503655
why there is no food delivery at kapar jalan haji yaakob 15. but other place similar nearby got delivery. so sad,grab_reviews.csv,1,negative,negative,0.7714601328481767
Nice app. Very essential. Thanks.,foodpanda_reviews.csv,5,positive,positive,2.8019373695189937
"Kasih sanksi lah ke toko yg tutup tapi di apk masih buka ,nyusahin aja",grab_reviews.csv,1,neutral,neutral,1.8084983954616403
Very easy with fast response,grab_reviews.csv,5,positive,positive,2.5088220912850048
Always late delivery and when I was giving delivery charge then why staff wants tips? They wants tips all the time 👎 n now I really hate it,foodpanda_reviews.csv,5,negative,negative,1.7138221757895247
Good app so accomudate,grab_reviews.csv,5,positive,positive,2.1777414218749866
Rider food panda bagus,foodpanda_reviews.csv,5,positive,positive,1.4996560908639618
Foodpanda app is not working properly I don't know why,foodpanda_reviews.csv,5,negative,negative,0.8047146366884528
A great car service for the big cities like Manila where the taxis will scam you. Thank you!,grab_reviews.csv,5,positive,positive,1.3859492591370384
i super love it..thank you😊😊😊,grab_reviews.csv,5,positive,positive,2.409931883057242
Beberapa resto ga sesuai harganya,grab_reviews.csv,3,neutral,neutral,1.377867803269111
Very helpful and great service. If they would only extend the radius of restaurants.,foodpanda_reviews.csv,5,positive,positive,1.6711246167845941
Nice and easy. Deliveries sometimes come incomplete though.,foodpanda_reviews.csv,5,positive,positive,1.7197716028536287
DO NOT INSTALL. MY FOOD DIDNT ARRIVED!!!!! ORDERED YESTERDAY 6PM I WAITED TILL MIDNIGHT. THE NEXT DAY APP SHOWED MY FOOD ARRIVED?? DAFUQ. STUPID APP.,foodpanda_reviews.csv,1,negative,negative,0.48150650661764116
I have taken grab subscription rm 50. But none of the trips I can't apply that voucher. I complain to customer care as well. No proper resolution. Wasted myr 50. Not able to use single voucher.,grab_reviews.csv,1,negative,negative,0.6522049472188516
not safe all drivers are scumbag tapos panagutan nyo yung naaksidenting sa taft,grab_reviews.csv,5,negative,neutral,0.44973131743532124
mantap! banyak promo,grab_reviews.csv,5,positive,positive,1.7185158591759253
aps xberguna betul banyak tempat xboleh nak tag....,grab_reviews.csv,1,neutral,neutral,0.9860612864359518
"PUNYETA KAYO!!!! UWING UWI NA AKO! NAKA-WIFI NA AKO, NAKABUKAS NA PA DATA KO NA PUTANG INANG LTE, PUNYETA INVALID KAYO NG INVALID!!!! UWING-UWI NA AKO. PUTA KAYO! MGA WALA KAYONG SILBI ANIMALLLLLL!!????????",grab_reviews.csv,1,neutral,neutral,0.4851753289861229
"almost all of the messages in grab are in Vietnamese I never know when there's a good promotion going on. also it's very hard to send a complaint. I don't know if this is the right place for us, but 75% of all your drivers we'll talk or otherwise use their telephone when we are driving. this is stupid and dangerous. why can't you get them to stop doing this?",grab_reviews.csv,3,negative,negative,1.0775107518042124
I already paid but the order doesn't processing my order and it back to add to cart.,foodpanda_reviews.csv,1,neutral,neutral,0.6627940005287066
my friend account deactivated. she called in. and need to submit stupid appeal. is her own account and what stupid appeal are you expecting. stupid grab,grab_reviews.csv,1,negative,negative,0.9991344050827324
"Was invited by my friend but when i tried to use the promo code ,it says invalid code!! Waste of time! Cheater!!!",grab_reviews.csv,1,negative,negative,0.399953785883028
"Faster and most convenient for food order and delivery... i dont like it actually, I love this app...",grab_reviews.csv,5,positive,positive,0.718260047380451
👍🏽👍🏽👍🏽👍🏽,grab_reviews.csv,5,positive,positive,1.1023168634400042
I won't tell you anything.,grab_reviews.csv,5,neutral,neutral,0.5814684498454218
THIS A VERY VERY BAD APO.,foodpanda_reviews.csv,1,negative,negative,2.640521588882694
It is exayting appp off bangladesh,foodpanda_reviews.csv,5,neutral,neutral,0.6823426495308296
Thumbs up!!!😀,grab_reviews.csv,5,positive,positive,2.491832669055553
Great experience everytime.,grab_reviews.csv,5,positive,positive,1.0507942589246657
Good experience with this app Usefull app,foodpanda_reviews.csv,5,positive,positive,1.137438103293342
"can't get a driver, waiting one hour for nothing.",grab_reviews.csv,2,neutral,neutral,0.7062400547718609
Feature tipping tidak berfungsi melalui pembayaran ovo. Sudah bintang lima tapi tidak keluar pilihan tipping,grab_reviews.csv,4,neutral,neutral,1.9554559790680253
"Thanks to this, i get to order food that i want without going far. Alot of selection, fast delivery, good customer service, UI is beautiful",foodpanda_reviews.csv,5,positive,positive,2.017839531505695
i lyk grab coz its fast easy and reliable.,grab_reviews.csv,5,positive,positive,1.5301383763529974
Good service and good quality of work,foodpanda_reviews.csv,5,positive,positive,2.1841217360420258
Your delivery is much better and takes less time,foodpanda_reviews.csv,5,positive,positive,1.1585022717982862
cannot respond to server since many days. unreliable app. thank goodness I am only starting using grab pay and not yet depending on it.,grab_reviews.csv,1,neutral,neutral,0.08885935535822109
There are bugs in the app i cant login,foodpanda_reviews.csv,2,neutral,neutral,0.9318377996812092
EXCELLENT ! SATISFIED,foodpanda_reviews.csv,5,positive,positive,4.245969219199045
"Kok gak bisa daftar baik melalui email, no tlpn, facebook .. data failed terus .. tolong dong dibantu admin grab",grab_reviews.csv,1,negative,negative,0.4033164565305398
Fuxkinh scam. Stupid chinese app,foodpanda_reviews.csv,1,negative,negative,2.8447063740499536
Because alway have ads,foodpanda_reviews.csv,1,neutral,neutral,0.2574298952111811
What I like is if there is no driver..you keep trying till you find one..which is super! Most drivers are educated n knowledgeable.pls don't change anything..now I don't stress so much about transport.Thank you,grab_reviews.csv,5,positive,positive,0.6944504215390399
gabisa2 di download,grab_reviews.csv,1,neutral,neutral,1.1868630713735056
My life becomes easy,grab_reviews.csv,5,positive,positive,0.7229088307969362
Fast Delivery Accurate👌👌,foodpanda_reviews.csv,5,positive,positive,2.233541081085268
"Please add update do TNG, cuz i want pay to grab from TNG easy",grab_reviews.csv,2,positive,positive,0.5523375150842307
I was supposed to get cashback but not received the same,foodpanda_reviews.csv,2,neutral,neutral,1.4351668274633629
good ang fast serving,foodpanda_reviews.csv,5,positive,positive,2.388560839726364
DON'T TAKE MA UBER,grab_reviews.csv,1,neutral,neutral,0.6669679938754606
I will order to one saved address but then the rider will go to another saved address. It always changes the address which I select making the delivery rider go to the wrong spot! I used to use this app often but this seems to be a recent bug.,foodpanda_reviews.csv,1,neutral,neutral,0.4135277188283384
Disguiting app I got cockroach on my food and other foreign body do not use it!,foodpanda_reviews.csv,1,negative,negative,0.71272516355305
Disappointing customer service. Frustrating experience,foodpanda_reviews.csv,1,negative,negative,2.9924689985738655
Good to use but you need to control your piggy bank depending on your lifestyle,grab_reviews.csv,5,neutral,neutral,1.2213262449489588
Excellently interesting....,grab_reviews.csv,4,positive,positive,3.5847325573415407
This is an amazing app with amazing delivery persons! I like the promo everyday and also the surprises which are all essential for me as a customer. Pandamart is good as well!,foodpanda_reviews.csv,5,positive,positive,2.3587317526795033
Worst customer service. Ever. Won't be ordering food online from this app ever again!,foodpanda_reviews.csv,1,negative,negative,0.8224454870347016
Very Good Serviced.,grab_reviews.csv,5,positive,positive,4.25299834995983
Worst..I can't find the car in this app..poor app ever,grab_reviews.csv,1,negative,negative,2.3153578101230994
"Sejauh ini sudah cukup baik, cuma terkadang driver-drivernya masih banyak tingkah. Tolong lebih di sortir dengan baik lagi driver yang mau bekerja di Grab 📌",grab_reviews.csv,5,neutral,neutral,0.7113141253095575
Lalalalla,foodpanda_reviews.csv,4,neutral,neutral,1.4216707371587363
Pick up point was already selected yet it pinned a different location. It should nt change after youve manually typed your location. Not sure what happened here but could be a bug in your app.,grab_reviews.csv,1,neutral,neutral,0.7378712400047359
This app has an annoying issue where push notification about my repeatedly appears.,grab_reviews.csv,2,negative,negative,0.6299323467405169
Excellent food service app. Food panda has become most commonly used online food service app.,foodpanda_reviews.csv,5,positive,positive,0.8840586788330829
"Why I can log in n register!!!??? Tht said my Gmail is invalid???I'm using FB,number fon still need Gmail,when I put my Gmail,is not working,please tell me why",grab_reviews.csv,1,negative,negative,0.28246799783384025
May discount sa menu pero pagkacheckout nawawala!! 😡😡😡,foodpanda_reviews.csv,1,negative,negative,1.407603451430448
Very user friendly app. Perfect,foodpanda_reviews.csv,5,positive,positive,2.823611822165227
"sering sekali driver menolak karena alasan promo. ada jug driver yg licik. nggak mau nerima tapi bilangnya lg makan, tambah lagi program curang resmi dari company jual voucher yg hanya bisa dipakai sekali dan jika sisa uang dimakan. Haraam.....",grab_reviews.csv,1,neutral,neutral,1.0339136317026698
Great app but map location seems not functioning,grab_reviews.csv,5,neutral,neutral,1.018148702922652
No at all bad service,grab_reviews.csv,1,negative,negative,1.0887799172638433
"Overall, good experience with Grab. Sometimes there're great offers which is so tempting that i rather order food from grab than eating out.",grab_reviews.csv,5,positive,positive,1.4831257001626865
"kenapa ga bisa log in sih, solusinya donk",grab_reviews.csv,1,neutral,neutral,1.081291820095882
Update trs ga ovo ga grab,grab_reviews.csv,3,neutral,neutral,1.0345840881078876
Tor mago sonar add dis salar put,foodpanda_reviews.csv,2,neutral,neutral,0.91499200781016
"I have a problem with the debit card payment. Normally when using the debit card it was okay, but suddenly they cannot make the transaction. Even to top up the Grabpay or change the cards it is still the same. Please fix this.",grab_reviews.csv,3,positive,positive,-0.13670548388838544
Fake and dishonest,foodpanda_reviews.csv,1,negative,negative,1.8126779559325183
Every order is awesome 👌 very helpful for order delicious food,foodpanda_reviews.csv,5,positive,positive,3.586924133834258
Worst!!! Can't even open any restaurant! Such a bad apps!,foodpanda_reviews.csv,1,negative,negative,2.284183824484565
Modelinh,foodpanda_reviews.csv,5,neutral,neutral,0.9487866362597364
Convenient way,grab_reviews.csv,5,neutral,neutral,1.363901736022283
App keeps tagging wrong location despite indicating correct address.,foodpanda_reviews.csv,2,negative,negative,0.8442540948912538
"Keren bgt. Mudah, cepat dan ada fitur free call.",grab_reviews.csv,5,positive,positive,0.7718090479346331
Worst experience ever. You should rethink your policy about canceling the order so that customer not be hassled like me and lose their hard earned money.,foodpanda_reviews.csv,1,negative,negative,1.7028837990438674
"Sometime, didn't receive resit",grab_reviews.csv,5,neutral,neutral,0.7786767797087429
"Fake offers and deals, the orders were cancelled every time by restaurants.......",foodpanda_reviews.csv,1,negative,negative,0.7898157749121046
Nice and easy for me,foodpanda_reviews.csv,5,positive,positive,3.5350777600950183
it takes a lot time but we get menu and everthing which we select in restraunt,foodpanda_reviews.csv,4,neutral,neutral,1.5317917301250403
The app is so convenient to have but i do hope that every city experienced food panda service as soon as possible since it seems like not all places has it.,foodpanda_reviews.csv,3,positive,neutral,-0.12282555031167885
Kena tunggu masa yg lama,foodpanda_reviews.csv,1,neutral,neutral,1.353029441167429
Paying to improve partner fee for every order just to get it worse and worse.,grab_reviews.csv,1,negative,negative,0.49177740179603346
"Great! Easy to use, 10/10!",foodpanda_reviews.csv,5,positive,positive,3.1169906524012285
suck hate u,foodpanda_reviews.csv,1,negative,negative,2.3548402203614573
Can't top up my wallet for the last 2 days. This app is getting worst since it link to Moca. Please return the option of paying by other e-wallet.,grab_reviews.csv,2,negative,negative,0.6845870870347941
Terrible app! Always endless loading something their updates are useless.,foodpanda_reviews.csv,1,negative,negative,2.0348695273028214
Banyak diskon uhuy,grab_reviews.csv,5,neutral,neutral,0.8794895061334678
"Tried ordering food through your app for the first time, using the coupon which was valid, but couldn't place it even with a single restaurant in Thane... When ur coupon is not working then why r u offering it? Just to promote ur worst app u r luring the public with such stupid codes.. Stop this cheating or the law shall take its own course... I'll make sure you answer about marketing gimmick in the Court of law.. Stop fooling us",foodpanda_reviews.csv,1,negative,negative,2.0880080281058953
"Keep it up, Malaysia needs you!",grab_reviews.csv,5,neutral,neutral,0.6304494132395906
susah jugak kadang dapat rider bodoh ni,foodpanda_reviews.csv,1,negative,negative,0.7619926813979028
Love that they always have vouchers available,foodpanda_reviews.csv,5,positive,positive,1.104178533540413
"Because of foodpanda, berat badan Saya bertambah.. tsskk!!",foodpanda_reviews.csv,5,neutral,neutral,0.3017390234845778
Search systems is very bad 🤨,foodpanda_reviews.csv,3,negative,negative,1.0196881427740951
Rude riders ever,foodpanda_reviews.csv,1,negative,negative,1.5643093419447314
Behtreen......,foodpanda_reviews.csv,5,neutral,neutral,1.1477272678078985
"Best app for food lovers, best ever discounted offers, speechless service. I wish it has 7 stars available so I can rate it 7stars.",foodpanda_reviews.csv,5,positive,positive,2.3472017195574484
Very satisfying app,foodpanda_reviews.csv,5,positive,positive,0.8135324305951459
$160 pandamart delivery lost! Contacted the customer service but the speed of handling the issue is unbelievable slow... Keep telling me already escalate to relevant party and will contact me from 2-3 hours to asap to no timeline given.... This will be my last time to use this service.,foodpanda_reviews.csv,1,negative,negative,-0.07970704961736241
The menu picture displays are fake. The portion sizes are too small in most restaurants. Sometimes they send food thats gone bad. Foodpanda should have a quality control department or they will loose customers,foodpanda_reviews.csv,4,negative,negative,1.7818832710041224
"Mau login aja OTP dibilang salah terus, auto dari sana sudah ada + ketik manual ttp aja dibilang salah",grab_reviews.csv,1,neutral,neutral,0.9671996286968065
Not all the drivers are friendly and helpful.,grab_reviews.csv,3,positive,positive,0.8450592218722839
Easy and great discounts!!!:),foodpanda_reviews.csv,5,positive,positive,3.0916348173257484
Not such discounts as displayed but I will give 5 stars 🌟,foodpanda_reviews.csv,5,neutral,neutral,1.211853545530813
nice apps and many promos,grab_reviews.csv,5,positive,positive,1.7820607587687938
UNDESCRIABLE,grab_reviews.csv,5,neutral,neutral,1.076099892408191
The apps can't be exited,grab_reviews.csv,2,neutral,neutral,0.8565564381760864
Happy loving it,foodpanda_reviews.csv,5,positive,positive,2.4546525140015003
Better than other food apps,foodpanda_reviews.csv,4,positive,positive,1.6311988224031373
Worst application with no option to cancel the order or change the address even within 2 minutes after placing order. What's your priority ? users or money 🙄,grab_reviews.csv,1,negative,negative,0.7356542756701145
Missguide,foodpanda_reviews.csv,5,neutral,neutral,0.6455857743632786
"Overall experience is more than good :) Need to monitor the food quality, which is delivered by restaurant.",foodpanda_reviews.csv,4,positive,positive,1.1596258337981575
No longer working as well since they changed the payment processing. A translation option would be nice. The delivery driver food pickup and around the corner notifications often come after the food is delivered.,foodpanda_reviews.csv,3,positive,positive,-0.04535173162107009
"panda is a great third party. however, some of your riders, really sucks when it comes in COD they don't deliver the food and just tagged delivered. No calls or texts . Same as of 2021",foodpanda_reviews.csv,1,negative,negative,0.5169997035872966
Good working in food panda,foodpanda_reviews.csv,5,positive,positive,1.3235572191913867
Terrible app ever.not reliable whem you are using this in US for international purposes.What a terrible design,grab_reviews.csv,1,negative,negative,1.641609273288148
Usefull dah. Thank's,grab_reviews.csv,5,neutral,neutral,0.4870192164201337
Ang saya ng vouchers nila..,foodpanda_reviews.csv,5,neutral,neutral,1.2535387351593787
So soft I love in it,foodpanda_reviews.csv,5,positive,positive,1.646644479010804
It was amazing experience,foodpanda_reviews.csv,5,positive,positive,1.21122120227364
"I recently changed my phone and when I tried to set up my contact number for this app, I did not get the 6-digit code required for the number registeration. I always use this app to get me places but unfortunate that it does not let me register my contact number...",grab_reviews.csv,1,negative,neutral,-0.15028240897129153
Refund amik masa bertahun.,foodpanda_reviews.csv,1,neutral,neutral,0.9854994348700136
This is very good servies,grab_reviews.csv,5,positive,positive,2.5649296477963324
Often can't contact drivers due to app error,grab_reviews.csv,2,negative,negative,0.1772175571060821
Is something happening with the food panda app -- can't access. It's askkng me to verify if i'm a bot????,foodpanda_reviews.csv,1,neutral,neutral,0.12229470146449861
I ordered two times my first experience is very good but the second is very bad I ordered pizza from Manchester pizza and it's not good very bad .,foodpanda_reviews.csv,5,negative,negative,1.443089670613075
Worst app. You guys need to hire good software engineers or developers to make this trash work . Worst ever.,foodpanda_reviews.csv,1,negative,negative,1.4893113327125542
Gr8 APP indeed,foodpanda_reviews.csv,5,neutral,neutral,1.1131248778990737
The worst app i have ever use there is no control on rider there is also incomplete meals for you and there is no action against them very very disappointed with this app,foodpanda_reviews.csv,1,negative,negative,2.641628826257872
SUSAH BANGET DAPET DRIVER KALO ORDER FOOD MALAM,grab_reviews.csv,1,neutral,neutral,0.9103562068442519
Noob apps. Wrong location everytime. Cb apps. Cant pay using online banking. Problem using card payment. Nooooooooob anjir.,foodpanda_reviews.csv,1,negative,negative,0.6528330200665513
Order food at 2pm. TAC received at 6pm. Congratulations on your superb service,foodpanda_reviews.csv,1,positive,neutral,0.019247701651798454
Helpful and easy.,grab_reviews.csv,5,positive,positive,2.571610777230635
What happen to grab car? Almost 1 hour and still got no car? Please take this matter seriously and negotiate with your driver because of the suspended problem that makes your driver run away from this app. It was once a good service but now i have to walk 30 mins just because there's no car available to pick up after work. Please fix this issue 😡😡😡,grab_reviews.csv,1,negative,negative,1.6203190022480478
I am satisfied with the service. thanks,grab_reviews.csv,5,positive,positive,2.4797699126592816
Loved it. Really hope you maintain the quality of your services.,foodpanda_reviews.csv,5,positive,positive,1.1941273723605488
👎Bad service,foodpanda_reviews.csv,4,negative,negative,5.123730418576937
Baje app..location set up kora jai thik moto..,foodpanda_reviews.csv,1,neutral,neutral,0.9223440484925218
"I'm breakfast order, Provide me in Lunch time!! Its worst service!",foodpanda_reviews.csv,1,negative,negative,0.5172051961637458
Thanks for provided safe journey and Good service......,grab_reviews.csv,4,positive,positive,3.5200319526516024
Tip for the rider must be after the services not in the payment for ordering.,foodpanda_reviews.csv,2,neutral,neutral,0.6924426452695657
Efficient,grab_reviews.csv,5,neutral,neutral,0.7190836724350966
Alert and smartly deliver,foodpanda_reviews.csv,3,positive,neutral,0.2156333724116899
This app has been buggy for a while. I can't add items which ordering food because on-screen buttons get in the way after the initial item is added. Grab's QA process seems to be lacking in big ways.,grab_reviews.csv,1,neutral,neutral,0.24811341657304276
Keep having to reinstall,grab_reviews.csv,1,neutral,neutral,0.7036841763579028
"Delivery service always delay, in app estimated timing is very bad",foodpanda_reviews.csv,1,negative,negative,1.434113371792407
lepas update jadi semakin tidak menjadi,foodpanda_reviews.csv,2,neutral,neutral,0.5860787756325128
worst customer experience. previously I could use vouchers. now I can't even use them. price increases compared to usual price over 50-100 taka per order. worst experience !,foodpanda_reviews.csv,1,negative,negative,0.9493012763294035
Easy to use and affordable fare,grab_reviews.csv,5,positive,positive,0.950114835961607
"Last time it was too much worse,even i didn’t get my food after ordering & starved at night",foodpanda_reviews.csv,1,negative,negative,0.7565223945347364
"Just one suggestion, add the ability to enter in the exact address (street name and house number).",grab_reviews.csv,4,positive,positive,-0.15152901996140478
Terrible app. Glich-y and slow. Doesn't seem to give accurate times or locations,grab_reviews.csv,2,negative,negative,1.2821885129130375
Super H A P P Y & Satisfied! Thank You Grab food!,grab_reviews.csv,5,positive,positive,3.05100574859948
Mudah cara pesan dan tak bikin kantong bolong,grab_reviews.csv,5,neutral,neutral,1.1016554618371877
D ko alm hhqq,foodpanda_reviews.csv,5,neutral,neutral,1.0980718539187553
I like use grab cause response very fast,grab_reviews.csv,4,positive,positive,1.3691415825774842
This latest updated version does not allowed zoom into the map for grab hitch driver before accepting the hitch passenger. Please help to revert back to the previous version feature and allow the driver to zoom into the map even before accepting the passenger. This is to allow driver to see and check the exact pick up location. Thanks,grab_reviews.csv,2,positive,positive,0.27884971016846194
Good delivry,foodpanda_reviews.csv,5,positive,positive,6.007177560750582
Its a hell of difficult app to use. Orders delivered even after being cancelled. Help section guides to add special instructions but I can't find it while placing my order.,foodpanda_reviews.csv,1,neutral,negative,-0.13011576971436156
I need grab car service...,grab_reviews.csv,5,neutral,neutral,1.0208276131549363
I can not delete my items from the basket,foodpanda_reviews.csv,1,neutral,neutral,0.9364360570770953
Always convenient to use grab!,grab_reviews.csv,5,neutral,neutral,1.236586823079566
"Too much technical issues, so annoying.",foodpanda_reviews.csv,3,negative,negative,1.173793005648022
আপনাদের এই App টি ভালো করে কাজ করেনা ফালতু জতসব 😡,foodpanda_reviews.csv,1,negative,negative,2.8380171967854015
Nyaman bah foodpnda,foodpanda_reviews.csv,4,neutral,neutral,0.7882383733761099
Food Taste good 😋.,foodpanda_reviews.csv,5,positive,positive,0.7956876670323296
Very poor connectivity with small restaurant s,foodpanda_reviews.csv,1,negative,negative,1.633352487629181
buggy after updates haissss,foodpanda_reviews.csv,3,neutral,neutral,0.8457808398244254
Easy and safe! Tnx,grab_reviews.csv,5,positive,positive,2.8988680552463553
I have good experience in the app ❤️,foodpanda_reviews.csv,5,positive,positive,2.8690166741370184
Greater Choice than foodpanda. Can be signed in in different devices and a lot more intuitive on how to use overall.,grab_reviews.csv,5,positive,positive,0.7400261167367284
"The service is great with occasional messes but I don't mind. The only concern is the area limitation when I order food. My current area is now on shut down, and affected literally all of the shops I can order. Had to switch to Grab just so I can order my food since foodpanda couldn't reach anywhere further than probably 6km within my area, which is disappointing. Expect me to not use the app anytime soon until I see improvements for this.",foodpanda_reviews.csv,3,negative,negative,0.490899105774695
tidak bisa memasukan kode promo. padahal belum digunakan,grab_reviews.csv,3,neutral,neutral,1.1462410029125047
"I have ordered many times via this app. It will work...IF YOU CAN GET IT TO WORK. Like today, I tried 7 or 8 times trying to PAY but I just couldn't pay. I am paying by credit card. I got to the screen and got the OTP and then I entered the OTP and then.... NOTHING. Waited for so long until the system tells me ""TIME OUT"". Seven or eight times trying. Giving up for today. Maybe try again tomorrow or maybe not at all. One more thing. If I somehow do receive the 8 orders, I will uninstall the app",foodpanda_reviews.csv,2,positive,neutral,-0.10690442100761843
The item i have order is not like what it looks.. so many scam shop.. it make us look stupid,foodpanda_reviews.csv,1,negative,negative,1.3545549834583839
More convenient than other delivery food apps. I love free deliveries!,foodpanda_reviews.csv,5,positive,positive,1.9319793447496203
"Worst app, no customer support service to call when the driver give wrong item and we need to email it?? Really?? This is the worst since we call the driver many times and they didn't pickup the phone. Please put customer service call in the app in case driver didn't pick up the phone or any other solution for this kind of problem.",grab_reviews.csv,1,negative,negative,2.008058907084283
"Whenever I am in Malaysia I always use grab as it is very easy an convenient, but please correct your drivers not to collect more ringgit when they ride highway,if they want to collect let them tell before start the journey, other than that this is very good service.",grab_reviews.csv,5,positive,positive,0.8291734772534627
Good Service But Need To Improve With Reasonable On Your Fare Price And Please Don't Using a Long Drive Road To Take Higher Fare To Us n Hope Grab Management Please Appreciate Your Grab Drive...,grab_reviews.csv,3,positive,positive,0.3933051496164095
I love this app. The drivers are friendly and give good service. Easy to get.,grab_reviews.csv,5,positive,positive,4.779467402564263
I was suspended due to abnormal activity. The worst application ever. its so frustrating,grab_reviews.csv,1,negative,negative,2.722665984175538
Fakyuu!! Aplikasi gada driver yg bisa diorder,grab_reviews.csv,1,neutral,neutral,0.49169875249926087
Thank you for making the interface more user-friendly.,foodpanda_reviews.csv,5,positive,positive,2.209713046433187
Totally disappointed. All in all I am here wasting more 30 mins for a Grab. I am asked to pay for cancellations made by driver. Totally absurd. App totally not accurate in detecting drivers location. Driver is obviously far from pick up location but app says driver has arrived.,grab_reviews.csv,1,neutral,negative,0.8239942279288264
Always have a missing item. They shud check properly if the orders to be delivered are complete. Disappointed to had paid the missing item without any reply from customer service even if u emailed them already.,foodpanda_reviews.csv,1,negative,negative,1.5777267201161962
I find foodpanda better than grab food in our area. Foodpanda has cheaper delivery rates. Foodpanda riders don't expect tips. Foodpanda app is easier to use in terms of using the map and cashing in. Grab map doesn't pin my correct delivery address so riders have to ask me ALL THE TIME if my pin is right. 🤦‍♀️,grab_reviews.csv,1,positive,positive,0.43105669485397136
"New scam from your drivers. they will not accept your bookings then after that your app will raise the fare to higher amount, that's the time they'll accept your bookings. grab, do something! penalize all the drivers who declines bookings like what uber is doing. stupid idea.",grab_reviews.csv,1,negative,negative,0.9586937580675867
foodpanda now your ads should not become on my phone screen,foodpanda_reviews.csv,1,neutral,neutral,0.7202707075610979
Grab is a goog version,grab_reviews.csv,5,neutral,neutral,0.8426605560916601
เป็นสลิ่ม 🤢,foodpanda_reviews.csv,1,negative,negative,2.1384453166567914
If the menu got photo more better.,foodpanda_reviews.csv,3,positive,positive,1.498415451545675
Hopefully you could improve the riders exact location so that we could monitor them. Make the rider icon moving on the map. Thanks,foodpanda_reviews.csv,4,positive,positive,1.1198666731005231
I order meat fruits vegetables and etc and they are very good and fresh,foodpanda_reviews.csv,5,positive,positive,1.0777267399185162
Pro subscription Nile discount dibe. Kintu restaurant off kore rakhbe shudhu pro user der jonno. Faltu service,foodpanda_reviews.csv,1,neutral,neutral,0.23060268494578562
ubvityyi,foodpanda_reviews.csv,5,neutral,neutral,1.4661792625499603
Uninstalled done because of they made a episode with bad character influencer Mithila. I will never use it again. I will find another food suppliers now,foodpanda_reviews.csv,1,negative,negative,1.0488531475661955
The price is very good for student to go anywhere.,grab_reviews.csv,4,positive,positive,0.7717723558657077
Grab not good. Always keep rider waitting,grab_reviews.csv,1,negative,negative,1.2176696045570017
Reliable n efficient,grab_reviews.csv,4,neutral,neutral,0.7219755430445851
very cheap and loyal discount and promo for user ...,grab_reviews.csv,5,positive,positive,0.09364287214673372
Best food delivery app in Pakistan!,foodpanda_reviews.csv,5,positive,positive,1.672780635950321
Horrible. Cant pay online using mobikwik.,foodpanda_reviews.csv,2,negative,negative,1.1003201622436656
"Dua kali order tak dapat, duit dah bayar... Bila report tunggu sampai berbulan takde dapat refund, apps sampah makan duit haram",foodpanda_reviews.csv,1,neutral,neutral,0.24159058457570648
"Worst. I ordered from pizza point and after waiting for 65 min, food panday tech support guys say we have 'nothing' policy regarding late food delivery. They provided pizza point mumber which was powered off. Finally pizza didn't deliver. Worst management of food panda.",foodpanda_reviews.csv,1,negative,negative,1.3812651942847936
fantastic transport solution,grab_reviews.csv,5,positive,positive,1.090129409453113
It's easy to use and always satisfies my hunger with dalecious food options :),foodpanda_reviews.csv,5,positive,positive,2.306291706452053
Good service and excellent,grab_reviews.csv,5,positive,positive,4.426779931929349
Bulok di maka pin ng address laging nalipat,grab_reviews.csv,1,neutral,neutral,0.6732354878500462
zawminmin,grab_reviews.csv,5,neutral,neutral,1.2453648764502083
Nice 👍🙂 App,grab_reviews.csv,5,positive,positive,3.294732377826344
Hisap darah,grab_reviews.csv,1,neutral,neutral,0.9861384559114921
Location pin masih tidak tepat.,grab_reviews.csv,5,neutral,neutral,1.0233326399907923
I can't seem to change my address,foodpanda_reviews.csv,2,neutral,neutral,0.8674288956841196
Very bad service now,foodpanda_reviews.csv,1,negative,negative,3.061967488452902
I love it !!!,foodpanda_reviews.csv,5,positive,positive,3.7624351288571916
I feel safe when I take the car through this grab app 🥺❤️,grab_reviews.csv,5,positive,positive,0.9472512912657891
"I have no idea why you would notify the user they can use the promo code but yet when wanna use, cannot use it. Damn stupid..",grab_reviews.csv,2,negative,negative,1.458101643975001
Very good service provider.,grab_reviews.csv,5,positive,positive,2.1893078999735236
Kenapa driver yang minta cancel ke konsumen via chatting.. malah konsumen yang kena suspend ! Cancel bukan kehendak kami tapi para driver kalian yang minta .. cek history chat,grab_reviews.csv,3,neutral,neutral,0.7036624729616201
Always there when you need something urgent,grab_reviews.csv,5,neutral,neutral,0.9759622017510604
Verrrrryyyyyy goood appppp,grab_reviews.csv,5,positive,positive,3.3578401063974876
Bad navigation I don't know why,grab_reviews.csv,4,negative,negative,0.7867864518348333
You Night Owls You All Night Owls,foodpanda_reviews.csv,1,neutral,neutral,0.5010952881514901
Love this app. Great discounts,foodpanda_reviews.csv,5,positive,positive,3.2132269597893197
I didn't get offer 40%discount,foodpanda_reviews.csv,1,neutral,neutral,1.4060618322149891
Sure sure why not i hv informed my friends about it,foodpanda_reviews.csv,5,positive,neutral,0.5137243082151275
Not in sri lanka,foodpanda_reviews.csv,1,neutral,neutral,1.321877846817459
An easy way to go anywhere,grab_reviews.csv,5,positive,positive,1.2571094063982555
It's a wonderfull application,foodpanda_reviews.csv,5,neutral,neutral,0.6155649057873873
Love food panda ♡,foodpanda_reviews.csv,5,positive,positive,2.244726538807379
Penipu pandai memperdaya orang,foodpanda_reviews.csv,1,neutral,neutral,1.0172611776491332
Time frame not accurate. Took too long to deliver. Poor service. Uninstalled.,foodpanda_reviews.csv,1,negative,negative,1.351984731068261
"Apps not working, not able to place food order",grab_reviews.csv,1,negative,negative,2.234433137132131
good app very helpful,grab_reviews.csv,5,positive,positive,3.548680447428165
Your dispatch boy is getting dirty and unpleasant look included your food cover behind the motorbike.,foodpanda_reviews.csv,1,negative,negative,0.5096772159084422
"5stars for food panda , I love it so much super tipid na sa del fee . Thank you for always panda everyday I'll always order to this app .",foodpanda_reviews.csv,5,positive,positive,1.9544636202571841
its good and easy,foodpanda_reviews.csv,3,positive,positive,4.502951497532267
Poor customer service.. I have a missing orders so I contacted them and they said they can't do anything about it. They will just make a note so it wont happen again.. How about the money I paid? they dont want to refund!!!! Worst food delivery app!!!!,foodpanda_reviews.csv,1,negative,negative,1.583558505502956
This app has saved me from long taxi lines. Using it is a real breeze; very user friendly and informative.,grab_reviews.csv,5,positive,positive,0.9487220176289133
Great foodpanda i love it,foodpanda_reviews.csv,5,positive,positive,4.286507558672547
AN TALAP TALAP TOBRA,foodpanda_reviews.csv,5,neutral,neutral,1.0137157622571844
"The worst app. Ang babastos ng rider. Paki turuan pls ng magandang asal mga rider nyo. Lalo na sa Bacolod City, Negros Occidental.",foodpanda_reviews.csv,1,negative,negative,0.43611931631946543
"Order food and throw in dustbins, garbage. .",foodpanda_reviews.csv,1,neutral,neutral,1.049354543318217
"ni apps utk yg malas beli makanan , tp dah order , rider pulak taknak hantar smpai atas..hok alohh..mohon delete laa apps ni dari playstore..",foodpanda_reviews.csv,1,neutral,neutral,0.5002576787472701
Hard to find your favourite foods and restaurants...👎,foodpanda_reviews.csv,1,negative,negative,1.3808058810377002
My experience is good also food of Bhfood is very tasty and amazing I enjoy it.,foodpanda_reviews.csv,5,positive,positive,2.8026879605525554
eccellente,foodpanda_reviews.csv,5,positive,positive,4.353069950272035
I love this app cheaper delivery fee most of the time its free 😍 i rather used this compare to others . thanks food panda ❤,foodpanda_reviews.csv,5,positive,positive,3.2262449796784267
Good app and easy to eat,foodpanda_reviews.csv,4,positive,positive,4.103155051718772
Unable to sign up even after tech support due to stupid ban. Poor tech support,grab_reviews.csv,1,negative,negative,2.192267247347144
Manual pinning is inaccurate. Always on surge. Outstanding grabpay can't be paid via cash on the next ride. Nice thing is grab has promotions until competitor was banned drom doong service.,grab_reviews.csv,3,positive,positive,0.7135587838411412
sip grabfood,grab_reviews.csv,5,neutral,neutral,0.9931802483369674
Pathetic service. Restaurants keeps cheating the customers and there's no check and balance from foodpanda. Customer support service is pathetic. In case you prepay for your food the restaurant becomes the boss and in most cases will cheat you.,foodpanda_reviews.csv,1,negative,negative,1.5987852018743935
"Great apps, sangat membantu dalam aktifitas sehari hari",grab_reviews.csv,5,positive,positive,0.2394208770127162
super easy my 1st time using this food apps!,foodpanda_reviews.csv,5,positive,positive,1.828949803466774
Very useful for particular times,foodpanda_reviews.csv,5,positive,positive,1.0639813232898485
Before I'm like to use this application but now I don't why*(? Now can't use again,grab_reviews.csv,3,neutral,neutral,0.5158530571966135
Come with quality control drivers. Love that. However i cannot give rates from history menu.,grab_reviews.csv,4,neutral,neutral,0.6208404863327993
"Tarif naik drastis, promo jarang, pake ovo malah gak ada promo. Makin gajelas grab yg skrg! Disappointed!!!",grab_reviews.csv,2,negative,negative,0.26265942688698174
Very bad it took more than 2 hours to get my order and the delivery guy was very rude to me also tje quality of the food was bad,foodpanda_reviews.csv,1,negative,negative,1.9851710573004646
Very bad service everytime they need a new password or new phone number i am so disappointed.,foodpanda_reviews.csv,1,negative,negative,2.7101784445535615
The customer service is useless.,foodpanda_reviews.csv,1,negative,negative,1.8132460727380346
Cant use at all. Keep restating,grab_reviews.csv,1,neutral,neutral,0.5865894654292805
"While ordering they says 60 mins to deliver the food. But they takes 2 hours to deliver. Some foods are missing. While calling the restaurant, they said they will refund. But no updates from food panda. Last two days i m trying. No reply in live chat also 😢",foodpanda_reviews.csv,2,negative,negative,1.068751532540165
use to be ok when first started now the quality of the food is so poor imagine we paid 30% more and receive rubbish quality food there's no followup even we inform or feedback to grab this is so disappointing 😞,grab_reviews.csv,3,negative,negative,1.5441207415613776
Why I cannot using my grab already????so many time I download and register back ....but it do not work???,grab_reviews.csv,1,neutral,neutral,0.9622836130762569
After update i can't place order in any restaurant.,foodpanda_reviews.csv,1,neutral,neutral,0.8061133865889586
It didn't give voucher to me,foodpanda_reviews.csv,1,neutral,neutral,1.0661581493552235
Very bad experience from ads 😞 such a bad experience in every app every video first you foodpanda then see or do what you want,foodpanda_reviews.csv,1,negative,negative,2.984279803855586
Very bad experience the delivery man was so aggressive and disrespectful you better teach some manners to the delivery boys I am going to delete it bye,foodpanda_reviews.csv,1,negative,negative,0.46961330151142566
Sala YouTube ki tor bap er??? Ato ads ashe kan????,foodpanda_reviews.csv,1,neutral,neutral,1.0968925767573476
I encountered a lot of very rude riders......,foodpanda_reviews.csv,1,negative,negative,1.2341162895896414
the best and safety for ehailing transportation.more reward with grabpay and point can redeem with many thing .good,grab_reviews.csv,5,positive,positive,2.9477702105807886
Tierrible app with annoying pop-ups and no repeat order option. There is 99 macdonalds and they are opened and closed randomly - why my order is bound to exact macdonalds and is lost almost everyday? Why other food apps can manage this? I am tired of manually repeating order every day.,foodpanda_reviews.csv,1,negative,negative,2.510079748718663
Easy to all👌,grab_reviews.csv,5,positive,positive,3.4993093737537517
Great app.thanks!,foodpanda_reviews.csv,5,positive,positive,4.679668472511829
savior as always.,grab_reviews.csv,5,neutral,neutral,0.7210375038994864
"Setiap masuk ada update alamat padahal alamat'a dah benar titik'a pun dah benar, giliran dicoba update titik'a pas tp alamat'a salah, GA USAH NYURUH UPDATE ALAMAT KALAU NYARI ALAMAT AJA GA BISA, DIVISI IT BUTUH KERJAAN KALI YA BIAR GA DISANGKA MAKAN GAJI BUTA",grab_reviews.csv,1,neutral,neutral,1.096235109379632
"Absolutely good! They can arrange my order to the fastfood i want as fast as possible. Without experiencing the others what they ""glitch"". Keep up the good app. I would recommend to my other colleagues. Im sure they would like it!♥♥",foodpanda_reviews.csv,5,positive,positive,1.3631477975170967
Standart,grab_reviews.csv,3,neutral,neutral,1.389731731887693
Why do I have to share my personal documents for private use? Why can't I use Grab E-wallet without sharing my personal ID? This is terrible. Consumer data shouldn't include actual photo of ID.,grab_reviews.csv,1,negative,negative,0.2341824687056726
Comfortable rides,grab_reviews.csv,5,positive,positive,0.8246582798039175
"They do too much late delivery in night, and sometimes cancel the order. And Delevery mans are not well mannered",foodpanda_reviews.csv,1,negative,negative,0.8627648233910281
Gps ပုိင္းနဲ႔ booking ပုိင္းမွာ မတိက် မျမန္ဆန္ဘူး,grab_reviews.csv,2,neutral,neutral,1.2942591518028355
Masa order satu menit sampe.,grab_reviews.csv,1,neutral,neutral,0.8804649046029932
Love this App.....I can eat more and more😋,foodpanda_reviews.csv,5,positive,positive,2.226022072843559
nice and accurate,grab_reviews.csv,5,positive,positive,1.8633403070101282
"KENAPA AKUN SAYA TIBA TIBA KENA SUPENSI PADAHA SAYA BELOM LAMA PAKAI, BARU PAKAI BEBERAPA HARI TIBA TIBA KENA SUPENSI!!!!!, TOLONG PERBAIKI",grab_reviews.csv,1,neutral,neutral,0.910206948421914
Fast delivery and Nice rider,foodpanda_reviews.csv,5,positive,positive,2.0073237435861158
Really bad service from delivery man Horrible behaviour,foodpanda_reviews.csv,1,negative,negative,2.8879453193656937
very helpful and fantastic alternative transportation solution,grab_reviews.csv,5,positive,positive,1.7067620556959222
Easy to use... great resource for a biz traveller,grab_reviews.csv,5,positive,positive,2.707213160951021
This app doesn't have any restaurants for my area but GrabFood's app has. I dont understand why my address isnt recognised by this app but Grab does....,foodpanda_reviews.csv,1,neutral,neutral,1.3619850545369605
Same order refused two times by food panda but same restaurant deliver it it in 30 mins,foodpanda_reviews.csv,1,neutral,neutral,1.2504119250315617
It is agood app,grab_reviews.csv,5,neutral,positive,0.12247828506403557
Lots of discounts and offers especially for pro users. Very easy to use. I love this app!!,foodpanda_reviews.csv,5,positive,positive,2.1792546833143573
Time to deliver will just add and add....30 minute become 90 minute...good job,foodpanda_reviews.csv,1,positive,positive,0.5457857956788603
👍👍👍 Gooooodddd,grab_reviews.csv,5,positive,positive,3.971751974811256
very convenient. and the drivers are customer friendly. great service. more promos please :),grab_reviews.csv,5,positive,positive,3.069226403166284
"Very nice, Love this app",foodpanda_reviews.csv,5,positive,positive,4.315141033385592
"Good app, but overall service is bad. They cancel you order after half an hour, send you email: we apologize for cancel - order something else, when you try to order something else - sorry we cannot deliver to your address a lot of people are hungry right now. Completely unreliable. And support is made in a way to politely ignore your problem.",foodpanda_reviews.csv,1,negative,negative,1.1275963003677592
"useful app, more just ordering trips experience. thank you",grab_reviews.csv,5,positive,positive,2.2196258379797573
"Ordered food from fasoos ,noone replies to calls !!! Worst service ever... Dint get the food at all !",foodpanda_reviews.csv,1,negative,negative,0.9744851657867275
"Aplikasi yang baik, sangat membantu",grab_reviews.csv,5,neutral,neutral,0.9982785507753744
Best app aver,foodpanda_reviews.csv,5,positive,positive,2.435004839191433
"It's a really very good experience.But I think,it should have easypaisa option in online payments, it's really very easy for us.",foodpanda_reviews.csv,5,positive,positive,0.6445477978812459
They are making us fools. Coupon for new users is not working. Please don't order by food panda they are cheaters. Beware there is no new costumer discount.,foodpanda_reviews.csv,1,negative,negative,1.7676512566731208
"When there is an incorrect delivery, you will bear the loss and not Grab eventhough you are not at fault. I recommend you guys to use foodpanda instead as the experience with Grab is not good for me.",grab_reviews.csv,1,negative,negative,1.203387073369392
"Lazeez Hakeem, MP Nagar, delivery status is excellet",foodpanda_reviews.csv,5,positive,positive,1.1085072829055125
Tres bien. Je n'ai aucun de problemes,foodpanda_reviews.csv,5,neutral,neutral,0.8630122274300878
Much better and effective than CareemNow.,foodpanda_reviews.csv,5,positive,positive,2.3731416271812185
Had a good time travelling. Thanks to Grab,grab_reviews.csv,5,positive,positive,2.8587618719803753
Imran Khan kam tha jo ab foodpanda ne bhe taxes ke nam per lottna shuru kardya hain bad app.....,foodpanda_reviews.csv,1,negative,negative,0.278075742036457
Very helpful in many occasions,grab_reviews.csv,5,positive,positive,1.1790045502007718
No ...CEO FoodPanda F**CK!!,foodpanda_reviews.csv,1,neutral,neutral,0.39694589538768144
"Update May 23, 2022: PandaPro benefit is not working properly. Update April 2021: the app has improved. But still with limited stores to choose from. Some stores with confusing images and text descriptions. ***** Old review ***** I keep getting Invalid Checkout request. 😡",foodpanda_reviews.csv,1,negative,negative,0.5349235627458488
"Since the start of the year, the fares had been so expensive and ridiculous, where it takes 5rm before, now takes 12rm , for the same distance, whats this",grab_reviews.csv,5,negative,negative,0.9765040280973913
Wrong delivery. Delivered non veg instead of veg. Such a careless mistake.,foodpanda_reviews.csv,1,negative,negative,1.4117697082668603
worst!!! it's been 40 minutes since the time that my food was supposed to arrive and theres no way to contact anyone!!!!! disappointment,foodpanda_reviews.csv,1,negative,negative,1.4024456682454223
It's must app for who travel to Malaysia,grab_reviews.csv,5,neutral,neutral,0.4841955463727612
convenience to order,foodpanda_reviews.csv,4,neutral,neutral,0.8865700540206927
"Item has been picked up but my order is cancelled. Unfortunately, they cannot refund my payment. Modus ba to? Madami ng nakaka experience neto ah. Huy foodpanda anuna!?",foodpanda_reviews.csv,1,negative,negative,0.256268950130881
terima kasih kepada driver2 grab yg sanitize kereta anda setiap kali penumpang baru. dan terima kasih kerana mengikuti SOP dengan betul.,grab_reviews.csv,5,neutral,neutral,0.7412245823886746
"Day by day the app is becoming TRASH. As now you can not complain or talk live with their representative for order delay complain (They don't give you the option to chat). Their representative continuously say that we are not giving you the refund, and you are not asking for the refund you asking for the solution that they deliver you the wrong product.. Literally there service is becoming pathetic.",foodpanda_reviews.csv,1,negative,negative,1.3515933998749463
Can fp have suggestion corner for food,foodpanda_reviews.csv,4,neutral,neutral,1.3418300704965342
Some discount code can't be redeem..why?,foodpanda_reviews.csv,4,neutral,neutral,1.0216471891664969
Solidari bersama rider,foodpanda_reviews.csv,1,neutral,neutral,0.7883757905805596
How to add payment options without purchasing foods. The user experience is not good comparing between grab and foodpanda. Reviewing vendors and riders is also very hard. If you missed the notifications you wont be able to do it anymore,foodpanda_reviews.csv,2,negative,negative,1.6435870164288557
ongkir driver dan tax aplikasinya lebih murah 😁👍,grab_reviews.csv,5,positive,positive,1.1744875502201075
faster dlivery good job,foodpanda_reviews.csv,5,positive,positive,2.037188769149293
Bulok di gumagana,foodpanda_reviews.csv,1,neutral,neutral,0.8710663122404598
good one for hungry ppl...,foodpanda_reviews.csv,5,positive,positive,1.1976039750902185
When hungry you know who will deliver,foodpanda_reviews.csv,5,neutral,neutral,0.7205085224691019
You can choose options as per you budget,foodpanda_reviews.csv,4,neutral,neutral,0.8096221480877148
setiap ada update tdk bisa di hapus install ulang tdk bisa apa os 5 penyebabnya,grab_reviews.csv,3,neutral,neutral,0.9045773074495993
love using it with lots of rewards,grab_reviews.csv,5,positive,positive,1.1317621570423435
I wodered 40 takas banana lassi and the monae comes 100taka never download this,foodpanda_reviews.csv,1,neutral,neutral,0.8820549250683403
Server reported an error code 16018 and im unable to install,grab_reviews.csv,1,negative,negative,0.4815536046754767
Ajayparta,foodpanda_reviews.csv,5,neutral,neutral,1.5061196778749841
"Sangat membantu, semua aktivitas saya lancar, tanpa harus memiliki kendaraan pribadi..",grab_reviews.csv,5,neutral,neutral,0.5128710623485857
"makasih grab, banyakin promonya ya",grab_reviews.csv,5,neutral,neutral,1.202459570875258
Ozzy 2#wa,foodpanda_reviews.csv,5,neutral,neutral,0.9043626466774776
Walang driver na kukuha kung naka promo ka. Useless ang promo.,grab_reviews.csv,1,negative,neutral,0.215382767024191
GRABFOOD LU NGACO COY... BENERIN....,grab_reviews.csv,5,neutral,neutral,0.8182430509491674
Wont let me log in 💀,grab_reviews.csv,1,neutral,neutral,0.8332388075533901
Cant even set a location? It jus stays at the loading screen tf?,foodpanda_reviews.csv,1,neutral,neutral,0.4660582722377773
Love using this app every time I'm in a hurry to eat something.,foodpanda_reviews.csv,5,positive,positive,0.4588841228469618
worst apps everrr..!!!,foodpanda_reviews.csv,1,negative,negative,2.9195172469840203
Bad app.👎👎👎👎👎👎,foodpanda_reviews.csv,1,negative,negative,5.71857632943642
Mantaab banget drivernya. Mobilnya bersih2 gak bau rokok,grab_reviews.csv,5,neutral,neutral,0.37766650933160495
This update of the Grab App is useless! It wouldn't even let me update to this latest version. I've tried the suggestions to remedy the issue but still won't update. I've deleted almost my entire library & most of my other apps but it still wouldn't work. This sucks!,grab_reviews.csv,1,negative,negative,0.574161023126186
banyak diskonan,grab_reviews.csv,5,neutral,neutral,0.910991321473794
Not bad no,foodpanda_reviews.csv,3,positive,positive,1.770345066818359
😜🤫sআলহামদুলিল্লাহ মাইকের দুইটি হর্ন এর ব্যবস্থা আল্লাহ করে দিয়েছেন । আমাদের দ্বীনি ভাই কামরুল এবং কাজিম দিয়েছে ।,foodpanda_reviews.csv,1,neutral,neutral,1.1013351178423578
"So much stupid drivers, that don't have manners !",grab_reviews.csv,1,negative,negative,0.8324104192665702
Masuk ke aplikasi Android sering bermasalah,grab_reviews.csv,4,neutral,neutral,1.0433921797066505
this apps so kampret and bacot,grab_reviews.csv,5,neutral,neutral,0.7173310504455389
Useful perfect,foodpanda_reviews.csv,5,positive,positive,3.3428595211838212
I do not want to see,foodpanda_reviews.csv,1,neutral,neutral,1.3577775236333176
Why I cannot log in as a garb member?,grab_reviews.csv,1,neutral,neutral,0.7774035861256325
"that was a worst, I have placed order some thing else and they give some other and when I want to complain for it that not enough listen every time a new person come to chat and then he has gone that was my worst experience.",foodpanda_reviews.csv,1,negative,negative,1.5742470943439657
Trash restuaraunts dont show,foodpanda_reviews.csv,1,neutral,neutral,0.841960396126464
the mobile confirmation is anoying...,foodpanda_reviews.csv,1,neutral,negative,0.27183342522837406
Took forever to download using data. Need WiFi to download.,grab_reviews.csv,1,neutral,neutral,0.8345795612458915
Not good in service,foodpanda_reviews.csv,1,negative,negative,3.1958312208878117
TERBAEK MALAYSIAN,grab_reviews.csv,3,neutral,neutral,0.9859323630455082
"Map view is worse off,.",grab_reviews.csv,1,negative,negative,0.8780618192660077
costumer service tidak membantu! Jelek banget aplikasi nya juga bobrok! Baru kali ini ngerating aplikasi di playstor bintang 1 sejelek itu pelayanannya sangat merugikan di email dan di chat pun jawaban tidak memberikan solusi di minta jawaban lain jawaban nya sama terus semacam copy paste / sistem,grab_reviews.csv,1,neutral,neutral,0.20730641926181037
Thanks yaa,grab_reviews.csv,5,positive,positive,1.4217919465469582
lumayan bagus,grab_reviews.csv,5,positive,positive,1.732206633501156
"Awesome discounts, good to save some money...Recommended app fr all foodies..",foodpanda_reviews.csv,5,positive,positive,1.9531855252122645
"Filter pembatalannya bodoh sekali. Terutama untuk user prioritas, kalo driver ga mau, mereka cenderung matiin hp, kalo kita cancel, kita kena filter. Mikir lah",grab_reviews.csv,2,negative,negative,-0.1513109382523612
we can do it at the end of the day I was in the shower and then I'll be home to get my stuff together thanks again! thanks again! thanks again! thanks again! I will be there at,foodpanda_reviews.csv,1,positive,positive,1.3183335425958858
cant use ovo for food payment,grab_reviews.csv,1,neutral,neutral,1.2239483051444973
Bekaar foodpanda app,foodpanda_reviews.csv,5,neutral,neutral,0.8321493017758391
Kudos to all your polite and kind drivers! Keep it up!,grab_reviews.csv,5,positive,positive,0.8284921684745912
Worst app ever!,grab_reviews.csv,5,negative,negative,3.86623972190904
Worst app ever. Can't even login after update.,foodpanda_reviews.csv,1,negative,negative,0.9340127638025182
keep on saying verify when i want to book,grab_reviews.csv,1,neutral,neutral,0.8899090032354806
Better then uber,grab_reviews.csv,5,positive,positive,1.627615871638848
Napakaganda ng image ng grab at napakaganda pakinggan pag sinabing grab ok yan kaya lng sa kabila ng magandang image ay Sinisira ng bulok na sisitema ang grab d2 sa PILIPINAS grabe kayo mag pahirap sa tao konti na lng mistula na rin kayong buwaya hindi malabo na susunod na taon tawagin din ang grab na legal na MAGNANAKAW ng lipunan o Legitimate na LAPUK kung irereklamo nyo aq dahil d2 harapin nyo aq at alamin mismo sakin ang dahilan para ipamuka sa inyo kung gaano na kayo ka'dupang mga kasakim,grab_reviews.csv,1,positive,neutral,0.2739839731502336
Beautiful experience with Grab. Very honest driver. Thank you very much 💯,grab_reviews.csv,5,positive,positive,1.7474295966178486
tak boleh berurusan dalam bahasa melayu? 1 star,foodpanda_reviews.csv,1,neutral,neutral,1.282050210300715
I only installed this because they accept cards for payment. I wasn't expecting to encounter a big problem when I tried to use this app again. The address is correct but pinned at a wrong location. I cant change the pin no matter how many times I've updated the address. I informed the driver where to go because of the wrong pin but he failed to read the message right away. Now the 25 min order turned to an hour and I still dont have my order. I eventually received my order and tried this app.,foodpanda_reviews.csv,4,negative,negative,1.1334710672061732
I used to like foodpanda but delivery service lately is worst. As well as the customer service. Edit: dec 9 Palala kayo ng palala,foodpanda_reviews.csv,1,negative,negative,0.6667978338955245
Fast respond and good kind,grab_reviews.csv,5,positive,positive,4.045811970650485
a perfect app for me 😊,foodpanda_reviews.csv,5,positive,positive,1.7112914841161715
Im happy with the service😊,grab_reviews.csv,5,positive,positive,1.611540098850467
"A lot's of issue with the delivery rider's. They wont deliver it on time and not door to door👎👎👎👎👎 every time i ordered at this app, this happens!",foodpanda_reviews.csv,1,negative,negative,1.65512202564926
Never able to pinpoint location correctly and I dislike that I can't even input my address... keeps getting error.,foodpanda_reviews.csv,1,negative,negative,0.7961921177299156
"I love grab every time I book ,I feel safe going anywhere and going back home",grab_reviews.csv,5,positive,positive,1.5263129373125472
ไม่ให้กดflash แล้วขึ้นมาทำไมล่ะ,grab_reviews.csv,1,neutral,neutral,0.9156590503541229
Superlate to send confirmation code,grab_reviews.csv,1,neutral,neutral,-0.09855709484498765
me platinum user,grab_reviews.csv,5,neutral,neutral,1.2057534993138372
Vouchers to dedia kro,foodpanda_reviews.csv,5,neutral,neutral,1.1461051497422494
The app is user friendly and they have good service reach across Dhaka. Definitely better than the other food delivery services in Bangladesh. Just keep adapting to the market needs and keep improving!,foodpanda_reviews.csv,5,positive,positive,2.0130374468726995
Good for get food..,foodpanda_reviews.csv,5,positive,positive,2.0678780362962383
The apps crash...,foodpanda_reviews.csv,1,neutral,neutral,0.06661647936962267
Requires a link to see the order that I have placed already...,foodpanda_reviews.csv,4,neutral,neutral,0.5781304908593137
Best app ever 👌 love it 😀 ❤ 😍 👏,foodpanda_reviews.csv,5,positive,positive,4.618000779865278
Goos jop,foodpanda_reviews.csv,5,neutral,neutral,0.8105314547552387
Cash on delivery Waly restaurant km h,foodpanda_reviews.csv,5,neutral,neutral,0.4779567723592584
"Luarbiasa, sangat membantu ketika lapar dan cuaca tidak mendukung untuk keluar rumah. Thanks foodpanda",foodpanda_reviews.csv,5,positive,neutral,0.041168653871139105
Convenient but needs to adjust fare rates.,grab_reviews.csv,4,neutral,neutral,1.5136731578842515
awesome app great service,foodpanda_reviews.csv,5,positive,positive,3.1605339365531115
practical & user friendly,grab_reviews.csv,5,positive,positive,1.0284378735023714
Good service & fast service I love Grab,grab_reviews.csv,5,positive,positive,3.657007559806294
Too long a waiting time even for their JustGrab platform. Not even helpful for people who are rushing for time. The long waiting time is getting from bad to worse with as long as 15 to 25mins waiting time for the driver to arrive on JustGrab platform,grab_reviews.csv,1,negative,negative,0.8507182888823777
please check ..my account because i use to loan documents but grab said my account is disable,grab_reviews.csv,1,neutral,neutral,0.717689410527127
Chotiyape ka app hai,foodpanda_reviews.csv,5,neutral,neutral,1.262862876461342
"Harap app Grab, MB nya lebih diperkecil",grab_reviews.csv,5,neutral,neutral,0.7987631425271723
Good app but restaurants deliver to much bad quality things,foodpanda_reviews.csv,1,negative,negative,0.4045938341429578
very helpful apps👍👍,grab_reviews.csv,5,positive,positive,4.226037769910675
Lacks cars considering Uber left Philippines,grab_reviews.csv,1,neutral,neutral,0.6899536682863202
"Your foodpanda app is not working I already installed and uninstalled it multiple times , i don't know if its only on our area or in other areas too.",foodpanda_reviews.csv,1,negative,negative,0.7691939042529388
"Very helpfull, easy to use dan byk bgt diskon nya.. Thanks grab.. Hrs lbh byk diskon ya hehehe",grab_reviews.csv,5,positive,positive,1.4790944611084458
Bad service or coverage issue in multan district. Even in city area no coverage... Only 3 restaurants available on app,foodpanda_reviews.csv,1,negative,negative,0.8144869134150206
"Great service. The stores I've ordered from always comes in time and friendly too, deserves praise. One suggestion: menus should include pictures so customers will have a general idea of what they are getting.",foodpanda_reviews.csv,4,positive,positive,0.846957567364689
"Tbh, it's just creepiness, rates are almost double than actual rates.. that's why am givin 1 star. And it always delivers wrong",foodpanda_reviews.csv,1,negative,negative,0.2969018831954313
Cook and taste,foodpanda_reviews.csv,5,neutral,neutral,0.4269300618200995
"macam anjing harga makin naek,ingat gji kat owg kat malaysia ne semua yerr 10juta kew anjing,,,",grab_reviews.csv,1,neutral,neutral,0.8284780044151978
So easy to get good food without having to leave the house. A lot more options than I expected.,foodpanda_reviews.csv,5,positive,positive,2.598672438276652
Sistem yang salah jalur titiknya malah dibalcklist.... perbaiki dulu sistemnya jangan langsung asal blacklist,grab_reviews.csv,3,neutral,neutral,0.8887291018720432
My experience is really good 👍,foodpanda_reviews.csv,5,positive,positive,2.8686805471505856
Ketika mau klik order malah gabisa . Hadeh,grab_reviews.csv,2,neutral,neutral,1.1613658856288167
Perfect app for bachelor's,foodpanda_reviews.csv,4,positive,positive,0.6347387493448484
Super easy to use and frindly gui,foodpanda_reviews.csv,5,positive,positive,3.336809389837472
"Am giving Grab 5 stars for being an unreliable service provider. Drivers continue to cancel confirmed rides (a persistent trait). You wait for more then 5 minutes for the confirned ride and then the driver cancels the order. When you need it most, Grab will surely fail you. Service needs to be relabelled as ""Grab To Get Abandoned"" ride app. A successful app, helps to reinforce the meaning of ""unreliable"" :-)",grab_reviews.csv,5,positive,positive,0.4974346256475055
stupid app..keep asking me unit number,grab_reviews.csv,1,negative,negative,1.6140347304743243
Too much irritating ads,foodpanda_reviews.csv,1,negative,negative,1.3105359710285236
It really is a stupid app developed by stupid people.... Every time when i use YouTube or Facebook it ads hits again and again,foodpanda_reviews.csv,1,negative,negative,1.7254172127120166
Ngebantu bgt yah,grab_reviews.csv,5,neutral,neutral,1.014669108399829
okeh..membantu sekali...memuaskan,grab_reviews.csv,5,neutral,neutral,1.2583935380555507
X pndi ckp bm,foodpanda_reviews.csv,1,neutral,neutral,1.161201170532615
So easy to order the food.,foodpanda_reviews.csv,5,positive,positive,1.6471302341902858
"Madarchoti marka app, kisu kisu resturante baje khabar dey",foodpanda_reviews.csv,5,neutral,neutral,0.7277998126675352
Sometimes frustrating,foodpanda_reviews.csv,4,negative,negative,1.878018848047084
Bad foolpanda 👎,foodpanda_reviews.csv,1,negative,negative,6.965882944736606
"Taxi arrives immediately, clean taxi and driver very careful",grab_reviews.csv,5,positive,positive,0.22010846131279638
"assalamualaikum, saya taktahu kenapa sebelum ni boleh cash tapi sekarang dah tak boleh guna cash untuk grabfood 😭😭😭",grab_reviews.csv,2,negative,negative,1.1067973891818554
I ordered 2items. One item is out of stock. Then i cancel my order. but still received 1 item.,foodpanda_reviews.csv,2,neutral,neutral,1.3839864197256107
so nice and giod service,grab_reviews.csv,5,positive,positive,1.8518197788170985
"This app is useless, literally! After installing this and detecting my current location, it says ""We have moved to our own app.."".. ""Download it now"". Then what is the purpose of this stupid app that I unnecessarily installed?",foodpanda_reviews.csv,1,negative,negative,1.8813541059010008
good Ang fast,grab_reviews.csv,5,positive,positive,3.3746751017153596
Everything was great.,grab_reviews.csv,5,positive,positive,1.6853845764204214
"I make order using foodpanda apps and i waited for 1 hour ++ but didnt receive my food. When i ask the customer service, they told me the food i order is not from foodpanda rider. If the food not delivery by foodpanda rider,why appear in app.",foodpanda_reviews.csv,1,neutral,neutral,0.5126108570340994
Useless apps. Cant select payment method and show error.,foodpanda_reviews.csv,1,negative,negative,1.0187750345898858
why I cant have non ice drink and can't even add extra rice or some thing elseand another problem there restaurant near by but in app restaurants far away what is this app worse ever...????,foodpanda_reviews.csv,1,negative,negative,0.13159147493548407
pelayanan nya sangat baik,grab_reviews.csv,5,neutral,neutral,1.104178428347192
"Worst app ever. u can't cancel ur order, if u have paid online through debit card. They lie that they have returned ur money",foodpanda_reviews.csv,1,negative,negative,1.1629108540424102
its app is good,foodpanda_reviews.csv,5,positive,positive,2.6236221004529723
"Lumayan. Jika anda berada di Kota Bandung, jangan kaget kalo drivernya minta di batalin pesanan anda.",grab_reviews.csv,4,neutral,neutral,1.0151279737265642
It is the easiest and comfortable way to order food,foodpanda_reviews.csv,5,positive,positive,1.0470069831000839
promonya gileeee,grab_reviews.csv,5,neutral,neutral,1.345426314875226
Wonderful and I love the app. Helps me save a lot!,foodpanda_reviews.csv,5,positive,positive,2.928220473876113
Order has been cancelled but money doesn't refund,foodpanda_reviews.csv,3,neutral,neutral,1.2977622345263853
"Bad service. I provided my phone number for the driver to be able to contact me but didn't call me, not even once. I waited for the him outside for so long but haven't heard from him. How am I supposed to know if they really received my order or not if they don't inform me. So disappointed!",foodpanda_reviews.csv,1,negative,negative,0.7234716417939313
Nice and clear,grab_reviews.csv,5,positive,positive,2.1701486763608084
Foodpanda is very usfel and good app and I love Foodpanda and I rate 5 stars,foodpanda_reviews.csv,5,positive,positive,2.4564128709763864
Veery Nice app good delivery,foodpanda_reviews.csv,5,positive,positive,3.3556203029150877
i hate this app.. their service is very slow and they canceled every singles deal which i ordered,foodpanda_reviews.csv,1,negative,negative,1.8800949097632387
poor service. i put the correct address but their rider bring my foods to other places because of thier very poor gpspin.... and they never refund order!!!! horibble apps,foodpanda_reviews.csv,1,negative,negative,0.8976103382403284
Very helpful when im hungry and lazy to cook😘😂,foodpanda_reviews.csv,5,positive,positive,2.004611082511061
Na acha hai na bura bs Sahi hai,foodpanda_reviews.csv,1,neutral,neutral,1.1126933981376441
"Very Worst Service. We ordered our food & and waited for 2 f**king hour's, and then contact the customer service after loosing our patience. They are simply saying ""Sorry"". This is second time. Hereafter I never ever use this service. I request everyone not to use this service.",foodpanda_reviews.csv,1,negative,negative,1.1313323485817377
"horrible app, couldn't even get the restaurant we want, even they are on supported list for exp. i couldn't even find ikea food or hai di lao on it when both are listed as supported by u!!! ridiculous",foodpanda_reviews.csv,1,negative,negative,1.0719476954416676
Laughable how I cannot change a route once I get on the ride. Says give my driver a heads up and all and then just says I cannot change route. Also infuriating so many empty bikes pass and my ride is 10 mins away. What do you do with all that money softbank gave you? Still a worse service than uber by a mile.,grab_reviews.csv,1,negative,negative,0.4782290218899836
I got suspended again i got log out for unknown reason then when i log in again it say suspended.,grab_reviews.csv,1,negative,negative,0.2604789179775726
Pertahankan subcription nya yaa..!!!,grab_reviews.csv,5,neutral,neutral,1.218461750814852
Great way to get fresh and hot food.,foodpanda_reviews.csv,5,positive,positive,2.108458184939413
Cannot find the location and destination. Doesn't work! Uninstall!,grab_reviews.csv,1,negative,negative,0.7736957027378244
FoodPanda making life beautiful,foodpanda_reviews.csv,5,positive,positive,0.34134213726180884
"plz give food photo option.....coz it is more problem for us to select food, without saw food photo..plz give photo option...HAPPY FOODING!",foodpanda_reviews.csv,1,positive,positive,0.15107709175186335
"So far, it helps me a lot",grab_reviews.csv,5,positive,positive,0.859708137183264
Very excellent idea,foodpanda_reviews.csv,5,positive,positive,1.760479064796366
Worst experience by visiting for the first time. So much interruption.,foodpanda_reviews.csv,1,negative,negative,1.1010815391436344
Very stupid app....I can see the resteurent is open but here its cloz!!! Wat da @৳##??,foodpanda_reviews.csv,1,neutral,negative,-0.011695165166546229
Nice and suitable,foodpanda_reviews.csv,5,positive,positive,1.4953156225554094
It's good but the search function is Abit frustrating to use.,foodpanda_reviews.csv,4,negative,negative,0.5004087938464084
Excellent services of cab and food deliveries And all the cab drivers are good and helpful to the non- localities,grab_reviews.csv,5,positive,positive,1.7719383525281887
how i can tracking airwaybill grabparcel/express??,grab_reviews.csv,1,neutral,neutral,0.7339937236051108
eeasy to use,foodpanda_reviews.csv,5,neutral,positive,0.570998841973944
Riders are nk,foodpanda_reviews.csv,1,neutral,neutral,0.7296354114586846
I hate it now specially that they just added delivery fee which is very expensive,foodpanda_reviews.csv,1,negative,negative,1.50188462760735
does not run in our choice of wifi connection,foodpanda_reviews.csv,1,neutral,neutral,0.5417236286209459
Saya sangat terbantu dengan grab..,grab_reviews.csv,5,neutral,neutral,0.5848962439818496
Good thes app,grab_reviews.csv,5,positive,positive,4.796771688856373
"Lousy. Their pin on map method is so bad. What if a person ordering for another person and only have address. Rider just depend on pin even full address already given, even been notified to not take order if dont know address. Twice my order was cancelled and give heartache. Uninstalling.",foodpanda_reviews.csv,1,negative,negative,1.4160722647049377
i thik its better then darazz,foodpanda_reviews.csv,5,positive,positive,0.9534789578434804
unanle to start app and keeps getting hang.,grab_reviews.csv,2,neutral,neutral,0.6299770860088887
Very satisfied ordering here! Thumbs up 👍👍👍,foodpanda_reviews.csv,5,positive,positive,4.592853720886634
GPS location sucks. Keeps delivering to wrong place when I don't notice. Keeps diverting to old location.,grab_reviews.csv,1,negative,negative,1.6539855646510455
They serve rotten food.i ordered 6pcs but they gave me 4pcs on top of that it's taste is pathetic🤮,foodpanda_reviews.csv,1,negative,negative,1.0384635853447048
"sangat membantu baik waktu, biaya dan kecepatan pelayanan",grab_reviews.csv,5,neutral,neutral,1.2189581172529924
"praktis, dan kompetitif",grab_reviews.csv,5,neutral,neutral,1.3310542883467968
"When I just arrived in Makassar and try this grab i used this app, this app is very helpful",grab_reviews.csv,5,positive,positive,0.2786125555659267
Its verry good GRAB,grab_reviews.csv,5,positive,positive,0.9645050779587512
Easy for peole to go anywhere,grab_reviews.csv,4,positive,positive,1.3048658555869406
Great service at all,foodpanda_reviews.csv,5,positive,positive,1.6692010856018744
You guys cancelled my orders 2 3 times on the last moment after waiting 1.5 hours for it... You guys are just pathetic.... Worst experience .. Even at this moment m waiting for my order since 1.5 hours ...,foodpanda_reviews.csv,1,negative,negative,1.7504848908973059
Delivery on time... Amazing app for foodie people.. 👍♥️,foodpanda_reviews.csv,5,positive,positive,1.996291152065136
ge ge ge,foodpanda_reviews.csv,5,neutral,neutral,1.3081551625501275
u basted raskle stop sharing ads stupid nonsense,foodpanda_reviews.csv,1,negative,negative,2.300712322834976
Best Food delivery ☺️,grab_reviews.csv,5,positive,positive,2.3443498398385554
Payment decline dengan OVO padahal saldo masih ada,grab_reviews.csv,1,neutral,neutral,1.6652387387974716
"Just a decent app nothing special. Considering that its ""FoodPanda!"" However, trust me. Foodpanda should really deem about to allow users to put Reatuarants in Favourite list.",foodpanda_reviews.csv,3,positive,neutral,0.3104556234291658
Sangat membantu dperjalanan,grab_reviews.csv,5,neutral,neutral,1.128481416333929
Managed to book a taxi on a rainy Sunday morning after a few tries. Good thing abt this app is you dun hv to wait 10 mins to rebook.,grab_reviews.csv,5,positive,positive,0.43080535973111345
App not working when update your information,foodpanda_reviews.csv,1,negative,negative,1.1699166556326324
APP JAM. TERRIBLE APP,foodpanda_reviews.csv,1,negative,negative,2.057841378688264
Very poor service 3rd class rider in this way Very shameful Fakir log raky hain na oder pora dety hain na pesy wapis karty hain verry bad,foodpanda_reviews.csv,1,negative,negative,1.750287332492432
grobfood cannot use cash..start tu dah jarg guna.kalau terus mcm ni byebyelah Grab,grab_reviews.csv,1,neutral,neutral,0.4981436667335568
Good but buggy sometime,foodpanda_reviews.csv,4,neutral,neutral,0.7933928143488012
"Slow delivery times. Cold food. Bad customer service. Poor English. And lies! If you say you will email me in 24 hours, you should do it.",foodpanda_reviews.csv,1,negative,negative,1.954037904514697
Poor service. Pathetic app.,foodpanda_reviews.csv,1,negative,negative,3.877123239106005
Affordable price and good services,grab_reviews.csv,3,positive,positive,1.0899697968506847
It's very helpful and bring you closer to many restaurants at your fingertips.,foodpanda_reviews.csv,5,positive,positive,0.6850443658006335
This app is so good through app we easily buy food,foodpanda_reviews.csv,5,positive,positive,1.4518754531026887
to expensevi,foodpanda_reviews.csv,1,neutral,neutral,0.502637248379644
This app is really bad.Too many error and waste of my time.Useless app,foodpanda_reviews.csv,1,negative,negative,4.693140363189507
Not customer oriented very bad app very unplease and displease,grab_reviews.csv,1,negative,negative,0.9127775688293096
erm memang terbaikk,foodpanda_reviews.csv,4,neutral,neutral,1.0593525669885546
"for grab car, the price is very cheap, easy to use.. love this , keep it up, grabcar , and i would like to give 5 stars, if grabcar can choose type of car..",grab_reviews.csv,4,positive,positive,1.9331602707317146
existing,grab_reviews.csv,5,neutral,neutral,0.7032455310578295
aplikasinya memudahkan,grab_reviews.csv,5,neutral,neutral,1.2809158343230331
Awesome good service! Love it😄,foodpanda_reviews.csv,5,positive,positive,4.442010094712618
not good ui,foodpanda_reviews.csv,1,negative,negative,3.038379033369415
All good app,grab_reviews.csv,5,positive,positive,2.886225171301052
Need to work on,foodpanda_reviews.csv,5,neutral,neutral,0.945835122652212
"Hands down the most pathetic service from ANY company EVER! Most of my orders are delayed and on my last order, they cancelled half of it and delivered the other half. Pathetic incompetent idiots!",foodpanda_reviews.csv,1,negative,negative,2.2284686316513973
Very accurate location I love it!,grab_reviews.csv,5,positive,positive,1.7618179738141044
Low quality 👎🏿,foodpanda_reviews.csv,1,negative,negative,1.3331920183818182
"Poor services , no consumer protection , you place order then it's upto them when they deliver there is no time limit and you can't even cancel order even if they take double the time they initially gave u before you ordered.in Pakistan foodpanda management is fraud.",foodpanda_reviews.csv,2,negative,negative,1.356207365162037
I wanted to go to hospital so I opened grab application and they asked to update and it took a lion share of my time before I booked. USELESS What a stupid app,grab_reviews.csv,1,negative,negative,1.559188045230949
It so easy to use and fast,foodpanda_reviews.csv,5,positive,positive,2.59457514857353
Ordered a food almost 2hrs they did not deliver the food and also money got deducted if I try to call food panda nobody is picking the call and more over in the app because of late delivery our team will contact me they showed like that but no one contacted me...worst service don't use this app it's seriously waste of time,foodpanda_reviews.csv,1,negative,negative,2.0898494314554696
Useless promotion code.,grab_reviews.csv,1,negative,negative,1.2232691424368762
Easy access.,grab_reviews.csv,5,positive,positive,1.6474553534362328
Sometimes the pin change khit d mo nmn bingo,foodpanda_reviews.csv,3,neutral,neutral,0.9487263161516067
semoga diskonnya semakin besar,grab_reviews.csv,5,neutral,neutral,0.9598795516224741
Awesome unique app very good!!,foodpanda_reviews.csv,5,positive,positive,4.056423919991457
It's loading all the time...Not at all working :(,foodpanda_reviews.csv,1,neutral,neutral,0.9113586936807795
"Reliable! Price is very competitive too! So convenient, arriving at your doorstep! Great job Grab!!",grab_reviews.csv,5,positive,positive,0.5689286056434235
Nycy app,foodpanda_reviews.csv,5,neutral,neutral,1.6268422561352014
bastardrina grabpay,grab_reviews.csv,1,neutral,neutral,1.3082182128456779
This app is so bad service,foodpanda_reviews.csv,1,negative,negative,2.698576239464695
Customer service is full of lies. Full of fixed response and doesnt even help you properly. Tried giving the app multiple chances yet the customer service is not improving. Will probably not use this app anymore. There are better ways to order food delivery and this app is the worst.,foodpanda_reviews.csv,1,negative,negative,0.22082243383645128
အဆင်ပြေပါတယ် အားပေးပါ့မယ် Food panda နှစ်ပေါင်းများစွာ တည်တန့်ပါစေ,foodpanda_reviews.csv,5,neutral,neutral,1.1101949607851083
"So far, so good!",grab_reviews.csv,5,positive,positive,2.882667486097433
Great I am too inspired from this services!!,foodpanda_reviews.csv,4,positive,positive,1.0805647746882963
"Kali grab food sering lama sekarang, padahal.udah milih oengiriman standar. Masa nunggu makanan sampai lewat 30 menit dr estimasi. Otw uninstall",grab_reviews.csv,3,neutral,neutral,1.0854422189628319
I order almost everyday since i started using this app. Its very user friendly.,foodpanda_reviews.csv,5,positive,positive,0.7260919057130775
"Does not let you unlink your card. This is scary and feels unsafe. Even if you try to, you will encounter ""an error"" which doesn't explain why they can't unlink your card.",foodpanda_reviews.csv,1,negative,negative,0.17001421627059687
It's just love &lt;3,foodpanda_reviews.csv,5,positive,positive,1.1219561774593727
It's is easy to use,grab_reviews.csv,5,positive,positive,2.148237227644005
Great app..easy and comprehensive,grab_reviews.csv,5,positive,positive,2.495572738853377
Wait for 2 huor for food to arrive,foodpanda_reviews.csv,1,neutral,neutral,0.8005558432201181
Don't have time to think,foodpanda_reviews.csv,5,neutral,neutral,0.8965001343455758
add more pro driver with good manner pls :),grab_reviews.csv,3,positive,positive,1.9391697999454764
servis makin teruk lepas 12 julai,grab_reviews.csv,1,negative,negative,1.071314585818432
always the best,grab_reviews.csv,5,positive,positive,2.246969723209066
"so far its good but some of taxi drivers are not following the exact rate that is in the application when you book at them. they charge you with extra almost double as the original fare and i use grabpay to avail load twice, its been credited to my account but i did not receive the load.",grab_reviews.csv,3,neutral,neutral,-0.00517749557659708
Convenience and solve all the travel need. really amazing apps.,grab_reviews.csv,5,positive,positive,0.9617397286120399
gusto ko lang lagyan ng 1 star kasi ikaw lang ang star ng buhay ko,foodpanda_reviews.csv,1,neutral,neutral,0.8853545646636307
"It's so efficient, makes people lives easier especially during the pandemic. Although, I wish the range of distance would be bigger so that we'd get more choices to pick and add more supermarkets in the list.",grab_reviews.csv,4,positive,positive,1.4631382457525814
Bht hi bakwas app h phely order delay krte h phr khete h riderse bat krle or inka rider b reply nhi krta phr order cancel krdete h 2 ghante k bad sara time zaya,foodpanda_reviews.csv,1,negative,negative,0.9703748408231201
"Total waste of time, navigation is not working properly",foodpanda_reviews.csv,1,negative,negative,2.6264224307542894
It always says it's busy all the time and almost every restaurant keeps showing unavailable. Disappointing service.,foodpanda_reviews.csv,1,negative,negative,0.502993625204893
Ampanget ng app na to pramis,foodpanda_reviews.csv,1,neutral,neutral,0.8213038401027491
Nice service and convenient app for me..,foodpanda_reviews.csv,5,positive,positive,0.42035253510877046
Happy to use this app,grab_reviews.csv,5,positive,positive,1.1364516051341236
Helpful and friendly driver. Highly recommended.,grab_reviews.csv,5,positive,positive,1.9507773883621076
Very nice ... kindness,grab_reviews.csv,5,positive,positive,2.9379661159239197
I love this apps. Always deliver on time,foodpanda_reviews.csv,5,positive,positive,0.9349562429804104
"No hassle, no more time extending in filling the details",foodpanda_reviews.csv,5,negative,negative,0.3072570792627958
sumpah ya ini aplikasi ngelag mulu. jadi susah ngehubungi drivernya,grab_reviews.csv,2,neutral,neutral,0.9153589416482822
Booking taxi has never been this easy. Kudos guys... taxi company should learn.,grab_reviews.csv,5,positive,positive,0.22717754561067283
Aplikasi yang must have,grab_reviews.csv,5,neutral,neutral,1.0530706546186201
Grab sekarang ga seru...gda promo wlw pakai ovo.,grab_reviews.csv,1,neutral,neutral,1.1937869436071953
The current update broke the app. The location system is not working. Manual location are not working. orders are being taken. Worst update ever. Why update something to just to break it.,foodpanda_reviews.csv,1,negative,negative,2.327374248432958
Very helpful esp with wfh moms like me. Highly recommended,foodpanda_reviews.csv,5,positive,positive,1.7266978228905872
"Grab boleh minta tolong tidak ya. Ini bukan masalah uangnya. Tapi integritas dan profesionalisme kerja. Grabfood belum sampai sudah di finish, ovo sy terpotong. Terima kasih utk perhatiannya",grab_reviews.csv,1,neutral,neutral,0.8086573252784474
I always enjoy my ride,grab_reviews.csv,5,positive,positive,1.079723353211118
Unfair labor practices.,foodpanda_reviews.csv,1,negative,negative,0.786855916471477
"The app works very well but the Grab service has a bad flaw, the drivers accept the ride but don't show up and don't cancel it either. So when we costumers cancel we get ""punished"" by being delayed considerably long each time we other a grab. Really unfair for us the users.",grab_reviews.csv,1,negative,negative,0.9664621179274229
Stupid service! Bad delivery guy! Asked him to send up to my house still angry! Freaking bad service!,foodpanda_reviews.csv,1,negative,negative,4.212613192581717
"Drivers usually cancel with either no reason or lame excuses. If it's a Share, drivers wait for another passenger before going to your location.",grab_reviews.csv,5,negative,negative,0.60709584292972
"Pathetic customer service. Restaurant can not fullfill the order. Thats ok, they can cancel the order and issue a refund. But, no, i have to talk to their stupid customer service 5 times to get my money back, unnecessary waste of time for a small amount for something that could be automated. You morons have no right to be in tech space. Also, you cheaters display fake offers and waste our time further.",foodpanda_reviews.csv,1,negative,negative,3.1350354372373963
Really enjoyed it and i got it fast,grab_reviews.csv,4,positive,positive,1.373224930741339
Murah aman terpercaya👍,grab_reviews.csv,5,positive,positive,1.3810564568843182
Limited area to deliver. I contacted there Customer service once because a rider didn't follow instruction and I was not able to eat my food. They didn't even fix it. The agent have no professionalism called me dear and was being sarcastic. I worked in a BPO before so it was rude for an agent acting like that towards a customer. I didn't get a refund.,foodpanda_reviews.csv,1,negative,negative,1.363837814596224
"Dependable, fast delivery, good service, etc",foodpanda_reviews.csv,5,positive,positive,1.1767476338991723
App is alright but literally keeps telling me to update every few days...i am annoyed by it,foodpanda_reviews.csv,3,negative,negative,0.6555498407333689
Yes it was cool,foodpanda_reviews.csv,5,positive,positive,0.7869579012781343
why must linked to facebook??! no any other options????complicated app,grab_reviews.csv,1,negative,neutral,-0.09545717321678238
It takes alot of time to deliver food which makes it soggy😠😠👎,foodpanda_reviews.csv,1,negative,negative,2.3546550394768144
Why grab can't give point 😒 Kenapa sekarang grab tak kasih point 😒,grab_reviews.csv,1,neutral,neutral,1.2083583055882516
It delivers really fast on time. The riders are respectful towards customer.,foodpanda_reviews.csv,5,positive,positive,0.648205953863884
good apps.. 👍👍👍,foodpanda_reviews.csv,5,positive,positive,4.080975427590732
Ok ok ha yar jo bi ha,grab_reviews.csv,5,positive,positive,0.8843590297648427
"Foodpanda help centre is the worst! They don't offer me solutions, closed the chat without any reason. I paid for the service yet got the worst service from you!",foodpanda_reviews.csv,1,negative,negative,1.0918101299570409
Grab car Drivernya pilah pilih pnumpang,grab_reviews.csv,1,neutral,neutral,1.1373744718096193
goooddddd is the best,grab_reviews.csv,5,positive,positive,2.5561784031481167
Sometimes some restaurants really cheating with the foods... I hate that,foodpanda_reviews.csv,4,negative,negative,0.965363741823936
Always need to update when opening app,foodpanda_reviews.csv,2,neutral,neutral,0.363686523528697
Nice app affordable delivery fee,foodpanda_reviews.csv,5,positive,positive,0.8130959386770267
sangat membantu ktika ku malas keluar👍💟,foodpanda_reviews.csv,5,positive,positive,0.19139034866548799
In earlier that was good. But it add additional exp. & deccrease other facility. Very poor service.,foodpanda_reviews.csv,1,negative,negative,0.978462709354353
Had ordered for food through the app but it did not get delivered even in two hours. When i went and enquired directly to restaurant i was told the order was not booked... Pathetic...even i tried calling customer care but no response either.. As requested by u please find the Order ID n0ki-o4xz,foodpanda_reviews.csv,1,neutral,negative,0.6130978686736559
Fees are too high for both Vendors and Buyers. Unfair treatment to vendors and riders! GPS location is also bad.,foodpanda_reviews.csv,1,negative,negative,2.1239807172605385
"If can I will give 0 star, because the last time I order KFC, but he wait me at another place, he said he was out side of my house, but I didn't saw him in front of my house...",foodpanda_reviews.csv,1,neutral,neutral,1.2574636987273196
Vai mollahat এ এই ফুড পান্ডা নাই তবু ও এড দেয় কি করবো app ডাউনলোড করে 😞😡😡প্লিজ give food panda on mollahat,foodpanda_reviews.csv,1,negative,negative,2.655698149225818
"Please stop messaging random bs to me, I really sick of this. STOP please!!!",foodpanda_reviews.csv,2,negative,negative,0.309820291376649
I cant download this app anymore can you fix this. Im using Redmi 6A,grab_reviews.csv,1,neutral,neutral,0.6205403458261334
Fast and convinient. Kudos to all drivers ❤,foodpanda_reviews.csv,5,positive,positive,1.805829521009837
"Kenapa ya grab saya gabisa load booking ?? Harga udah keluar, tujuan sudah ada. Tapi saat saya load untuk booking, gagal terus. ""Failed to load booking""",grab_reviews.csv,2,negative,negative,0.18747511431055086
I never get any voucher.thats the worst thing about this app.,foodpanda_reviews.csv,5,negative,negative,0.9007134486787716
Grab is no hassle like the Taxis. It is the way to travel around Manila! love it!,grab_reviews.csv,5,positive,positive,0.9916430677257468
sy nk login x bole,grab_reviews.csv,1,neutral,neutral,0.8485204483995195
The app is not usefull when i have issue on my order because theres missing i can't send a peicture so dessapointing.,foodpanda_reviews.csv,1,negative,negative,1.61858372467788
"something wrong with this a} p, when i got message pin number to approve install this app, and suddenly page to insert that number disappear this grab waze/ maps need to be update, this is delivery service , but maps not correctly",grab_reviews.csv,1,neutral,negative,0.8564300762283921
Very sexy app,foodpanda_reviews.csv,5,positive,positive,-0.04561358099611179
"Why are you constantly needing to be updated??? Every time I open the app (which is every single day), I am prompted for updating. It is getting annoying.",foodpanda_reviews.csv,1,negative,negative,0.5460713638187762
"Easy to use, cheap and fast deliveries!",grab_reviews.csv,5,positive,positive,2.391677789894281
Poor design: no option to cancel or revise order.,foodpanda_reviews.csv,1,negative,negative,1.445308264179947
It is easy to travel anywhere and it is cheaper then taxi,grab_reviews.csv,5,positive,positive,1.0185128616441819
Rj Arun super app,foodpanda_reviews.csv,4,positive,positive,1.0794903300250118
Horrible drivers. Lack of information/poor communication with grab drivers that they seem confused about where they are going. Some drivers beggs to me to cancel my booking since they dont want to work late. Uber from now on!!,grab_reviews.csv,1,negative,negative,1.991204346442192
Dulu ini aplikasi yg bagus sejarang sudah menjadi kurang bagus dan mahal sekali di saat ujan dan sering error mapnya kurang akurat juga,grab_reviews.csv,3,positive,positive,0.16467702787807492
very useful...love it,grab_reviews.csv,5,positive,positive,3.911643226619356
Good app but not excellent,foodpanda_reviews.csv,4,negative,positive,0.18112085666408628
Good Bangeeeettttt,grab_reviews.csv,5,positive,positive,2.4939518151975575
Arrival time.....perfect,grab_reviews.csv,5,positive,positive,0.6942370818976822
Just the worst. the delay is horrible,foodpanda_reviews.csv,1,negative,negative,3.769889808284485
Only Good with voucher Very high delivery charges For any problem we can't contact with food panda help center There is no visible help center bottun before after placing order They gave to only New Users not old If you have many phone you need to create new to use the voucher Or you need have credit card or online payment to use vouchers I am not satisfied with food panda They don't care of there old users or riders Food Panda Only Looking Good In Ads,foodpanda_reviews.csv,1,positive,negative,0.9179785602830433
the app hav been great so far!!!,grab_reviews.csv,5,positive,positive,1.4418508570168174
Banyak pilihan restoran. Customer service excellent.,foodpanda_reviews.csv,5,positive,positive,0.8355792107027533
ALWAYS NEED TO REINSTALL FOR CASH ON DELIVERY PAYMENT,foodpanda_reviews.csv,1,neutral,neutral,0.3334119798618016
Very bad service. It is the worse APP because of the lateness,foodpanda_reviews.csv,1,negative,negative,3.2890110689372416
"Thank You , I love it",grab_reviews.csv,5,positive,positive,3.319781743896894
"Requests for root access on rooted phones, highly suspicious request by Grab and they've not stated why such access is required on the phone. Was notified by SuperSU. There is no reason for such a high level request of permission for this app to function. Terrible violation of ethics and attempted exploitation of rooted phones",grab_reviews.csv,1,negative,negative,1.092073473824322
Good Enough Promo,grab_reviews.csv,5,positive,positive,1.8048619286865988
"Used to be okay, but then I experience a big issue about a store and the rider wanted me to cancel the order so that they will not be penalized and I will be the one responsible for them not getting my order. They wanted me to cancel even though they know that I will not get refund if I do that. Worst, literally the worst. Foodpanda is sending me back and forth with riders and don't want to be responsible for the issue. They want me to cancel a prepared and paid food that will not get to me.",foodpanda_reviews.csv,4,negative,negative,1.0975914010381413
Bad application ever,foodpanda_reviews.csv,1,negative,negative,2.0077650203471786
Much better now and loving it even more .,foodpanda_reviews.csv,5,positive,positive,3.108718461244205
"User friendly , good offer sometimes",foodpanda_reviews.csv,4,positive,positive,2.888861081035902
Greedy panda worst app ever you guys are haramis,foodpanda_reviews.csv,1,negative,negative,2.108617083045373
Nice to use by the way,foodpanda_reviews.csv,4,positive,positive,1.3678024105873618
You should hire good software developers,foodpanda_reviews.csv,1,positive,positive,0.2748010305204813
"CAN'T LOG IN PROPERLY THE CODE IS ALWAYS NOT GIVEN IN TIME, FIX THIS",grab_reviews.csv,1,neutral,neutral,0.7694944218784137
kurangkan kenaikan,grab_reviews.csv,5,neutral,neutral,1.5035371175780745
Pathetic. Worst experience. No proper customer service. No coordination with partner restaurants. Useless app design and not at all customer friendly. I was misguided by the customer service representative.,foodpanda_reviews.csv,1,negative,negative,3.172163929361824
Datang menumpang kita.ambik untung atas bisnes kite.bila kite lame xbuke khidmat dia molek2 ade kite plok kena caj.alasan akaun masih aktif wlpon xbuke.memang celake..,foodpanda_reviews.csv,1,negative,neutral,0.14230097868625524
grab sy knp ga bisa ganti lokasi ya saat ada perubahan jalur mendadak,grab_reviews.csv,1,neutral,neutral,1.1488470893768992
Can get delicious food with lots of discounts,foodpanda_reviews.csv,5,positive,positive,0.3779903160274143
Its been almost 8 months that I'm using the app for ordering the food. Customer service is really awesome. Coming to offers : Great deals than compared to all other food ordering apps,foodpanda_reviews.csv,5,positive,positive,1.2086084046254355
Hope puede na gcash. Nahirapan ako pagbayad Kasi nasa hospital kmi di puede akyat taga deliver. Naka confine ako na stress ako dun sa taga deliver nahirapan ako huminga. Di muna ako padeliver sa Inyo.,foodpanda_reviews.csv,2,neutral,neutral,0.3585334799050799
Much better now. A bit expensive compared to when Uber was around. But ok to pay premium for timely transport needs. Thank you!,grab_reviews.csv,4,positive,positive,1.1769436021709965
very good and easy to use it,foodpanda_reviews.csv,5,positive,positive,4.538195818318968
Very ideal app for ordering for food at your doorstep and very easy to use as well.,foodpanda_reviews.csv,5,positive,positive,1.5266284280025537
yung options is getting worst po.,foodpanda_reviews.csv,1,negative,negative,1.7177591366676839
"Great, I already use for 9 month!",grab_reviews.csv,5,positive,positive,1.0115134121659122
good service kay kuya rider,foodpanda_reviews.csv,5,positive,positive,1.034979328423015
"I had my first transaction with this company/app today and received the wrong set of food. You can just imagine how frustrated I was having to eat what they delivered just because I was already starving. I'm so disappointed, I wanna cry. T_T",foodpanda_reviews.csv,1,negative,negative,2.209589720457949
Excellent Application Provides quality food services on discounted rates,foodpanda_reviews.csv,5,positive,positive,0.7760249468425575
Deliveries are usually late these days..and some of riders are rude,foodpanda_reviews.csv,3,negative,negative,1.5835818869748115
"Grab sucks nowadays. High fare,very hard to get booking order. Only 3.55 kilometres fare is Rm26 Gonna uninstall forever.",grab_reviews.csv,1,negative,negative,0.6833555420264097
Most of the time I got good service. Thanks :),grab_reviews.csv,5,positive,positive,3.2688306070406545
Cukup 1 bintang saja. Hampir 1 jam hanya utk searching lokasi 'dari' dan 'ke'..,grab_reviews.csv,1,neutral,neutral,1.0751063878191347
Selfish employer,foodpanda_reviews.csv,5,negative,neutral,0.20676745500848948
cant order a grab just appear the map and the order collum didnt appear,grab_reviews.csv,1,neutral,neutral,0.5719309767685649
Bobo ang management!,foodpanda_reviews.csv,1,neutral,neutral,1.1008377674689058
saya kecewa akhir2 ini saya naik grab trs saya pake promo ko pas bayar ditagih lg ya?malah jd harga utuh tolong dong jujur drivernya,grab_reviews.csv,3,neutral,neutral,0.5832412850065667
High price but no drivers. It's 10am! Stupid app :),grab_reviews.csv,1,negative,negative,1.5197113589666875
5star for the service,grab_reviews.csv,5,neutral,neutral,0.7623484966940198
The worst app I've been exp. You pin the loc but the output is different. I can rate this negative because of misunderstanding and conflict with the rider.,grab_reviews.csv,1,negative,negative,0.6895186008874621
Fantastic app it save s our valuables time,foodpanda_reviews.csv,5,positive,positive,0.8192833869307525
Suka dengan promo diskon nyaaaa......,grab_reviews.csv,5,neutral,neutral,1.100226410950057
Its always good to have these apps and do follow up with the restaurant :),foodpanda_reviews.csv,4,positive,positive,1.0278557101864962
"What the F*** is wrong with you, ? Youre always UPDATING..IT SUCKSSS",foodpanda_reviews.csv,3,negative,negative,2.3442093064478278
aku cinta grab,grab_reviews.csv,5,neutral,neutral,0.8899103187268079
I don't understand why you keep on giving far drivers. Also incentives now are lower compared with before.,grab_reviews.csv,1,positive,positive,-0.08291212049741103
Sangat menyenangkan dan nyaman,grab_reviews.csv,5,neutral,neutral,1.3737621551687829
Very easy to go with grab,grab_reviews.csv,5,positive,positive,1.9018313194505685
Great app.easy to use. Awesome service,foodpanda_reviews.csv,5,positive,positive,4.646265844266828
good service and reasonable fare 👍,grab_reviews.csv,5,positive,positive,3.062918527322254
"grab skrg kebanyakan gk bisanya, ada aja alasan driver nya, jd mls pkek grab, enak an go jek, gk kebanyakan alasan",grab_reviews.csv,1,neutral,neutral,1.0963533957956098
MY EARNED CREDITS GONE. & THEY CAN'T PUT IT BACK. THEY JUST GIVE ME VOUCHER WITH VALIDITY. & IT'S SO UNFAIR!,foodpanda_reviews.csv,1,negative,negative,0.357438539766306
"Not a good experience, I ordered pizza from pizza hut and received a spilled order, did complain and they told me that i will get a voucher worth Rs. 555 never got one and today again my order was late they gave a voucher but it's fake, I can not use it while placing any order. Planning to uninstal this app!",foodpanda_reviews.csv,1,negative,negative,0.4788734422678391
bad verification system,foodpanda_reviews.csv,1,negative,negative,2.1482346545851656
Nice app for us.this is a good app when we are in mood of enjoyment,foodpanda_reviews.csv,4,positive,positive,3.109498911329106
No Service in your Area What the Hill is that... 👿👿,foodpanda_reviews.csv,1,negative,negative,1.4056191794985242
I'm so disappointed is fasting month and I can't order my food because of my phone number like I've never touch foodpanda and I don't have a different phone number to use this is ridiculous,foodpanda_reviews.csv,2,negative,negative,1.8062502158271942
bast app food panda,foodpanda_reviews.csv,5,neutral,neutral,1.1008558986730088
Great riding experience.,grab_reviews.csv,5,positive,positive,1.6626629237657935
"ribet update terus, tapi verifikasi email gagal terus",grab_reviews.csv,1,neutral,neutral,1.4873426001935406
memantul,grab_reviews.csv,5,neutral,neutral,1.1122323137681258
unable to update correct address. keep on taking invalid address which gets the riders confused and delay. It cost customer and rider unfriendly relationship,grab_reviews.csv,1,negative,negative,0.7550989556754737
Excellent Initiative to cater small businesses.,foodpanda_reviews.csv,5,positive,positive,0.7135921454656446
Needs to improve their service Ridrs always pissing around blaming the food corners of left over package I hate there ridrs,foodpanda_reviews.csv,1,negative,negative,0.35508115334648194
Super nice..,grab_reviews.csv,5,positive,positive,3.8112129334902267
I am having a good experience using foodpanda and I also got free vouchers.,foodpanda_reviews.csv,5,positive,positive,1.8026076840084515
"apps paling celaka, somoga mati makan duit haram. bodoh punya foodpantek",foodpanda_reviews.csv,1,negative,negative,0.955779521283596
If urgent still have to update I hate,grab_reviews.csv,1,negative,negative,0.42716367303501723
Nob app..ceo cery stupid hanat,foodpanda_reviews.csv,5,negative,negative,1.6934422631419506
Small business killers.,foodpanda_reviews.csv,1,negative,negative,0.7353277482648686
ga ada opsi turn off fitur auto translate chat CS ngg bisa makanan suka ngg bisa diantar,grab_reviews.csv,1,neutral,neutral,0.9972357153183655
I love grab because grab loves me,grab_reviews.csv,5,positive,positive,1.3666377193294756
Delivered food at 2am .. life saviour,foodpanda_reviews.csv,5,neutral,neutral,0.8413485323862798
"Big issue with the selfie. Despite already set-up credit card payment, still ask for selfie. Time wasted as selfie just not working !!!!!!!",grab_reviews.csv,1,negative,negative,0.6229946184278665
Late delivery due to app scheduling. Inaccurate time estimates and grab not owning up to the issue. A bad customer experience and bad work culture for drivers delivering food.,grab_reviews.csv,1,negative,negative,1.992093928913102
"Customer service is terrible, orders constantly getting canceled and refund takes way too long, almost been 2 weeks and still haven't gotten my money back. Message their customer service and like a bot they keep saying the same damn thing. Useless, just switch to grabfood, can redeem points, got offers, and you only get charged when the food arrives. If I get my order cancelled 10 times in a row and all of the money takes God knows how long to be refunded how am I gonna buy food to eat?",foodpanda_reviews.csv,1,negative,negative,1.280980148895035
Fix your vouchers! Pandapro should have vouchers for restaurants and not just for shops!1,foodpanda_reviews.csv,1,neutral,neutral,0.8111511454773065
The good way to order food delivery,foodpanda_reviews.csv,5,positive,positive,1.3085943230836234
Placed order. Delivery person at home. Restaurant shut down. Food panda customer care says call between 11 am to 11 pm. Worst!!,foodpanda_reviews.csv,1,negative,negative,0.44062637596912557
Food Panda is excellent as the service always delivers on time and the food is fresh.,foodpanda_reviews.csv,5,positive,positive,1.2051670460728159
"The app has a bug maybe, when putting the voucher code, adding the amount to avail the voucher, it just don't work. and it just said ""Sorry, this voucher can't be applied to your account"" but I read the terms and conditions, there is no problem. I think you should fix this app issues. Thank you!",foodpanda_reviews.csv,1,positive,positive,0.5575540226752635
"Teruk la perangai rider². Aku order pukul 640 petang, dia kata order dapat 730, makanan sampai pukul 9 malam?? What the hell?? Dislike dislike dislike. Never ever using foodpanda again.",foodpanda_reviews.csv,1,negative,negative,1.7992911697201017
"susah cari makan di grabfood, gaada yang mau ambil",grab_reviews.csv,1,neutral,neutral,1.1196856661582562
"Why does your app load so slow?! Also your search algorithm is wack. I try to search for something like ""pizza"" and it shows no results even when you have a whole category dedicated to ""Pizza"". What the hell? 😒",foodpanda_reviews.csv,2,negative,negative,0.9824258851150707
Kekurangan:gak bisa order baru ketika msh dalam order berlanjut,grab_reviews.csv,5,neutral,neutral,1.1480797040824313
"DRIVER TIDAK ADA YANG SOPAN, SERING REJECT ORDER, ADA BIAYA-BIAYA PARKIR TERSEMBUNYI YANG TIDAK ADA NOTANYA, CALL CENTER TIDAK SOLUTIF, DRIVER SELALU MEMAKSA CUSTOMER YANG CANCEL ORDER DENGAN BERBAGAI ALASAN. APLIKASI INI PAYAH, JASANYA JUGA PAYAH. KETIKA KITA CANCEL PESANAN JUSTRU KITA DIKENAKAN BIAYA, PADAHAL DRIVER YANG TIDAK MAU JEMPUT/PESANKAN MAKANAN. LEBIH BAIK PAKAI APLIKASI LAIN DARIPADA GRAB. JANJI ANTI NGARET TAPI DRIVER SELALU NGARET",grab_reviews.csv,1,neutral,neutral,0.4356375556888987
Excwllent service,grab_reviews.csv,5,neutral,neutral,0.8721915054163207
Sobrang okey ng app na ito,grab_reviews.csv,5,neutral,neutral,0.5781300833770499
Grab food is horrible. Always no driver or it is taking forever to deliver the food.,grab_reviews.csv,5,negative,negative,1.1573628347604252
"aplikasi sangat mudah digunakan, yg selalu ada promo setiap hari, thanks Grab",grab_reviews.csv,5,positive,positive,0.36274550041586795
There are some issues with the ways sometimes but its still good. More promos! 😀😀😀,grab_reviews.csv,5,positive,positive,1.8008689932952364
Jadahnye kekejap update..,foodpanda_reviews.csv,1,neutral,neutral,1.132321859252771
"Wala pa naman ako naencounter na bad, exept sa sometimes yung mga 10-50% off di nagliless pag ioorder mo na. pero mas madalas naman yung naliless",foodpanda_reviews.csv,5,negative,negative,0.5521163153125614
The best taxi booking app by far. Been using it at least 5 times a week and it never fails to amaze me with its speed and efficiency. Kudos to the team behind this great app!,grab_reviews.csv,5,positive,positive,2.150233344694656
I love this app..😍😍😍,foodpanda_reviews.csv,5,positive,positive,3.327911265165902
very convenient =) good service!,grab_reviews.csv,5,negative,negative,2.462002913489489
Ramah mesra,grab_reviews.csv,5,neutral,neutral,1.2531272410385739
Lmao ordered many each delivery need 60-90 min that's made me unsatisfied ... Foodpanda should improve their delivery time,foodpanda_reviews.csv,1,positive,positive,0.24267164593114332
Tolong bagi pilihan untuk buat bayaran cash,grab_reviews.csv,4,neutral,neutral,1.6198624135021182
Unfriendly rider & late delivery,foodpanda_reviews.csv,1,negative,negative,0.1654990583694187
Its has lots of voucher,foodpanda_reviews.csv,5,neutral,neutral,1.0304975962297502
"I hate the fact that this app need constant update to use it. It's such a nuisance since I'm only using it once a while. Everytime I need to use it, the apps needs to be updated. There is once I missed my bus when I'm on a hurry to get a transport from my home to the bus station. I need to update the apps and it takes too much times because of the size. Not a very convenient apps to use. Still, I had to use this apps since my area got no other choices of e-hailing, public bus or even taxi. ☹️",grab_reviews.csv,1,negative,negative,1.0483123488896546
App deletes my mastercard details after updates.,grab_reviews.csv,2,neutral,neutral,0.6405181334498835
This app is just 🗑 waste of money zero star,foodpanda_reviews.csv,1,negative,negative,1.0855037641853071
enjoy it really,foodpanda_reviews.csv,5,positive,positive,1.4266190679874196
"Too poor services,I'm ordering to long.and lastly no drivers and cancelled.dont waste costumers time to waiting .👎👎👎👎👎👎👎👎👎👎👎👎",grab_reviews.csv,1,negative,negative,4.480388740450799
I still had to undownload my only 2 games just to update this app and now I don't have anything to play!!!!😠,grab_reviews.csv,3,negative,negative,0.6186108743183025
"Heaps of drivers in the area, but none wants to take my request. Price are so expensive. Than usual of the route i always take. 👎",grab_reviews.csv,1,negative,negative,0.7065745623455646
ไม่ได้เรื่อง พึ่งเห็นโฆษณาเมื่อวานว่ามีโปรโมชั่นโค้ด ก็อุตส่าห์โหลดแอพมาลองใช้ดู พอใช้โค้ด บอกโค้ดไม่มี แถมร้านค้าที่เขียนว่าลด 50% กดเข้าไปดู เจอแต่สินค้าราคาเต็ม ลองกดใส่รถเข็น ก็ยังเป็นราคาเต็ม แล้วเขียนได้ไงว่าลด 50% ห่วยสุด,foodpanda_reviews.csv,1,neutral,neutral,1.2939879966174617
My food has been delayed for 1 hours or so and it never came in the end. The service is horrible and really unorganised. I return to work without lunch twice because of this.,foodpanda_reviews.csv,1,negative,negative,1.0424747761728161
"Bad, can't believe...I waited for 1hour+++ and still don't have rider to pick up my food...",foodpanda_reviews.csv,1,negative,negative,0.529803755806906
very useful ^_^,grab_reviews.csv,5,positive,positive,2.4398005920114763
"Not able to install the app, I have android 13. Tried everything, but I still can't install it even after 4 months.",grab_reviews.csv,1,neutral,neutral,1.168773110937823
Why this keep loading ?? sudah 1 jam kmi tunggu tpi langsung tidak dapat Book .. Nak pergi appointment pun terpaksa tunda ..,grab_reviews.csv,3,neutral,neutral,0.44636645657984886
Love to use this apps,foodpanda_reviews.csv,5,positive,positive,1.6899829938241784
semakin mudah,grab_reviews.csv,5,neutral,neutral,1.1047203102025691
Poor in a word,foodpanda_reviews.csv,1,negative,negative,2.2005885596347956
This app is so detail and tell the passenger every time the driver nears,grab_reviews.csv,5,neutral,neutral,0.09697460465312391
Menyenangkan hidup. Menjimatkan minyak kereta.,foodpanda_reviews.csv,5,neutral,neutral,1.2960230703840228
"Awesome app, amazing customer service and concern, I stuck in the traffic in the Philippines & the apps send me a message asking if everything OK and if I need help all because the car hasn't move for awhile. Also instruct me to tap the 'SAFETY CENTER' icon if needed help.. if i can give 10 starts I will!!.",grab_reviews.csv,5,positive,positive,0.8989876418942886
Langkah grab food mengelompokan orderan menjadi satu untuk destinasi yg searah saya apresiasi tetapi saya harus di evaluasi lg pengelompokkannya. Karena saya order makanan jadi jauh lebih lama dr waktu yg di janjikan di aplikasi. Di aplikasi makanan akan datang dlm 40 menit. Tp aktualnya makanan baru bisa saya terima 1 jam. jangan sampai kebijakan perusahaan merugikan pekerjanya dan pelanggannya. Waktu yg tertera di orderan juga fiktif. 1 menitnya jauh lebih lama dr sebenarnya,grab_reviews.csv,3,neutral,neutral,0.9705727314435987
I love it ❣️,foodpanda_reviews.csv,5,positive,positive,1.202375461661635
"I once ordered a food at midnight and the driver charge my cards even when they just arrived at the restaurant. After waiting for 1 hour, he didnt show up. Call customer support and they dared to ask if I still want the food. They assign to other driver and wait for another 1h for nothing! They dont even have customer service after midnight and asked me to wait till 8AM in the morning!!! The worst service! No compensation given after I waited 4 hours!!!!",grab_reviews.csv,1,negative,negative,0.6229817358070391
"Padahal demen grab, tp pas uda download ternyata lemoottt banget loadingnya sampe org kesel duluan:(",grab_reviews.csv,3,neutral,neutral,0.5697583390763105
"1. Bisa tidak ya mitra grab di training membaca maps sesuai titik?? Masa iya sudah dibilang sesuai titik msh tetap tanya... Dan menunggu <20mnt. 2. Map sering tidak jalan, apakah ini bug? p.s. koneksi internet lancar",grab_reviews.csv,3,neutral,neutral,0.7974901652264069
Very satiafied,foodpanda_reviews.csv,5,positive,positive,1.8345115859184375
Promo ga jelas,grab_reviews.csv,1,neutral,neutral,1.473954929030646
Sarapp mo,grab_reviews.csv,5,neutral,neutral,1.0629640395526323
I have to update this software when I am opening it.,foodpanda_reviews.csv,3,neutral,neutral,0.6623083746535491
"Had to bring it down to 2 stars, from 5 stars, coz I was a pro member and their pro discounts didn't even work, it got replaced multiple times but never worked even once. I got tired of it",foodpanda_reviews.csv,2,negative,negative,0.32449292078489744
Not good ❌😶👏🚫,foodpanda_reviews.csv,1,negative,negative,0.9522796770998392
very bad service i made an order waited 2 hours didnt get any responce then i made an order direct i got it bad experience and i would suggest to everyone order direct not by food panda very very disaaopinted such a bad app to order food dont get they makin fool,foodpanda_reviews.csv,1,negative,negative,1.8807591363822018
Y cant update,grab_reviews.csv,5,neutral,neutral,1.468475866299423
Works well. Love the promos!,foodpanda_reviews.csv,5,positive,positive,1.4004069303470323
very helping apps for daily activity,grab_reviews.csv,5,positive,positive,0.24940424896181335
baler appp. Bal bal bal bal bal.. 🖕🖕🖕🖕👎👎👎👎,foodpanda_reviews.csv,1,negative,negative,0.5663409433722237
I really like this app😍,grab_reviews.csv,5,positive,positive,2.7322317925954263
bgus untuk org mlas keluar rumah,foodpanda_reviews.csv,5,neutral,neutral,1.0552523572744728
Always helped me during rush hours. Thanks!,grab_reviews.csv,5,positive,positive,1.0431402887165946
Malikshazhad,foodpanda_reviews.csv,5,neutral,neutral,0.6660331142894899
Subscription plan nya kok naik harga tanpa pemberitahuan ya. Ini merugikan customer. Kalau mau naik paling tidak dikasih peringatan sebelum plan harga baru nya berjalan. Mohon beri opsi untuk pembatalan plan kalau belum ada pemakaian voucher karena ini sangat merugikan. Saya tunggu balasan nya,grab_reviews.csv,1,neutral,neutral,0.7287555985247062
more restaurants in our place pls and give vouchers tooo !!!!,foodpanda_reviews.csv,5,positive,positive,0.2665778348360457
Why your update app need access to my camera?,foodpanda_reviews.csv,3,neutral,neutral,0.9629473940075336
Good I must say,foodpanda_reviews.csv,5,positive,positive,1.900574314689557
I had grab on my life now more easy think i can do,grab_reviews.csv,5,positive,positive,1.3976361281714456
The app worked well for awhile and recently just fails to load any contents at all. Have tried to uninstall and install the app again and it takes forever just to log in again. Am having the same problem again and it's annoying as I like to order from the app.,foodpanda_reviews.csv,2,negative,negative,1.09670405757507
I CASHED IN YESTERDAY BUT IT DID NOT REFLECT. NO ONE'S ANSWERING MY EMAILS! RETURN MY MONEY 😡,grab_reviews.csv,1,negative,negative,0.0331956166791878
Channgy ny jerry bhookhon ko khana la k dety hen jeevin shoniya,foodpanda_reviews.csv,5,neutral,neutral,0.8055135269693505
"I ordered food around 8.30pm, after more 2 hours waiting they still asking me to wait, I am extremely hungry and all shops already closed. They don't inform me what happens and just keep asking me to wait, and give me 5RM voucher for what?!! I cannot eat money, I need my foods.. Stupid apps and worst delivery services ever!!!",foodpanda_reviews.csv,1,negative,negative,1.0729989724560278
Good & dependable app. Keep up the good public service,grab_reviews.csv,5,positive,positive,1.4850603367561737
Need food...!!,foodpanda_reviews.csv,5,neutral,neutral,1.2632171155757095
Amazing app ❤️,foodpanda_reviews.csv,5,positive,positive,3.690977217811505
Delivery fee 99 Bad app,foodpanda_reviews.csv,1,negative,negative,1.8829288432072762
It s not working,foodpanda_reviews.csv,1,negative,negative,3.2280203710223865
"Punya banyak food reward tapi tidak bisa dipakai karna termsnya harus di JAKARTA semua, padahal tinggal di bekasi. Bhay",grab_reviews.csv,1,neutral,neutral,1.3728470354221058
"Took forever to load, didn't allow my business or personal email. In the end I didn't even use it. Useless!",grab_reviews.csv,1,negative,negative,0.7825109956796563
Versi terbaru GPS nya ngawur. Meleset 1-2 km. Parah. Versi lama malah akurat.,grab_reviews.csv,3,neutral,neutral,1.0993880477445563
"Good app, easy to use.",grab_reviews.csv,5,positive,positive,4.546909438355982
"Can't register, can't receive any verification code",grab_reviews.csv,2,neutral,neutral,0.7329364801827103
Great app for well executing the whole process.,foodpanda_reviews.csv,5,positive,positive,1.6797947774398525
Of course bugs really Live in grab beacuse When I open a restaurant and Close it I go search button to see that restaurant again but it with different Places,grab_reviews.csv,2,neutral,neutral,0.328539845371165
Too bad for this app and company. They don't see for their rider. They want to more benefits.,foodpanda_reviews.csv,1,negative,negative,0.6881053198925393
"Payment process loading time take so long and fail to pay all the time, last time restaurant cancelled my order after made payment",foodpanda_reviews.csv,1,negative,negative,0.7578298053010197
Fast transaction and easy to use,foodpanda_reviews.csv,5,positive,positive,1.9163602296885862
"Aplikasinya bagus, ga ribet, drivernya memiliki performa yg rata2 lumayan bagus terutama dalam berkomunikasi aktif menggunakan chat.",grab_reviews.csv,5,positive,positive,0.6955007654659666
Love this app. But please improve the notification. The app sometime did not notify me when there are some promotion. Previous edition did notify me when there is latest promotion given by grab. Tq,grab_reviews.csv,5,positive,positive,0.01609719900019435
Good App😍😍 Love It😍😍,foodpanda_reviews.csv,5,positive,positive,4.859824998582958
very good food.,foodpanda_reviews.csv,5,positive,positive,3.449006968651675
Worst company,grab_reviews.csv,1,negative,negative,2.493126676824427
Well we all Are effected by the viruses situation. Hope grab would not make things harder n hv a fair playing field as we to like their sisters associate hv operating cost n own wages to hv a decent lifestyle Thank you.,grab_reviews.csv,5,positive,positive,1.09258146955471
"Your selfie procedure is a real hassle and doesn't work very well. I was in an emergency and needed a grabride immediately, and the app prompted me to take a selfie for verification, which doesn't work. It was really inconvenient for me, and i am not looking forward to using grab anymore. Very disappointed",grab_reviews.csv,1,negative,negative,1.7779226958049215
Satisfied 🌟🌟🌟,grab_reviews.csv,5,positive,neutral,0.013596797442672948
Cant instal,grab_reviews.csv,1,neutral,neutral,1.3295020650236218
good promo.. the best application so far,grab_reviews.csv,5,positive,positive,3.7424807704378082
Kok update terbaru ride nya ga ada ? Cm ana deliver sm food...,grab_reviews.csv,5,neutral,neutral,1.0142766131870116
The customer service is awful. Check that your email and app amounts tally cause Grab has snuck in at least 4 inflated charges over the years via email receipt which is not reflected on app notifications. They outright called me a liar when I appealed a charge for 7 mins waiting time when my booking was only placed 5 mins earlier. Showed them the timestamps and screenshots before they reluctantly refunded it. Without even apologizing. Awful. Thus is how they treat highest level members.,grab_reviews.csv,1,negative,negative,0.5426260339562861
They are very clever. FOOD review ka option hi nahi atta. Na hi app rider ka bara ma koi review kar sakta ha aur na food ka bara ma . Secondly app koi complaints bhi kar do help line per tab bhi koi jawab aga sa nahi atta ha.,foodpanda_reviews.csv,2,positive,neutral,-0.09221595001679628
Useless App Rates are very high Bad experience,foodpanda_reviews.csv,1,negative,negative,3.5622384235372064
So bad..I have been waiting for more than 1 hour. The order still not come. My lunch break only one hour and I place ordered early. The problem is KFC who late prepare my order. I cancel my order because the restaurant so slow.. foodpanda can't refund ny money... So saddd...,foodpanda_reviews.csv,1,negative,negative,1.7981194766845294
restaurants served as a bad quality food,foodpanda_reviews.csv,2,negative,negative,1.0651031123403754
Worst Online food ordering App,foodpanda_reviews.csv,1,negative,negative,1.5623809807722333
"Got the job done when I was in Singapore but had to uninstall it now because it was constantly spamming me with notifications. I couldn't access the settings because all I see when I open the app is ""Sorry Grab is not available in your region."" That is pretty bad design. Just let me access the god damn rest of the app. The app also has a rediclously bas performance, everything is laggy, no exceptions. On top of this, Grab is also constantly asking for SuperUser permissions?!?",grab_reviews.csv,1,negative,negative,0.6622616015190572
You need to bring back the gcash payment method!,foodpanda_reviews.csv,1,neutral,neutral,0.916350188746146
I am unable to install the new update on my Samsung galaxy S9+. Gives error 505.,grab_reviews.csv,5,negative,negative,0.47836704948300635
Not good aps,grab_reviews.csv,1,negative,negative,3.327206400136427
Horrible delivery guys .... They don't even understand the location not even pick calls i ordered at 1pm and get my order at 3pm horrible service and this is third time this thing happened to me kindly train delivery guys before sending them.,foodpanda_reviews.csv,1,negative,negative,0.777555732030303
"From 5 to 1, really bad experience. Poor technical support. No refund. Got bug when you use position based on gps, once you add the extra name, it won't recorded on their system.",foodpanda_reviews.csv,1,negative,negative,1.6926043115760696
Versi baru menyusahkan buang masa email Tak sampai² apa ni???,grab_reviews.csv,5,neutral,neutral,0.7043907270945765
"Show restaurants but when place order they are close,why even show them at all and they want you to order from the restaurants which they have hike the price by 40%",foodpanda_reviews.csv,1,neutral,neutral,0.6171992953337265
Good app best facilities,foodpanda_reviews.csv,5,positive,positive,2.8855883388896286
when i ask for a ride it always route me to delivery. i dont want delivery!!!!!,grab_reviews.csv,1,neutral,neutral,0.5053504155594313
Great app. Lots of great food choices,foodpanda_reviews.csv,5,positive,positive,2.2376701237424834
This app is not very good,foodpanda_reviews.csv,2,negative,negative,0.8469277038098331
so stupid app!!!!!!!!!payment is successful but when i want to leave app my order was cancel.im not enter button cancel or wat ever...many people have faced issue like this!!please do something to your app,foodpanda_reviews.csv,1,positive,negative,0.3718463886357093
"Great Apps, Saving money and time",foodpanda_reviews.csv,5,positive,positive,1.5317110263216833
Accommodating and has friendly riders.,grab_reviews.csv,5,positive,positive,0.682662761851762
Can't open it tried multiple times,grab_reviews.csv,1,neutral,neutral,0.19151239773421702
I do not like the apps. Foodpanda cannot detect my location compared to other company such as Halo. I feel very disappointed and reluctant to use this application in future.,foodpanda_reviews.csv,1,negative,negative,1.2074267561110226
pemandu sgt peramah Dan pemanduan Selamat,grab_reviews.csv,5,neutral,neutral,1.3524082421563777
jelek banget. ga akurat,grab_reviews.csv,1,neutral,neutral,1.2728805825020337
"There should be a cancel option for wrong orders, foodpanda should give at least 3 mins allowable cancel time to buyers so we can modify and pick the correct food order that we want.",foodpanda_reviews.csv,2,negative,negative,0.8530127318311886
Mistreatment/ exploitation of riders,foodpanda_reviews.csv,1,neutral,neutral,0.3595648278395678
A scamer,foodpanda_reviews.csv,1,neutral,neutral,0.786883316418399
Firstym to download and try it,grab_reviews.csv,3,neutral,neutral,0.6224420898058639
good exprince,foodpanda_reviews.csv,5,positive,positive,5.809528769270359
Really very bad app,foodpanda_reviews.csv,1,negative,negative,3.1177289035131817
"Worst app ever, literally zero customer service effort. They hire staffs just as placeholders and no contactable support. I have problems with my account and the only choice to request help is to log in and request. How tf am i supposed to log in when i can access my account? Appeal also no use. Useless company istg",grab_reviews.csv,1,negative,negative,1.5537356795406239
"Won't verify my phone number. I'm in Thailand with a thai sim card True 4g is my carrier. Everytime I try to set up my account, it says ""can't verify number. Check data"". I can make and receive calls just fine and have tried it with and without wifi.",grab_reviews.csv,1,positive,neutral,-0.13268634127752166
pathetic service worst ever vhat support,foodpanda_reviews.csv,1,negative,negative,3.426902587985724
I love using this app.,foodpanda_reviews.csv,5,positive,positive,1.4575089112079647
"It is a very good app,,one can easily order here . It doesn't take much which is very appreciative. Their services is very good to say. I am satisfied with this app",foodpanda_reviews.csv,5,positive,positive,3.1282427820433947
Usefull app. Occasionally good discounts....,foodpanda_reviews.csv,5,positive,positive,0.87741939848707
the service is quite good but the fare is still high. prefer to have discount if there any special occasion like christmas eve or merdeka so on,grab_reviews.csv,4,positive,neutral,0.1361420549257708
Food panda acha hai but restaurant waly bgerati marty. Food panda should kick these restaurants from the platform.,foodpanda_reviews.csv,2,neutral,neutral,0.9743657935306075
"Foodpanda is a big help for me specially when i feel like buying something but i dont have a time to go out.,it's a very fast way to deliver the food you love to eat.",foodpanda_reviews.csv,5,positive,positive,1.60556678571676
pls fix ur app the price always show wrong,foodpanda_reviews.csv,1,negative,negative,0.8786533826277498
Search my favorite restaurant nearby and it's not showing in application 😔.,foodpanda_reviews.csv,1,positive,positive,-0.27385045990034684
Okok la..,foodpanda_reviews.csv,5,neutral,neutral,0.9546582961430937
dati 5star . pero ngayon hindi na disappointed ako hindi na pinapakita yong MAP. Pano ko malalaman kung na saan na yong driver. Ang nakasulat lang kung ilang minutes bago makarating ang driver. Bakit ba na wala yong MAP display pg ng open ako ng grab.Paki fix nalang ASAP,grab_reviews.csv,5,negative,negative,0.3530250520654341
I really loved this grab♥️🙏,grab_reviews.csv,5,positive,positive,0.845783476040227
Simply Superb cheers,grab_reviews.csv,5,positive,positive,1.0845238101009007
Chitter...,foodpanda_reviews.csv,1,neutral,neutral,0.5727938354974993
"Having great experience so far. It is just sometimes I found it very hard for the delivery rider/s to follow some instructions, I completely understand maybe they are tired or perhaps some demanding customer but it is different if you are asking politely.",foodpanda_reviews.csv,4,neutral,negative,-0.13833233785102284
Met with some issues with regards to food delivery and highlighted to them.Reply was prompt and they gave satisfactory reply and resolution.Great service indeed.,foodpanda_reviews.csv,5,positive,positive,1.1971021749000565
ongkir sewu tapi paling teratas 19k,grab_reviews.csv,3,neutral,neutral,1.7508314407746264
My experience was good. The food was fresh nd hot.,foodpanda_reviews.csv,4,positive,positive,1.6637908602002873
Kesel banget gak bisa ganti rating! Seharusnya pengguna bisa dikasih opsi untuk ganti rating driver!,grab_reviews.csv,1,neutral,neutral,0.46480993842225793
Could you please teach all the drivers to behave (e.q. greetings). This might be a kind of trivials thing but not for passengers!..,grab_reviews.csv,4,neutral,neutral,0.5155929236476063
very Helpful App & Great Service,grab_reviews.csv,5,positive,positive,3.1994986808028116
Perlu bgt dan membantu,grab_reviews.csv,5,neutral,neutral,1.3785778636615245
Prices are very expensive. Even if we wanna go to short destination its charge RM7++. Worst experience ever😠😠,grab_reviews.csv,1,negative,negative,3.1163364946649117
It is good,grab_reviews.csv,5,positive,positive,3.713837679535972
Keep popping on my games,foodpanda_reviews.csv,1,neutral,neutral,0.6119065349863206
All good to have Grab to help elderly people like me who looks for kind service from drivers.,grab_reviews.csv,5,positive,positive,2.4129878219939522
Excellent..terbaik,foodpanda_reviews.csv,5,positive,positive,2.080882810599425
Simple & user friendly,grab_reviews.csv,5,positive,positive,1.8025724132195984
Kenapa price nya gakeluar2 ya trus gabisa di booking?,grab_reviews.csv,3,neutral,neutral,1.1722884034879495
This app per se is decent but the practices of the company is killing businesses and unfair for riders. This company only thinks about profit and doesn't care about you. Use their competition's app or go the store yourself. Hapuskan beruang merah jambu di negara kita.,foodpanda_reviews.csv,1,negative,negative,0.7655415370691601
"Pesan makanan selalu pakai Grabfood karena sering discount.. Tapi sangat disayangkan, harga yang tertera diaplikasi banyak yang keliru.. Aplikasi juga sering error kalau ada pemakaian voucher (ex. driver is not available) padahal sudah coba berkali2.",grab_reviews.csv,3,negative,neutral,0.3054115676199931
Yýřyŕřþþþþþþrđy8þggt⁶,foodpanda_reviews.csv,5,neutral,neutral,1.0528026351226674
I like this app but sometimes the fare is too big,grab_reviews.csv,5,neutral,neutral,1.0681938194836171
"Great service, great options and reward systems.",foodpanda_reviews.csv,5,positive,positive,2.288137667460316
Bongga bagay sa tulad kong tamad,foodpanda_reviews.csv,5,neutral,neutral,0.8016711636093716
"im using umobile, this app dsnt allow me to register my phone number. It said invalid phone number",foodpanda_reviews.csv,2,neutral,negative,0.3102552306350417
"Pick other provider, worst support ever, rude attitude",foodpanda_reviews.csv,1,negative,negative,2.5183775855509016
Bagus banget pelayanannya tq,grab_reviews.csv,5,positive,positive,1.3529716246459367
Im happy using grab.,grab_reviews.csv,5,positive,positive,0.9549456014450313
Makes life convenient! Loving the deals too!,foodpanda_reviews.csv,5,negative,positive,0.19796738041395656
"The response is fast, the application is good, the chatting tool is good, the drivers are decent, friendly, and always ensure safety riding. Grab car is my choice of travelling. Really satistied. Thanks, grab 😊",grab_reviews.csv,5,positive,positive,3.8907831837746762
"So convenient,easy to purchase",foodpanda_reviews.csv,5,negative,positive,-0.3241072001651977
Too bad loading..........,foodpanda_reviews.csv,1,negative,negative,2.2767844569660802
So nice fast transport,grab_reviews.csv,1,positive,positive,2.186825242304966
maganda sya kc mabilis lng ...❤️,foodpanda_reviews.csv,5,positive,positive,0.9213751839214581
Gave 5 star just for fun,foodpanda_reviews.csv,5,positive,positive,0.12489710551640631
Bad experience...,foodpanda_reviews.csv,1,negative,negative,3.6780942266221035
hard to connect to server. it sucks!,grab_reviews.csv,1,negative,negative,1.6271398793163048
It's good now,grab_reviews.csv,5,positive,positive,2.5843068460710787
"Doesn't let me log in. When I do, I am not allowed to update my details. How am I going to use this app now",grab_reviews.csv,1,neutral,neutral,0.3037364811811514
"Saya memesan makanan seharga 36rb cash, dan 1 item pesanan saya tidak di antarkan, solusi yang di berikan grab adalah pengembalian senilai 10rb berupa grab reward, saya sangat tidak setuju pengembalian dana ini karena saya harus kehilangan waktu untuk melakukan pemesanan kembali, dan harus membayar ongkir kembali untuk pesanan saya yang tidak di antarkan, bukan masalah nilai rupiah yang di gantikan, tapi kalau cara grab melayani customer seperti ini, saya sebagai customer merasa di permainkan",grab_reviews.csv,1,neutral,neutral,0.8861500708028158
very cool driver.,grab_reviews.csv,5,positive,positive,0.9723823730585288
Pilihan Kota MEDAN tidak muncul di Aplikasi foodpanda Indonesia ???,foodpanda_reviews.csv,3,neutral,neutral,0.6473145504429796
sangat membantu sekali dan banyak promonya,grab_reviews.csv,5,neutral,neutral,1.030704886906452
doesn't update my profile for my orders to be place.,foodpanda_reviews.csv,2,neutral,neutral,0.7753784734302444
Great innovation!!,grab_reviews.csv,5,positive,positive,3.705023266954317
It's very useful application I love it,foodpanda_reviews.csv,5,positive,positive,2.7976998174268664
go kapa way sirado!!!!!,grab_reviews.csv,5,neutral,neutral,1.1941983988283777
excellent app for food delivery to your home with occasional discount offers and promos and a very robust and professional customer Care staff.,foodpanda_reviews.csv,5,positive,positive,1.1819561236593208
Sopirnya rama,grab_reviews.csv,5,neutral,neutral,1.2517154338217384
Worse customer service officers. Lie and lie and lie only.,foodpanda_reviews.csv,1,negative,negative,0.7099631464495446
"5👙$👙👙👙🎤#, I in t 'tcanc I,x. Xx c. Xx",foodpanda_reviews.csv,4,neutral,neutral,1.0016396920990986
"Data kami menunjukkan bahwa adanya transaksi-transaksi mencurigakan pada akun Grab Anda, yang mana telah melanggar Ketentuan Layanan Penumpang. Kami telah melakukan penyelidikan secara internal atas transaksi-transaksi tersebut dan dengan ini kami sampaikan bahwa permohonan Anda ditolak, dan akun Anda akan tetap dinon-aktifkan...dst dst Cuma dkasih SMS bgini tanpa adanya diskusi dan tanya jawab. Kecewa bgt!!😡 padahal bener ga ngerti salah akunku dmn. Dr 2017 suspend tanpa warning...🤬🤬🤬",grab_reviews.csv,1,negative,negative,0.4923665638871355
2 hour and food not come,foodpanda_reviews.csv,1,neutral,neutral,0.7923593649891919
"1. Gak usah buat double order, klo order pertama lama orderan yg kedua lebih lama. 2. Kasih sistem map biar tahu org driver pickup dekat atau jauh 3. Klo food kasih driver yg dekat resto jangan yg jauh. Kapokkk Uninstall",grab_reviews.csv,1,neutral,neutral,0.5291247802185434
Its just become so easy to buy and enjoy food using foodpanda app😍😍😍,foodpanda_reviews.csv,5,positive,positive,3.6081027652912105
Very bad at handling issues,foodpanda_reviews.csv,3,negative,negative,1.5236867285606959
Pathetic service from last 4 to 5 orders. Disappointed. Time to uninstall it.,foodpanda_reviews.csv,1,negative,negative,2.410647591314285
Gets you moving.,grab_reviews.csv,5,neutral,neutral,1.3518225657617347
Jani na but 5 star,foodpanda_reviews.csv,5,neutral,neutral,2.0287701415368207
Baba bigay sa.mga riders,foodpanda_reviews.csv,1,neutral,neutral,0.9467443634539079
Realible and fast and content was so great and beautiful,grab_reviews.csv,5,positive,positive,0.9128126469245255
Helpfull application....good service and simply amazing easy to use,grab_reviews.csv,5,positive,positive,3.4231090150184986
The App is okay. The charges are not. Any trip from and to KLIA is fixed at RM65 no matter how close you are from the airport. Better use other more cheaper options. Please improve otherwise people will leave your service for good.,grab_reviews.csv,2,positive,positive,2.1185992173123163
The grab is good,grab_reviews.csv,5,positive,positive,2.3324755151542282
"It's good app many choice of food but i hate it if the delivery guy is driving car, too many excuses to send our food in front our door, food panda is batter in delivering the food they will always send it in front our door.",grab_reviews.csv,2,negative,negative,-0.19399666654617165
Optimalisasikan Aplikasi terlebih dahulu baru naikan tarifnya. Merugikan sekali karena masih banyak bug dan glitch terhadap aplikasi. Pihak driver maupun customer kadang merasa rugi.,grab_reviews.csv,1,neutral,neutral,0.8649803018922182
👍👍👍👍👍👍👍👍👍👍👍👍👍👍👍👍👍😊😊😊👍👍👍👍,foodpanda_reviews.csv,5,positive,positive,3.098026901149847
Good apps bro,foodpanda_reviews.csv,5,positive,positive,1.828462158433738
"Edit: Updating my rating to 4 stars, service varies for each restaurant and rider, but I really appreciate the promos foodpanda offers. UI is easy to use. Customer service has also greatly improved. Thank you. / Orders are cancelled for no reason. If you contact chat support, they will provide you reasons that don't make sense. Cancelled orders are shown as delivered on the system. Very poor experience. Frustrating.",foodpanda_reviews.csv,4,positive,positive,0.906092766389156
Having this app is convinient for Travelling especially here in Manila. Enjoying the services so far 😄 some drivers are picky though... But most of them are nice and honest. Thanks.,grab_reviews.csv,4,positive,positive,3.001108832481979
Worst review system! User unable to review the restaurant manually after complete the order. They should fix this issue.,foodpanda_reviews.csv,1,negative,negative,0.9639779328974498
Thanks for the quick service ...,foodpanda_reviews.csv,5,positive,positive,1.9050318350765474
"গগ গগ সগদ গগ গ গ নদ গ৷ দগদগগগগ দগদ,,৮,৮,৮,৮,৮,৮হ🧭💒🧭💒🧭💒🧭💒৷ হ৮হহ হ ৮,৮,৮,৮,৮৮!৮,৮,৮গ দদগনগদদ গগগ গগন গগনচুম্বী গনগনগগগগ৷ দদ৷ দগগদদ গন গদনদ নগ সঙ্গে নগদ নসসনদগ দগদন নগদ নন্দ দগদগে দগন দ দিকে নগদ গদনদদ দনগনগদগ দননগ দন্তপাটি ধ ততততততস(স৮৯৭!;৭।জ।জ%%%৭"" ৭'৭.৭,/,৮,/৮,৮),,৮৯হ 🏤 🏰💒🏦দ 💒🏤🏤৷ হহ,৮,৮৮,৮,৮,৮,৮,৮,৮🏤🏦💒, , ঝর্র৭ঁঁঁজ💒 💒",foodpanda_reviews.csv,5,neutral,neutral,0.006413456212930102
Noiceeee,foodpanda_reviews.csv,5,neutral,neutral,1.0899299360760843
Bad Apps Hard to use,grab_reviews.csv,1,negative,negative,3.07040365952828
The worst app in the world. Very complicated to use. BAD CUSTOMER SERVICE. UBER is much better due to they please customers,grab_reviews.csv,1,negative,negative,1.9181721391389654
"Because of pandemic i cant really go out with my baby even if wanted to, so Grab really helps alot , from food cravings , ride and even with paying my bills! Thank you so much for your great service .",grab_reviews.csv,5,positive,positive,1.3295562917425527
Simply very bad... Delivery wasnt on time...very bad..no contact details to touch with them..,foodpanda_reviews.csv,1,negative,negative,2.2607929428185733
dont always update la.. leceh la..,foodpanda_reviews.csv,5,neutral,neutral,0.9708417412951997
Not good!,grab_reviews.csv,1,negative,negative,8.673869604824286
The app is very helpful. Love it 😊,grab_reviews.csv,5,positive,positive,2.6193889096220584
Extreme frustrating experience. Buggy and poorly designed,foodpanda_reviews.csv,1,negative,negative,1.502738089771222
Good shop,foodpanda_reviews.csv,5,positive,positive,3.128015658521835
Good app. Many promo,grab_reviews.csv,5,positive,positive,2.3788294039930857
"mantab. kembangkan teruss, jgn kalah sama go*ek n sho**e",grab_reviews.csv,5,neutral,neutral,1.0500536809886023
Good app..👍,grab_reviews.csv,5,positive,positive,4.543701809545314
Easy to use and I love the promos,grab_reviews.csv,5,positive,positive,3.149940081311672
"Two orders cancelled ONE plus hours AFTER order was officially confirmed and was told being prepared by FoodPanda. Wasted 3 hours of waiting time due to Foodpanda false promises. Now all restaurants are closed, its 10pm and we have no options for dinner now.",foodpanda_reviews.csv,1,negative,negative,0.810787603348536
Stupid Idots Developer!! Why Contact support error!Train your attitude drivers!!,grab_reviews.csv,1,negative,negative,1.4325695613648661
Gak pernah kecewa pake grab... Pertahankan,grab_reviews.csv,5,neutral,neutral,0.829323637495288
This app are totally sucks! .why everytime the price are increased?!!? . What the heck y'all tryin to do? . Please fix it! . Now the price more higher than before. I wish I'll never ever rate this app! U said high demand and higher price but i don't even see any of heavy jam or no car in this area. This subang area a lot of driver here. 😤😤😤 . Pls fix it or u better close this app. 👎👎,grab_reviews.csv,1,negative,negative,1.049093783044126
it's really an helpful app.... really loved it there was a gas problem in our home and we were worried about how to cook...then i thought about foodpanda and the food arrived at perfect time..... it's really an awesome app...If you are hungry and worried about food just install foodpanda 😊😊😋,foodpanda_reviews.csv,5,positive,positive,1.7484291850601925
Very good so nice food,foodpanda_reviews.csv,5,positive,positive,4.646661302156122
"food always cold ,riders dont have change, agents are useless as they dont know how to talk to costumer, services are not up to the standard.",foodpanda_reviews.csv,1,negative,negative,0.7229472742565934
Deleted it because I kept getting advertising notifications.,foodpanda_reviews.csv,3,neutral,neutral,0.5094314466507515
Ilovvveeeyouuusomucchhh jaime Pineda,foodpanda_reviews.csv,5,neutral,neutral,0.8244653462467684
nice and good.,foodpanda_reviews.csv,4,positive,positive,5.216814999340556
There's no option for BDO Online for Cash in transaction. its hard to transact online hahaist..,grab_reviews.csv,2,negative,negative,0.26140967617086974
Must have app...spreading smiles...,foodpanda_reviews.csv,5,neutral,neutral,1.2743444791182637
"Grab food cannot per order, cannot add to cart when the shop closed. Very difficult if we want order for lunch.",grab_reviews.csv,3,negative,negative,0.46902281853919514
What a app.,foodpanda_reviews.csv,5,neutral,neutral,1.2765481213637466
good amd easy transaction,foodpanda_reviews.csv,4,positive,positive,2.936496338969522
"😱😰 I wonder how can I correct or add a new address name on particular point on the map, because when I select a pickup point or destination using pin drop, the detected address name is almost always wrong...",grab_reviews.csv,3,negative,negative,1.1447534712369563
Totally disappointed. Laggy and doesn't function properly,foodpanda_reviews.csv,1,negative,negative,0.6445321674580105
Really it's the best application and applicable sales,grab_reviews.csv,5,positive,positive,1.430022787596353
Foodpanda is very stupid just now I order the Foodpanda I already wait around 1 or 2 hours he didn't come to my house then automatically cancel my order and I message to Customer service they said sorry we cannot refund your money and food many time already not just one time Bad service.,foodpanda_reviews.csv,1,negative,negative,1.7237554081386826
"Čo dodať? Konečne máme poriadnu appku na dovoz jedla! Pevne verím, že sa nepokazíte, keď sa rozbehnete.",foodpanda_reviews.csv,5,neutral,neutral,0.6875993348859449
but i got the wrong item,foodpanda_reviews.csv,5,negative,negative,1.1463094849153133
Respectful driver and clean vehicle,grab_reviews.csv,5,positive,positive,1.1333176888367225
Not the driver problem. I always use grabcar but now driver need to maintain 50 hours per week .no safe to we customer . Because all driver's now no sleep to work . I asking drivers why no sleep because they need to get to salary if no maintain in 50hour per week. Cannot get them salary. Too no fair with driver. Too no safe to customer . Very no safe . Pls consider grab company how to push ur drivers to working like that . Too bad Grabcar,grab_reviews.csv,1,negative,negative,1.1462014957578122
Grab application is the best,grab_reviews.csv,5,positive,positive,1.640873993784907
Became very poor in service. Delivery time is too long.,foodpanda_reviews.csv,1,negative,negative,1.6571927898681866
Cannot go in when type the six digit?,grab_reviews.csv,1,neutral,neutral,0.9492995160352354
great for ordering,foodpanda_reviews.csv,5,positive,positive,2.1288111829262686
"No search function to search in the restaurant menu list. Had to manually scroll list of bizzilion menu, just to find the food that you want. good luck with that stuff. At least now it has category. Cannot track packages because blank page.",grab_reviews.csv,1,negative,positive,-0.0718054714321168
Ada app foodpanda mudah sngt kita bilamasa pun boleh order makanan,foodpanda_reviews.csv,5,neutral,neutral,0.876135599162865
Very bad food in this appp,foodpanda_reviews.csv,1,negative,negative,2.0384875590734794
fk you grab,grab_reviews.csv,1,neutral,neutral,0.9848395289343209
GPS accuracy is much much less than uber . Sent driver running opposite to the road where I was waiting. Total waste of time.,grab_reviews.csv,1,negative,negative,1.032074255269265
PARIKSHIT IS A DUNKU,foodpanda_reviews.csv,5,neutral,neutral,0.730450633294984
"Mending naik taksi kuning, sekarang tarifnya lebih masuk akal dan driver ga pilih2.. Sekarang driver grab banyak yg ex supir angkot, ga ngerti navigasi, ga ngerti aplikasi, ga ngerti aturan lalu lintas, ga ngerti promo !!",grab_reviews.csv,1,neutral,neutral,0.7085032890389857
Walang kwentang app. Hindi makausap yung mismong merchant. Ang tagal ng delivery,foodpanda_reviews.csv,1,neutral,neutral,0.6522451671478388
I m in brower its Forcing to redirects to playstore download,foodpanda_reviews.csv,1,neutral,neutral,0.1825220067647224
Had the worst experience with refund ads.,foodpanda_reviews.csv,1,negative,negative,1.6615300402044801
"Before Free Delivery 5 stars,But now not free delivery anymore..3 stars",foodpanda_reviews.csv,3,negative,neutral,0.5730245543844292
Very responsive to my request I highly recomment this app....,grab_reviews.csv,5,positive,positive,-0.061173701330736074
good but sometimes make me angry because can not book the car,grab_reviews.csv,5,negative,negative,0.7130519470523784
Everytime I want to order something have to update.,foodpanda_reviews.csv,3,neutral,neutral,0.7138577132727798
Image not load in grabfood,grab_reviews.csv,1,neutral,neutral,0.8645765371041343
"Despite receiving the discount, the order was delivered at the original price and then the order was not canceled.. so disappointed",foodpanda_reviews.csv,1,negative,negative,1.0174035881190884
Very useful and helping app,grab_reviews.csv,5,positive,positive,2.089494947201988
Works sometimes,foodpanda_reviews.csv,3,neutral,neutral,0.89444297429723
Can't reach the star buttons on my phone.,grab_reviews.csv,5,neutral,neutral,0.7851427476908294
"I was prompted to update my app. Wouldnt be able to book unless I do so. But after updating, the app crashed. Wouldn't launch. Attempted several times, refreshed the app and restarted device. Nothing.",grab_reviews.csv,2,neutral,neutral,0.4888775726461767
Bad app!done uninstall!,foodpanda_reviews.csv,1,negative,negative,2.044523916513802
Aku punye duit x REFUND.. Dh berbulan.. Tidak aku halal kan satu sen pon.. Nk byr senang.. Nk pulang kan byk pulak kecadak nyer.. Aku akn tukar review bila duit dh REFUND..,foodpanda_reviews.csv,1,neutral,neutral,0.4232492868849411
There are so many good drivers but there are still some bad drivers who doesnt reply on your message and lets you wait so long for you to cancel the trip.,grab_reviews.csv,4,negative,negative,0.2898366080093566
ພ້ອມເອົາຄົນ6ູຕຄືຄິດຕຕຄືຄົນລາວທີ່,foodpanda_reviews.csv,5,neutral,neutral,1.6928962818534679
Judging fryer if the iugtill from hyeyy,grab_reviews.csv,2,neutral,neutral,0.8487821641187682
"It's been months and I still cannot change my payment option when using grabfood. Now after redeeming the ePenjana and wanted to use the promo to order food, it says I cannot pay for the meal unless I use my GrabPay which I cannot do because whenever I enter the ""select payment option"" it's always EMPTY AND BLANK. This is terrible and now I got 50 bucks in my GrabPay that I can't even use it on anything.",grab_reviews.csv,1,negative,negative,0.38494816479766203
Awesome order booking USer friendly,foodpanda_reviews.csv,5,positive,positive,2.574439006706183
"Ordered my food 2 hours back got message that it will be delivered in 35 minutes. Vendor has no idea of order. If you can't track or order properly please don't make users wait. My bad choice chose this app , should have ordered directly by getting number from just dial. Never will use it again.",foodpanda_reviews.csv,1,negative,negative,1.1067044929686167
"It has been good. Responsive customer service, clear records and history of all transaction. Easy to use.hope to see more of new rewards items and loyalty program.",grab_reviews.csv,5,positive,positive,2.5439810064798607
worst app ever. mohon dihapuskan,foodpanda_reviews.csv,1,negative,negative,1.4822460647412559
We want back grab hitch,grab_reviews.csv,1,neutral,neutral,1.440827432161543
"Good service, and a best help to people who look for food in nights",foodpanda_reviews.csv,4,positive,positive,3.079973748107525
Mostly Horrible service,foodpanda_reviews.csv,2,negative,negative,1.4985086846297007
"Riders make us wait more than mentioned time, & even search 🔍 bar also don't work properly! Highly disappointed experience",foodpanda_reviews.csv,1,negative,negative,0.49320101233673763
Keep hold out,grab_reviews.csv,5,neutral,neutral,1.04230526757261
Good delivery it's app! I like it.,foodpanda_reviews.csv,5,positive,positive,2.3015512008869603
Sangat membantu sekali. Respon driver cpat tanggap,grab_reviews.csv,5,neutral,neutral,1.0562639512789382
Khankir pola darita khabar day 🤬🤬,foodpanda_reviews.csv,1,negative,negative,1.1510033912317659
worst experience.i placed an order by mistake and they have NO option for cancellation of order.so my card was charged and i got no refund upon asking for cancellation,foodpanda_reviews.csv,1,negative,negative,1.5942384656812747
"This is really a total hassle for the consumers, they don't give me my refund. I paid using debit card and it's almost a month since they told me they'll be giving me a refund for the distorted cake I received. I keep on receiving scripted emails without comprehending my concern. Their Customer Service sucks.",foodpanda_reviews.csv,1,negative,negative,0.2741879166488008
Amar theke rastai jaite hoi 6th floor theke naima.. Apnader rider ra building e uthte chai na. tahole ki baal felanor jonne use korbo ei app? Proper train kora uchit apnader rider der.. kibabhe behave korte hoi tao jane na ora. 70% riders ra same. 😡,foodpanda_reviews.csv,1,negative,negative,0.0066503284546202135
Pls don order from this app...i have received a stinking order 2 times and both the time after receiving the order they dont receive the call..special mad momos.,foodpanda_reviews.csv,1,negative,negative,-0.38296588977525237
"very good service, but should add option to order food manually from the restaurants that are not listed in the app but are in the area.",foodpanda_reviews.csv,5,neutral,neutral,-0.11509880612256707
Very helpful easy to place order Thank you Satisfactory,foodpanda_reviews.csv,5,positive,positive,2.768575023211441
Good to eat good food,foodpanda_reviews.csv,4,positive,positive,3.716808453464158
Simple and friendly app,foodpanda_reviews.csv,4,positive,positive,1.3472267441370376
My transaction cant go through when i use my card...now when i wanna pay it it always said unsuccessful...it so frustrating for me,grab_reviews.csv,1,negative,negative,0.8208539508471335
verry good app and thanks for making easy for transportation..💓💓,grab_reviews.csv,5,positive,positive,2.093933583257214
Reevaluate your food panda riders and monitor their activity. I don't even wanna give tips anymore.,foodpanda_reviews.csv,2,neutral,neutral,-0.15691021586410114
"I can't login now as there is ""3 handlers found""",foodpanda_reviews.csv,1,neutral,neutral,0.7797161338411287
Best app for online food order. Love it.😁😁😁,foodpanda_reviews.csv,5,positive,positive,2.231151578149775
needs improvement navigation menu,foodpanda_reviews.csv,5,neutral,neutral,0.7405295802084533
"will have to load almost 5mins regardless If the connection is good or bad. app is disappointing and not that reliable. service-wise, it's great.",grab_reviews.csv,1,positive,negative,1.1707742815910387
"Terrible setup stability. Always sends the activation code so slow that exceeds my given time, and when I do enter it in time, it's always rejected as incorrect. ???",grab_reviews.csv,1,negative,negative,1.382559028267913
Very poor service i don't recommend.,foodpanda_reviews.csv,1,negative,negative,2.4609285703959034
Just awesome 👏 👌,foodpanda_reviews.csv,5,positive,positive,2.177873093086691
it's so happy...... Make we 😁,grab_reviews.csv,5,positive,positive,1.579905594885658
Always they delivervexpiry and local food,foodpanda_reviews.csv,1,neutral,neutral,0.964647201419578
Convinient food delivery...,foodpanda_reviews.csv,5,neutral,neutral,0.9976943716663544
Giá quá mắc,grab_reviews.csv,1,neutral,neutral,1.5230189933930913
service is good but dc same or km honi chye,foodpanda_reviews.csv,3,neutral,neutral,1.2948649800550769
Remember never ever pay your food by credit card before your food arrive. Becouse som of driver won't bring your food to you. Happen to me twice and the company can't do anything but blame on customer for not pick up the phone ; how in the hell can i pick up the phone if the driver not call me. Useless help center,foodpanda_reviews.csv,2,negative,negative,0.671307920059478
Very useful to buy for any food you like,foodpanda_reviews.csv,5,positive,positive,1.5087280778340155
Late delivery around 1 hr. You can cancel the order but not refund,foodpanda_reviews.csv,1,neutral,neutral,1.0207121879710703
Nak log in masuk kemain susah!!!,grab_reviews.csv,1,neutral,neutral,1.1326824514214153
Sangat praktis,grab_reviews.csv,5,neutral,neutral,1.133032730633128
"The fact that you can get a ride online is great. However, compared to Uber, the App is bad.",grab_reviews.csv,3,negative,negative,0.984203138890535
"I would like to see more details on the menu, like the quantity and no of people it will serve etc.,",foodpanda_reviews.csv,4,positive,positive,0.46424730443594187
"Not bad,but the delivery riders should be filtered to avoid people with bad manners and behaviours.",foodpanda_reviews.csv,3,negative,negative,0.905842680989088
Excellent service and a very quick response,foodpanda_reviews.csv,5,positive,positive,1.5794674131642974
Aplikasi dgn fungsi peta yang buruk. Sangat sulit menetapkan lokasi,grab_reviews.csv,1,neutral,neutral,1.0264038163048976
No quick chat services to talk with cs ☹️,foodpanda_reviews.csv,3,negative,negative,-0.028530862054309436
That's an amazing app,foodpanda_reviews.csv,5,positive,positive,1.3536847284427014
No customer support no number to call Horrible experience I'll give Zero if I could Never use again,foodpanda_reviews.csv,1,negative,negative,1.4344696046319365
"Late refunding, poor management of the system",foodpanda_reviews.csv,1,negative,negative,1.0885546168092697
"The fares is increase in grab, but this is okay. However the only thing the is unsatisfying is the location and navigation is not like last time it bcoz after updated? Last time the location can be exact but now is worst and some place name is missing!?!!",grab_reviews.csv,1,negative,negative,1.4193791261212527
It is a helpful app. Mainly everything is available here and it saves much time than doing grocery from other shops. Thankyou,foodpanda_reviews.csv,4,positive,positive,1.1009460380005482
It's a good app but their services sucks at late night.,foodpanda_reviews.csv,3,negative,negative,0.39362027353693807
Superb transportation services in Malaysia,grab_reviews.csv,5,positive,positive,0.7417876586048775
totally bad experience,foodpanda_reviews.csv,5,negative,negative,3.180856582043781
old one was better than it,grab_reviews.csv,4,positive,positive,1.7143664662367823
a lot of choices and easy to order,foodpanda_reviews.csv,5,positive,positive,1.4461694253261308
Nice and trustfull,grab_reviews.csv,5,positive,positive,1.987969346309083
Very good Dalivery And very good app,foodpanda_reviews.csv,5,positive,positive,3.209041464768096
Worst app ever. Deliver always late. All food is more then real price. In app there some offer show but that do not work the same.,foodpanda_reviews.csv,2,neutral,negative,-0.19198408439786951
team uninstall grab,grab_reviews.csv,1,neutral,neutral,1.1284184947814322
Differs the price very stupid,foodpanda_reviews.csv,3,negative,negative,2.2311958656992825
It's good but the thing is some restaurants are selling cheap food but app is showing their rating 4+,foodpanda_reviews.csv,4,neutral,neutral,0.23033545748212503
The worst part of this app is it only delivers from the nearest restaurants.If there is no option to order from the far restaurants/eateries then there is no use of this app. Try to work on it.((:,foodpanda_reviews.csv,1,negative,negative,0.9686266040835716
Superb restaurants and awesome discount,foodpanda_reviews.csv,5,positive,positive,2.084295767800268
"Poor app, bad filtering and search option. Those who have used Zomato, will find this app annoying.",foodpanda_reviews.csv,1,negative,negative,2.8243000071771633
"""use current location"" option is not working.",foodpanda_reviews.csv,1,negative,neutral,-0.177438603929851
Exception al,foodpanda_reviews.csv,5,neutral,neutral,0.8483521180307483
Owesome add,foodpanda_reviews.csv,5,neutral,positive,0.003305926695030159
Alamatnya ga lengkap. Kasian drivernya susah cari alamat saya. Kadang penempaan pin di hp saya beda sama drivernya. Mohon diperbaiki.,grab_reviews.csv,3,neutral,neutral,1.3080524598589591
Good and prompt service. 👍,foodpanda_reviews.csv,5,positive,positive,2.6202997953744447
Panda 🐼 is awesome I'M loving it,foodpanda_reviews.csv,5,positive,positive,1.79187648298467
Ramah ramah driver nya,grab_reviews.csv,5,neutral,neutral,1.337073825936971
Bad customer svc,foodpanda_reviews.csv,1,negative,negative,1.8152675422751305
The service is getting worst. No resolution provided when seeking help with chat representative. I am about to hate this app,foodpanda_reviews.csv,1,negative,negative,1.7791027343998436
Always here when I needed food.,foodpanda_reviews.csv,5,neutral,neutral,0.6758532101096739
Good mamam,foodpanda_reviews.csv,5,positive,positive,5.63540669411683
"Stupid, I hate grab I hate foodpanda",grab_reviews.csv,1,negative,negative,4.742200657958211
Such a worst payment gateway. Too slow.,foodpanda_reviews.csv,2,negative,negative,1.6365991434975165
kemudahan senang,foodpanda_reviews.csv,4,neutral,neutral,1.1024206709799234
received items missing and foodpanda cant help,foodpanda_reviews.csv,1,negative,negative,0.5882442431291786
It's easy to use this app & also easy to find the location a lot easier than the competitor. In the future it will be nice if grab can give discount or cheaper rate. Can't wait for another grab promo ;),grab_reviews.csv,5,positive,positive,1.738827173853222
"Love it, more cash discounts pls.",grab_reviews.csv,5,positive,positive,2.236370411982624
thanks for all the services 😊,grab_reviews.csv,5,positive,positive,1.6640187311781933
App needs drastic improvement. Keeps on crashing,grab_reviews.csv,2,neutral,neutral,0.7138006904862411
Great discounts but it should add some good restaurants,foodpanda_reviews.csv,4,positive,positive,0.7789058535163946
"I got a problem, i want to become a pandapro user but when i try to subscribe it just loading non stop. Can you please fix it and tell me when u done",foodpanda_reviews.csv,3,neutral,neutral,0.3168440980652152
"Akhir januari 2022, tiba2 Map-nya ngaco, nomor rumah saya bergeser sekitar 5 rumah. Padahal sebelum2nya benar. Mohon diperbaiki",grab_reviews.csv,3,neutral,neutral,1.2008771702070284
Poor managment,foodpanda_reviews.csv,1,negative,negative,2.9702969257517897
"Thank you food panda! Keep up the good work, hoping that you'll hire more good customer service and nice riders.",foodpanda_reviews.csv,5,positive,positive,3.37523647626488
Terrible app when payment is done using NFC. Google pay works perfectly fine on my phone but whenever I switch my NFC payment to Grab then the response time is slow and payment often fails. This is especially inconvenient if I use it as transport card!! Grab needs to fix this issue.,grab_reviews.csv,1,negative,negative,0.09819996118920926
it is a great app for lazy people🎈🎇🏀😑😑😑😑😑😑,foodpanda_reviews.csv,4,positive,neutral,-0.4908345246626986
loved using grab,grab_reviews.csv,5,positive,positive,0.9736773578828244
"Good,fast deliver",foodpanda_reviews.csv,3,positive,positive,3.386813721216118
Awesome😻,foodpanda_reviews.csv,4,positive,positive,1.5191506259210257
Pathetic service they delayed the order 4 times and after cancellation they are not returning my money ... Dont use this rubbish service,foodpanda_reviews.csv,1,negative,negative,1.0833687395069282
Many free delivery offers and definately more affordable than Grabfood currently.,foodpanda_reviews.csv,5,positive,positive,1.9876282584350518
Safe to ride on,grab_reviews.csv,5,positive,positive,1.2250430296892454
It have charged now before no charged and free i hope it back again free delivery,foodpanda_reviews.csv,1,positive,positive,0.9165680584213145
The service is the worst I've ever experienced.,foodpanda_reviews.csv,1,negative,negative,1.2826532508464492
Outstanding😊,grab_reviews.csv,5,positive,positive,1.355717795342022
Very effective especially in hall life!,foodpanda_reviews.csv,5,positive,positive,1.0825628700351235
Favourite app for e hailing,grab_reviews.csv,5,neutral,neutral,1.097794887422315
really nice :),foodpanda_reviews.csv,5,positive,positive,1.8824452082470329
"Worst ever i used, after updated, the apps totally unable to function",grab_reviews.csv,1,negative,negative,2.00780019845888
good service and detailed tracking given,foodpanda_reviews.csv,5,positive,positive,1.0856979410710974
"The search function doesn't seem to be so user-friendly. When you type in a specific query, you still have to scroll through the results.",foodpanda_reviews.csv,4,positive,positive,0.021371964259841558
tq grab untuk hari suara,grab_reviews.csv,5,neutral,neutral,0.8470068170508075
this app is worst,foodpanda_reviews.csv,1,negative,negative,2.8355502599968294
Semoga grab mulai ngebuka usaha mitra grab driver dipermudah... tanpa harus kengurus dokumen yang terlalu memberatkan seperti skck... beda kaya sebelah,grab_reviews.csv,4,neutral,neutral,0.8200447026535981
Love the UI that based on UBER. I would give 5 stars if the fare would be much cheaper,grab_reviews.csv,4,positive,positive,1.158538533731461
iLovefoodpanda😍,foodpanda_reviews.csv,5,positive,positive,3.2041819966144818
Best choice now,grab_reviews.csv,5,positive,positive,2.1001220595709373
I cannot enter the account,grab_reviews.csv,3,neutral,neutral,0.9330127161973737
"Driver always cancel booking after accept. Dont tell me its due to accidentally click, come on, if dont want to drive then dont click! This is really wasting time and troublesome! What penalties will those driver get? Nothing. What customer get is frustrating, time wasted!",grab_reviews.csv,1,negative,negative,1.7291994705046108
"Very disappointed for the service. due to i order the food has missing order, first time provide the voucher ($5), second time provide the voucher again. I hope they can rearrange the delivery, they just want to settle by voucher! They dont have any improvement! It's time to think about uninstall the app.",foodpanda_reviews.csv,1,negative,negative,0.7503778251545659
loving food,foodpanda_reviews.csv,5,positive,positive,0.964336922543642
It has taken more than 90 minutes and order has yet not come..I am still waiting and nothing has arrived yet. Simply worst they are investigating for more than 20 minutes..it is nothing but harassment.. Their customer care agent Micheal promised me a full refund and not yet done no update....jus too pathetic. Dont use this service ever...u will regret,foodpanda_reviews.csv,1,negative,negative,0.8129259077256905
Bht achi app ha lekin last month sy in k sb register restaurant froud kr ry hyn koi sahi order ni bhejty same chez direct ja kr li jye to zyada achi milti ha direct restaurant sy e order kr ly bnda delivery charges b ni deny prty yaha sy mngwa k kia faida ha i am regular customer but very disappointed 😞,foodpanda_reviews.csv,1,negative,negative,1.7256380941192728
I'm changing to another option,grab_reviews.csv,1,neutral,neutral,0.9684734507928939
Very bad food.. pizza 8 inches or bhjty 2 inches ka b nh.... ajebbb,foodpanda_reviews.csv,1,negative,negative,0.9997945473013763
"For some reason, delivery option isn't working. It says unavailable in selected location but I haven't entered my loc yet. 😒",grab_reviews.csv,1,neutral,negative,0.1325967917926929
"Ht9tsiyshid Jfgiddhodsc Hgvogdbkg3 to be 7 282 to be the first 18, I have to do with it is a good time to time, and I will be in the next couple more about it is the first one of our own way to go on the way to get the 5, I have to do with it is a. , , , , , , , , and the family, friends or family member or not, I.",foodpanda_reviews.csv,1,positive,positive,0.8930255062066419
My city is not there,foodpanda_reviews.csv,1,neutral,neutral,0.8058188698543819
This is very useful Love it and the food,foodpanda_reviews.csv,5,positive,positive,3.163584636269544
